==========================object===========================
----------------- SASCable_sen_Listen_1         -----------
ref count      : 1
----------------- PowerSupplyGetFailMntr-5      -----------
ref count      : 1
.State          : listened by port : 294920, 
----------------- Mem000ECCMntr                 -----------
ref count      : 1
.State          : listened by port : 294920, 
----------------- ComCPU2Memory                 -----------
ref count      : 1
.Health         : listened by port : 294920, 
----------------- 50MClockMonitor               -----------
ref count      : 1
.MonSenValue    : listened by port : 294920, 
----------------- LdDegradedPlcy                -----------
ref count      : 1
----------------- ComMemory130                  -----------
ref count      : 1
.Health         : listened by port : 294920, 
----------------- led_dimm050_mntr              -----------
ref count      : 1
----------------- Riser3CardRemovedMntr         -----------
ref count      : 1
.State          : send event count: 1 : recv event count: 1 : listened by port : 294920, 
----------------- cpu1mem345_volt_monitor       -----------
ref count      : 1
.VoltValue      : listened by port : 294920, 
.MonSenValue    : send event count: 2
----------------- PowerSupplyGetFailMntr-6      -----------
ref count      : 1
.State          : listened by port : 294920, 
----------------- PCHVIOFailInfo                -----------
ref count      : 1
----------------- LM75A_TE-901                  -----------
ref count      : 1
----------------- FabricPowerOnReqInfo          -----------
ref count      : 1
----------------- SelFilter_12_07               -----------
ref count      : 1
----------------- Hdd0RebuildStartMntr-2        -----------
ref count      : 1
.State          : send event count: 3 : recv event count: 3 : listened by port : 294920, 
.SavedReading   : send event count: 2
.Time           : send event count: 1
----------------- ComMemory131                  -----------
ref count      : 1
.Health         : listened by port : 294920, 
----------------- M2Disk2ReplaceMntr            -----------
ref count      : 1
.State          : listened by port : 294920, 
----------------- ComPort2-3                    -----------
ref count      : 1
.Health         : listened by port : 294920, 
----------------- 1V2_H1_PwrCirAbnormal         -----------
ref count      : 1
----------------- OutletTempFailExpr            -----------
ref count      : 1
.Value          : listened by port : 294920, 
----------------- dbd_contbin_H10L10            -----------
ref count      : 1
----------------- cpu1_vsa_volt_accessor        -----------
ref count      : 1
----------------- led_Mem171ConfigErrMntr       -----------
ref count      : 1
----------------- EntityDimm020                 -----------
ref count      : 1
.PowerState     : send event count: 1
.EnableState    : send event count: 2
.Health         : listened by port : 294920, 
----------------- CpuVDDQ_CDGetFailedInfo       -----------
ref count      : 1
----------------- NoPXEMntr                     -----------
ref count      : 1
.State          : listened by port : 294920, 
----------------- RackCableConnectedPlcy        -----------
ref count      : 1
----------------- led_Hdd11RemovedMntr-2        -----------
ref count      : 1
----------------- WatDetCabAbsentPlcy           -----------
ref count      : 1
----------------- Mem100ECCMntr                 -----------
ref count      : 1
.State          : listened by port : 294920, 
----------------- LM75A_TE-902                  -----------
ref count      : 1
----------------- ComPort2-4                    -----------
ref count      : 1
.Health         : listened by port : 294920, 
----------------- EntityDimm021                 -----------
ref count      : 1
.PowerState     : send event count: 1
.EnableState    : send event count: 2
.Health         : listened by port : 294920, 
----------------- LomCardPFAEMntr-3             -----------
ref count      : 1
.State          : listened by port : 294920, 
----------------- HddInner0-2                   -----------
ref count      : 1
.RebuildState   : listened by port : 294920, 
.Presence       : listened by port : 294920, 
.Id             : listened by port : 229382, 491534, 
.ReplaceFlag    : listened by port : 294920, 
----------------- OAMErrAlarmInfo               -----------
ref count      : 1
----------------- CpuProchotInfo                -----------
ref count      : 1
----------------- Dimm001Listen_0               -----------
ref count      : 1
----------------- LomCardPFAEMntr-4             -----------
ref count      : 1
.State          : listened by port : 294920, 
----------------- OutletTemp_category_accessor  -----------
ref count      : 1
----------------- Stdby1_05VGetFailPlcy         -----------
ref count      : 1
----------------- NormalAndRedundancyInfo       -----------
ref count      : 1
----------------- Hdd1PredicFailMntr-2          -----------
ref count      : 1
.State          : listened by port : 294920, 
----------------- PwrOnTimeOut                  -----------
ref count      : 1
.TypeLengthCode : send event count: 1
.Health         : listened by port : 688148, 294920, 
.ReadingStatus  : send event count: 1
.AssertStatus   : send event count: 1
.Number         : send event count: 1
----------------- Dimm001Listen_1               -----------
ref count      : 1
----------------- RiserCardVoltPlcy             -----------
ref count      : 1
----------------- HddIn1PredFailMntr-2          -----------
ref count      : 1
.State          : listened by port : 294920, 
----------------- led_Cpu2MemCfgErrorMntr       -----------
ref count      : 1
----------------- LcdInstalledInfo              -----------
ref count      : 1
----------------- pwr_issue_08_exp              -----------
ref count      : 1
.Value          : listened by port : 294920, 
----------------- CpuVsaHighInfo                -----------
ref count      : 1
----------------- NandFlash                     -----------
ref count      : 1
----------------- Dimm011Listen_0               -----------
ref count      : 1
----------------- led_Hdd2FailAryMntr-2         -----------
ref count      : 1
----------------- PSRedundancy_Listen_1         -----------
ref count      : 1
----------------- i2c_1                         -----------
ref count      : 1
----------------- LomCardTempFailExpr-3         -----------
ref count      : 1
.Value          : listened by port : 294920, 
----------------- led_Hdd6FailAryMntr-2         -----------
ref count      : 1
----------------- BMAHeartBeatPlcy              -----------
ref count      : 1
----------------- HddPredicFailInfo             -----------
ref count      : 1
----------------- Dimm011Listen_1               -----------
ref count      : 1
----------------- BootError_Listen_0            -----------
ref count      : 1
----------------- HddBkpReplaceInfo             -----------
ref count      : 1
----------------- led_Mem120InstalledMntr       -----------
ref count      : 1
----------------- GpuBoardPlugPlcy              -----------
ref count      : 1
----------------- TimeHoppingInfo               -----------
ref count      : 1
----------------- BaseLSWFaultInfo              -----------
ref count      : 1
----------------- Cpu1DdrVddq1FailMntr          -----------
ref count      : 1
.State          : listened by port : 294920, 
----------------- PSTempMntr-5                  -----------
ref count      : 1
.State          : listened by port : 294920, 
----------------- Dimm041Listen_1               -----------
ref count      : 1
----------------- Hdd10InsertMntr-2             -----------
ref count      : 1
.State          : send event count: 4 : recv event count: 4 : listened by port : 294920, 
.SavedReading   : send event count: 1
.Time           : send event count: 2
----------------- Mem111RemovedMntr             -----------
ref count      : 1
.State          : send event count: 1 : recv event count: 1 : listened by port : 294920, 
----------------- BootError_Listen_1            -----------
ref count      : 1
----------------- Dimm021Listen_0               -----------
ref count      : 1
----------------- CpuPMemTempFailInfo           -----------
ref count      : 1
----------------- MezzSys1_0VHighInfo           -----------
ref count      : 1
----------------- PSTempMntr-6                  -----------
ref count      : 1
.State          : listened by port : 294920, 
----------------- Port2BWUsageMntr-3            -----------
ref count      : 1
.State          : listened by port : 294920, 
----------------- Dimm041Listen_0               -----------
ref count      : 1
----------------- led_Mem100RemovedMntr         -----------
ref count      : 1
----------------- Dimm001Listen_5               -----------
ref count      : 1
----------------- MeshCardMeshPortLinkDownInfo  -----------
ref count      : 1
----------------- RecovErrorPlcy                -----------
ref count      : 1
----------------- BootError_Listen_2            -----------
ref count      : 1
----------------- Mem021InitErrorLogMntr        -----------
ref count      : 1
.State          : listened by port : 294920, 
----------------- Dimm021Listen_1               -----------
ref count      : 1
----------------- DiskIn2LocatErrMntr-2         -----------
ref count      : 1
.State          : listened by port : 294920, 
----------------- Dimm051Listen_0               -----------
ref count      : 1
----------------- Port2BWUsageMntr-4            -----------
ref count      : 1
.State          : listened by port : 294920, 
----------------- EXStdby3_3VPlcy               -----------
ref count      : 1
----------------- MemInitErrorMajorInfo         -----------
ref count      : 1
----------------- HddBpClkPlcy                  -----------
ref count      : 1
----------------- MezzTempPlcy                  -----------
ref count      : 1
----------------- Mem150UncorrectMntr           -----------
ref count      : 1
.State          : listened by port : 294920, 
----------------- BootError_Listen_3            -----------
ref count      : 1
----------------- Sys1_8VGetFailPlcy            -----------
ref count      : 1
----------------- DiskPwrGdInfo                 -----------
ref count      : 1
----------------- Dimm031Listen_0               -----------
ref count      : 1
----------------- CpuBrdMixInfo                 -----------
ref count      : 1
----------------- led_dimm120                   -----------
ref count      : 1
----------------- Cpu2MemTemp_category          -----------
ref count      : 1
----------------- Dimm001Listen_6               -----------
ref count      : 1
----------------- Dimm001Listen_7               -----------
ref count      : 1
----------------- led_dimm121                   -----------
ref count      : 1
----------------- Dimm011Listen_5               -----------
ref count      : 1
----------------- Dimm061Listen_0               -----------
ref count      : 1
----------------- Dimm110                       -----------
ref count      : 1
.TypeLengthCode : send event count: 1
.Health         : listened by port : 688148, 294920, 
.ReadingStatus  : send event count: 1
.AssertStatus   : send event count: 2
.Number         : send event count: 1
----------------- Hdd3InsertMntr-2              -----------
ref count      : 1
.State          : send event count: 1 : recv event count: 1 : listened by port : 294920, 
----------------- Dimm031Listen_1               -----------
ref count      : 1
----------------- ComHddInner1-2                -----------
ref count      : 1
.Health         : listened by port : 294920, 
----------------- BasePlanePowerOningInfo       -----------
ref count      : 1
----------------- 0V85_2_PwrCirAbnormal         -----------
ref count      : 1
----------------- Dimm041Listen_5               -----------
ref count      : 1
----------------- 0V9_1_PwrCirAbnormal          -----------
ref count      : 1
----------------- Mem000RemovedMntr             -----------
ref count      : 1
.State          : send event count: 1 : recv event count: 1 : listened by port : 294920, 
----------------- Dimm011Listen_6               -----------
ref count      : 1
----------------- Dimm061Listen_1               -----------
ref count      : 1
----------------- lm75_temp-8                   -----------
ref count      : 1
----------------- i2c_7                         -----------
ref count      : 1
----------------- Dimm111                       -----------
ref count      : 1
.TypeLengthCode : send event count: 1
.Health         : listened by port : 688148, 294920, 
.ReadingStatus  : send event count: 1
.AssertStatus   : send event count: 1
.Number         : send event count: 1
----------------- Dimm051Listen_1               -----------
ref count      : 1
----------------- i2c_4                         -----------
ref count      : 1
----------------- Mem010InitErrorLogMntr        -----------
ref count      : 1
.State          : listened by port : 294920, 
----------------- Dimm041Listen_6               -----------
ref count      : 1
----------------- SelFilter_07_6f               -----------
ref count      : 1
----------------- RightEarMntr                  -----------
ref count      : 1
.State          : listened by port : 294920, 
----------------- Dimm011Listen_7               -----------
ref count      : 1
----------------- lm75_temp-9                   -----------
ref count      : 1
----------------- Dimm021Listen_5               -----------
ref count      : 1
----------------- led_Mem111InstalledMntr       -----------
ref count      : 1
----------------- Dimm071Listen_0               -----------
ref count      : 1
----------------- RTCBatteryPlcy                -----------
ref count      : 1
----------------- BladePresencePlcy             -----------
ref count      : 1
----------------- lm75_lomcard_temp_dt-3        -----------
ref count      : 1
----------------- Dimm041Listen_7               -----------
ref count      : 1
----------------- i2c_6                         -----------
ref count      : 1
----------------- NTPSynchronizeTimeFailMntr    -----------
ref count      : 1
.State          : listened by port : 294920, 
----------------- RetimerUpfailPlcy             -----------
ref count      : 1
----------------- Memory051ReplaceMntr          -----------
ref count      : 1
.State          : listened by port : 294920, 
----------------- Dimm021Listen_6               -----------
ref count      : 1
----------------- Dimm071Listen_1               -----------
ref count      : 1
----------------- AlertFilter:C                 -----------
ref count      : 1
----------------- MemPresencePlcy               -----------
ref count      : 1
----------------- Disk10Listen_2-2              -----------
ref count      : 1
----------------- lm75_lomcard_temp_dt-4        -----------
ref count      : 1
----------------- CpuVddfixGetFailedInfo        -----------
ref count      : 1
----------------- Dimm051Listen_5               -----------
ref count      : 1
----------------- Dimm051Listen_6               -----------
ref count      : 1
----------------- MosMajorFaultPlcy             -----------
ref count      : 1
----------------- BaseLSWHighInfo               -----------
ref count      : 1
----------------- led_Mem140ConfigErrMntr       -----------
ref count      : 1
----------------- led_STY1V8_status             -----------
ref count      : 1
----------------- Dimm031Listen_5               -----------
ref count      : 1
----------------- Hdd11FlashMntr-2              -----------
ref count      : 1
.State          : listened by port : 294920, 
----------------- MosVoltDropMaintenanceInfo    -----------
ref count      : 1
----------------- Hdd5MdWroutLowMntr-2          -----------
ref count      : 1
.State          : listened by port : 294920, 
----------------- GpuCarrBrdHddVoltPlcy         -----------
ref count      : 1
----------------- PcieEEPROMFaultInfo           -----------
ref count      : 1
----------------- led_Mem131ConfigErrMntr       -----------
ref count      : 1
----------------- MainBrdTrainErrorInfo         -----------
ref count      : 1
----------------- Cpu1ThermTripMntr             -----------
ref count      : 1
.State          : listened by port : 294920, 
----------------- Dimm061Listen_5               -----------
ref count      : 1
----------------- led_Mem071UncorrectMntr       -----------
ref count      : 1
----------------- CpuFailIsoInfo                -----------
ref count      : 1
----------------- Dimm031Listen_6               -----------
ref count      : 1
----------------- Mem141UncorrectMntr           -----------
ref count      : 1
.State          : listened by port : 294920, 
----------------- PSUInletTempCrtInfo           -----------
ref count      : 1
----------------- cpu2mem01_volt_test           -----------
ref count      : 1
----------------- SDCardRemovedInfo             -----------
ref count      : 1
----------------- HddIn0RbdEndMntr-2            -----------
ref count      : 1
.State          : listened by port : 294920, 
----------------- PcieBBURemoveInfo             -----------
ref count      : 1
----------------- Dimm061Listen_6               -----------
ref count      : 1
----------------- RaidBoardIDFailInfo           -----------
ref count      : 1
----------------- Dimm051Listen_7               -----------
ref count      : 1
----------------- Dimm031Listen_7               -----------
ref count      : 1
----------------- Pcb_Cpld_Ve_exp               -----------
ref count      : 1
.Value          : send event count: 1 : recv event count: 1 : listened by port : 294920, 
----------------- DiskInner1Listen_7-2          -----------
ref count      : 1
----------------- RaidCardTempMntr-1            -----------
ref count      : 1
.State          : listened by port : 294920, 
----------------- Disk1-2                       -----------
ref count      : 1
.TypeLengthCode : send event count: 1
.Health         : send event count: 4 : recv event count: 4 : listened by port : 688148, 294920, 
.ReadingStatus  : send event count: 1
.AssertStatus   : send event count: 18
.Number         : send event count: 1
----------------- led_Cpu2ThermTripMntr         -----------
ref count      : 1
----------------- IOBoardReplaceInfo            -----------
ref count      : 1
----------------- Cpu1VRDTempFailDebounce       -----------
ref count      : 1
.MonSenValue    : listened by port : 294920, 
----------------- Dimm061Listen_7               -----------
ref count      : 1
----------------- CpuUncorrectPlcy              -----------
ref count      : 1
----------------- Dimm071Listen_5               -----------
ref count      : 1
----------------- CpuVDDQ_ABGetFailedInfo       -----------
ref count      : 1
----------------- ExpanderVoltFailInfo          -----------
ref count      : 1
----------------- PSFailureMntr-5               -----------
ref count      : 1
.State          : listened by port : 294920, 
----------------- vcc_12v0_fail2Debounce        -----------
ref count      : 1
.MonSenValue    : listened by port : 294920, 
----------------- pg_pptv_exp-1                 -----------
ref count      : 1
.Value          : send event count: 1 : recv event count: 1 : listened by port : 294920, 
----------------- Memory040                     -----------
ref count      : 1
.FDMFault       : listened by port : 294920, 
.ReplaceFlag    : recv event count: 2 : listened by port : 294920, 
----------------- led_ComMemory011              -----------
ref count      : 1
----------------- Memory041                     -----------
ref count      : 1
.FDMFault       : listened by port : 294920, 
.ReplaceFlag    : listened by port : 294920, 
----------------- SysRestartByBmcMntr           -----------
ref count      : 1
.State          : listened by port : 294920, 
----------------- RS485Out12VLowInfo            -----------
ref count      : 1
----------------- Dimm071Listen_6               -----------
ref count      : 1
----------------- MezzSys1_5VHighInfo           -----------
ref count      : 1
----------------- PSFailureMntr-6               -----------
ref count      : 1
.State          : listened by port : 294920, 
----------------- Port0BWUsageHighMon-3         -----------
ref count      : 1
.MonSenValue    : listened by port : 294920, 
----------------- BasePlanePowerOffInfo         -----------
ref count      : 1
----------------- PCHPFAEPlcy                   -----------
ref count      : 1
----------------- User11                        -----------
ref count      : 1
.Privilege      : listened by port : 851993, 
.IsUserEnable   : listened by port : 851993, 
.SnmpPrivProtocol : listened by port : 589841, 
.PassWord       : listened by port : 851993, 
----------------- MezzSys1_8VHighInfo           -----------
ref count      : 1
----------------- SysTotalPowerFailPlcy         -----------
ref count      : 1
----------------- Dimm021Listen_7               -----------
ref count      : 1
----------------- Dimm071Listen_7               -----------
ref count      : 1
----------------- led_Disk6FailMntr-2           -----------
ref count      : 1
----------------- PcieSlotExp1-9                -----------
ref count      : 1
.Value          : send event count: 1 : recv event count: 1 : listened by port : 294920, 
----------------- Port0BWUsageHighMon-4         -----------
ref count      : 1
.MonSenValue    : listened by port : 294920, 
----------------- Disk9DevFault-2               -----------
ref count      : 1
.Value          : listened by port : 294920, 
----------------- led_ComMemory010              -----------
ref count      : 1
----------------- GpuBrdCpldStatusPlcy          -----------
ref count      : 1
----------------- User12                        -----------
ref count      : 1
.Privilege      : listened by port : 851993, 
.IsUserEnable   : listened by port : 851993, 
.SnmpPrivProtocol : listened by port : 589841, 
.PassWord       : listened by port : 851993, 
----------------- MemECCPlcy                    -----------
ref count      : 1
----------------- led_dimm100_mntr              -----------
ref count      : 1
----------------- Disk9Listen_7-2               -----------
ref count      : 1
----------------- GpuCarrBrdStdbyVoltGetFailPlcy-----------
ref count      : 1
----------------- BmcSerLogFullInfo             -----------
ref count      : 1
----------------- CpuCoreEvent_01_ToHmm         -----------
ref count      : 1
----------------- ClockLockLostInfo             -----------
ref count      : 1
----------------- M2TrnsCard2IdAcc-8            -----------
ref count      : 1
----------------- FpTest                        -----------
ref count      : 1
----------------- PsDev-5                       -----------
ref count      : 1
.Health         : listened by port : 294920, 
----------------- User13                        -----------
ref count      : 1
.Privilege      : listened by port : 851993, 
.IsUserEnable   : listened by port : 851993, 
.SnmpPrivProtocol : listened by port : 589841, 
.PassWord       : listened by port : 851993, 
----------------- led_Mem070RemovedMntr         -----------
ref count      : 1
----------------- LDAPCertDueStatus_exp3        -----------
ref count      : 1
.Value          : listened by port : 294920, 
----------------- Sys3_3VGetFailInfo            -----------
ref count      : 1
----------------- HddInner3Flash_exp-2          -----------
ref count      : 1
.Value          : listened by port : 294920, 
----------------- CardReplaceInfoPlcy           -----------
ref count      : 1
----------------- i2c_5                         -----------
ref count      : 1
----------------- Disk10StatErrMntr-2           -----------
ref count      : 1
.State          : listened by port : 294920, 
----------------- Hdd9-2                        -----------
ref count      : 1
.RebuildState   : listened by port : 294920, 
.Presence       : recv event count: 3 : listened by port : 294920, 
.Id             : listened by port : 229382, 491534, 
.ReplaceFlag    : listened by port : 294920, 
----------------- SysRestartCPUErrInfo          -----------
ref count      : 1
----------------- User10                        -----------
ref count      : 1
.Privilege      : listened by port : 851993, 
.IsUserEnable   : listened by port : 851993, 
.SnmpPrivProtocol : listened by port : 589841, 
.PassWord       : listened by port : 851993, 
----------------- LomCardTempFailExpr-4         -----------
ref count      : 1
.Value          : listened by port : 294920, 
----------------- Hdd10RemovedMntr-2            -----------
ref count      : 1
.State          : send event count: 4 : recv event count: 4 : listened by port : 294920, 
.Time           : send event count: 1
----------------- PcbVeCpldAccessor             -----------
ref count      : 1
----------------- LDAPCertDueStatus_exp2        -----------
ref count      : 1
.Value          : listened by port : 294920, 
----------------- BIOSMismatchMemFWInfo         -----------
ref count      : 1
----------------- led_Hdd9PredicFailMntr-2      -----------
ref count      : 1
----------------- dft_item_led_test-801         -----------
ref count      : 1
----------------- LDAPCertDueStatus_exp4        -----------
ref count      : 1
.Value          : listened by port : 294920, 
----------------- User14                        -----------
ref count      : 1
.Privilege      : listened by port : 851993, 
.IsUserEnable   : listened by port : 851993, 
.SnmpPrivProtocol : listened by port : 589841, 
.PassWord       : listened by port : 851993, 
----------------- Mem110UncorrectMntr           -----------
ref count      : 1
.State          : listened by port : 294920, 
----------------- User15                        -----------
ref count      : 1
.Privilege      : listened by port : 851993, 
.IsUserEnable   : listened by port : 851993, 
.SnmpPrivProtocol : listened by port : 589841, 
.PassWord       : listened by port : 851993, 
----------------- LDAPCertDueStatus_exp5        -----------
ref count      : 1
.Value          : listened by port : 294920, 
----------------- PsDev-6                       -----------
ref count      : 1
.Health         : listened by port : 294920, 
----------------- NetCardAERInfo                -----------
ref count      : 1
----------------- PcieSlotExp1-8                -----------
ref count      : 1
.Value          : send event count: 1 : recv event count: 1 : listened by port : 294920, 
----------------- EntityPowerSupply-5           -----------
ref count      : 1
.EntityName     : send event count: 1
.Health         : listened by port : 294920, 
----------------- IssueSignalMonitor            -----------
ref count      : 1
----------------- ExpExpPHYPlcy                 -----------
ref count      : 1
----------------- NICCardReplaceMntr-3          -----------
ref count      : 1
.State          : listened by port : 294920, 
----------------- LDAPCertDueStatus_exp1        -----------
ref count      : 1
.Value          : listened by port : 294920, 
----------------- SysRestartPwrBtnMntr          -----------
ref count      : 1
.State          : listened by port : 294920, 
----------------- User16                        -----------
ref count      : 1
.Privilege      : listened by port : 851993, 
.IsUserEnable   : listened by port : 851993, 
.SnmpPrivProtocol : listened by port : 589841, 
.PassWord       : listened by port : 851993, 
----------------- LDAPCertDueStatus_exp6        -----------
ref count      : 1
.Value          : listened by port : 294920, 
----------------- pwr_latch_issue_19_exp        -----------
ref count      : 1
.Value          : listened by port : 294920, 
----------------- dft_item_led_test-802         -----------
ref count      : 1
----------------- MbdMosDropPlcy                -----------
ref count      : 1
----------------- EntityPowerSupply-6           -----------
ref count      : 1
.Instance       : send event count: 1
.EntityName     : send event count: 1
.Health         : listened by port : 294920, 
----------------- Hdd0ReplaceMntr-2             -----------
ref count      : 1
.State          : send event count: 2 : recv event count: 2 : listened by port : 294920, 
.Time           : send event count: 1
----------------- pwr_latch_issue_08_exp        -----------
ref count      : 1
.Value          : listened by port : 294920, 
----------------- NICCardReplaceMntr-4          -----------
ref count      : 1
.State          : listened by port : 294920, 
----------------- SYSMemCfgErrorMntr            -----------
ref count      : 1
.State          : listened by port : 294920, 
----------------- User17                        -----------
ref count      : 1
.Privilege      : listened by port : 851993, 
.IsUserEnable   : listened by port : 851993, 
.SnmpPrivProtocol : listened by port : 589841, 
.PassWord       : listened by port : 851993, 
----------------- Cpu1Channel0FaultMntr         -----------
ref count      : 1
.State          : listened by port : 294920, 
----------------- BasePlanePowerOffReqInfo      -----------
ref count      : 1
----------------- Hdd4ReplaceMntr-2             -----------
ref count      : 1
.State          : listened by port : 294920, 
----------------- led_dimm170_mntr              -----------
ref count      : 1
----------------- PowerButton                   -----------
ref count      : 1
.TypeLengthCode : send event count: 1
.Health         : listened by port : 688148, 294920, 
.ReadingStatus  : send event count: 1
.AssertStatus   : send event count: 1
.Number         : send event count: 1
----------------- RightEar_present_mon1         -----------
ref count      : 1
.Value          : send event count: 1 : recv event count: 1 : listened by port : 294920, 
----------------- BusinessPort:C                -----------
ref count      : 1
----------------- MARootCrlOverDueMntr_10       -----------
ref count      : 1
.State          : listened by port : 294920, 
----------------- InnerHddId1Accessor           -----------
ref count      : 1
----------------- Hdd8ReplaceMntr-2             -----------
ref count      : 1
.State          : send event count: 2 : recv event count: 2 : listened by port : 294920, 
.Time           : send event count: 1
----------------- Disk8Listen_1_Exp1-2          -----------
ref count      : 1
.Value          : listened by port : 294920, 
----------------- MARootCrlOverDueMntr_11       -----------
ref count      : 1
.State          : listened by port : 294920, 
----------------- cpu1mem345_volt_exp           -----------
ref count      : 1
.Value          : send event count: 2871070 : recv event count: 2871069 : listened by port : 294920, 
.X              : send event count: 2871070
----------------- cpu2_offset                   -----------
ref count      : 1
.Value          : send event count: 1 : recv event count: 1 : listened by port : 294920, 
----------------- MainBoard                     -----------
ref count      : 1
.Health         : listened by port : 294920, 
----------------- led_RaidCardStatus-1          -----------
ref count      : 1
----------------- Power_category_exp-5          -----------
ref count      : 1
.Value          : send event count: 1 : recv event count: 1 : listened by port : 294920, 
----------------- led_Hdd4RebuildEndMntr-2      -----------
ref count      : 1
----------------- Cpu2Prochot                   -----------
ref count      : 1
.TypeLengthCode : send event count: 1
.Health         : listened by port : 688148, 294920, 
.ReadingStatus  : send event count: 1
.AssertStatus   : send event count: 1
.Number         : send event count: 1
----------------- M2Disk2WearoutExp             -----------
ref count      : 1
.Value          : send event count: 1 : recv event count: 1 : listened by port : 294920, 
----------------- Hi1710                        -----------
ref count      : 1
----------------- Lom1Port3LinkAccessor-3       -----------
ref count      : 1
----------------- Cpu1Channel1FaultMntr         -----------
ref count      : 1
.State          : listened by port : 294920, 
----------------- OutletTempMntrExpr-902        -----------
ref count      : 1
.Value          : send event count: 88093 : recv event count: 88093 : listened by port : 294920, 
----------------- UnitSNDupplicatedInfo         -----------
ref count      : 1
----------------- 12V0_2PwrCirAbl_Exp           -----------
ref count      : 1
.Value          : listened by port : 294920, 
----------------- MARootCrlOverDueMntr_12       -----------
ref count      : 1
.State          : listened by port : 294920, 
----------------- Power_category_exp-6          -----------
ref count      : 1
.Value          : send event count: 1 : recv event count: 1 : listened by port : 294920, 
----------------- Mem150InitErrorCond           -----------
ref count      : 1
----------------- lm75_inlet_temp_dev_test      -----------
ref count      : 1
----------------- led_Mem100ConfigErrMntr       -----------
ref count      : 1
----------------- HddIn2MdWroutLowMntr-2        -----------
ref count      : 1
.State          : listened by port : 294920, 
----------------- Lom1Port3LinkAccessor-4       -----------
ref count      : 1
----------------- Mem071MRCFatelErrMntr         -----------
ref count      : 1
.State          : listened by port : 294920, 
----------------- BoardMismatchInfo             -----------
ref count      : 1
----------------- MARootCrlOverDueMntr_13       -----------
ref count      : 1
.State          : listened by port : 294920, 
----------------- led_Mem040UncorrectMntr       -----------
ref count      : 1
----------------- reset_pca9545_Exp-e           -----------
ref count      : 1
.Value          : listened by port : 294920, 
----------------- PICCard1V2HighInfo            -----------
ref count      : 1
----------------- CpuQpiLinkPlcy                -----------
ref count      : 1
----------------- MARootCrlOverDueMntr_14       -----------
ref count      : 1
.State          : listened by port : 294920, 
----------------- led_Mem031UncorrectMntr       -----------
ref count      : 1
----------------- BBUInDischargingStateInfo     -----------
ref count      : 1
----------------- Riser3BoardIdFailMntr         -----------
ref count      : 1
.State          : listened by port : 294920, 
----------------- Cpu1Channel2FaultMntr         -----------
ref count      : 1
.State          : listened by port : 294920, 
----------------- security_log_mon              -----------
ref count      : 1
.MonSenValue    : send event count: 24 : recv event count: 24 : listened by port : 294920, 
----------------- pg_p0v9_mss_debounce-1        -----------
ref count      : 1
.MonSenValue    : listened by port : 294920, 
.RegValue       : send event count: 7
----------------- Mem101UncorrectMntr           -----------
ref count      : 1
.State          : listened by port : 294920, 
----------------- led_ComRaidCard               -----------
ref count      : 1
----------------- Mem111InitErrorLogMntr        -----------
ref count      : 1
.State          : listened by port : 294920, 
----------------- PsIOut-5                      -----------
ref count      : 1
.SensorUnitStr  : send event count: 1
.ReaddingConvert : send event count: 16795207
.ReadingStatus  : send event count: 1
.SensorName     : send event count: 1
.Number         : send event count: 1
.Health         : listened by port : 688148, 294920, 
.InnerName      : send event count: 1
.TypeLengthCode : send event count: 1
----------------- HDDBackplane5VEventAccessor   -----------
ref count      : 1
----------------- Cpu1Channel5FaultMntr         -----------
ref count      : 1
.State          : listened by port : 294920, 
----------------- MARootCrlOverDueMntr_15       -----------
ref count      : 1
.State          : listened by port : 294920, 
----------------- DiskMissingInfo               -----------
ref count      : 1
----------------- adc_ch2_accessor              -----------
ref count      : 1
----------------- Hdd1FailedArrayMntr-2         -----------
ref count      : 1
.State          : send event count: 4 : recv event count: 4 : listened by port : 294920, 
.SavedReading   : send event count: 4
.Time           : send event count: 4
----------------- Mem060InstalledMntr           -----------
ref count      : 1
.State          : send event count: 1 : recv event count: 1 : listened by port : 294920, 
----------------- PsIOut-6                      -----------
ref count      : 1
.SensorUnitStr  : send event count: 1
.ReaddingConvert : send event count: 17091797
.ReadingStatus  : send event count: 1
.SensorName     : send event count: 1
.Number         : send event count: 1
.Health         : listened by port : 688148, 294920, 
.InnerName      : send event count: 1
.TypeLengthCode : send event count: 1
----------------- MARootCrlOverDueMntr_16       -----------
ref count      : 1
.State          : listened by port : 294920, 
----------------- RaidRebuildFailPlcy           -----------
ref count      : 1
----------------- BIO12VFailInfo                -----------
ref count      : 1
----------------- Riser3_present_mon            -----------
ref count      : 1
.MonSenValue    : send event count: 1 : recv event count: 1 : listened by port : 294920, 
.RegValue       : send event count: 1
----------------- adc_ch3_accessor              -----------
ref count      : 1
----------------- Cpu1Channel3FaultMntr         -----------
ref count      : 1
.State          : listened by port : 294920, 
----------------- Mem051InstalledMntr           -----------
ref count      : 1
.State          : send event count: 1 : recv event count: 1 : listened by port : 294920, 
----------------- Pch1_05VGetFailPlcy           -----------
ref count      : 1
----------------- RiserPcieCard:C               -----------
ref count      : 1
----------------- adc_ch6_accessor              -----------
ref count      : 1
----------------- ComMemory140                  -----------
ref count      : 1
.Health         : listened by port : 294920, 
----------------- Cpu1Channel6FaultMntr         -----------
ref count      : 1
.State          : listened by port : 294920, 
----------------- PCIeVoltageLowerInfo          -----------
ref count      : 1
----------------- SSLCert13CertMonitor          -----------
ref count      : 1
----------------- M2TrnsCard2IdAcc-9            -----------
ref count      : 1
----------------- 3V3_PwrCirAbnormal            -----------
ref count      : 1
----------------- PCIeGetPowerFailInfo          -----------
ref count      : 1
----------------- PcieMisMatchInfo              -----------
ref count      : 1
----------------- Memory150ReplaceMntr          -----------
ref count      : 1
.State          : listened by port : 294920, 
----------------- BBU:C                         -----------
ref count      : 1
----------------- ComMemory141                  -----------
ref count      : 1
.Health         : listened by port : 294920, 
----------------- HddBackCardConnect            -----------
ref count      : 1
----------------- Mem100InitErrorLogMntr        -----------
ref count      : 1
.State          : listened by port : 294920, 
----------------- PCIeAirFailMntr-801           -----------
ref count      : 1
.Mode           : send event count: 1
.Reading        : send event count: 1
.EventFRU       : send event count: 1
.SavedMode      : send event count: 1
.State          : send event count: 1 : recv event count: 1 : listened by port : 294920, 
.SubjectObj     : send event count: 1
.SavedReading   : send event count: 1
.DescriptionDynamic : send event count: 1
.ScannedCount   : send event count: 1
.PolicyObj      : send event count: 1
.SuggestionDynamic : send event count: 1
.SensorObj      : send event count: 1
.Threshold      : send event count: 1
.InformationObj : send event count: 1
.ReadingMask    : send event count: 1
.Operator       : send event count: 1
.Hysteresis     : send event count: 1
.AddInfo        : send event count: 1
.Time           : send event count: 1
----------------- LedTest                       -----------
ref count      : 1
----------------- adc_ch4_accessor              -----------
ref count      : 1
----------------- Disk5Listen_1-2               -----------
ref count      : 1
----------------- Cpu1Channel4FaultMntr         -----------
ref count      : 1
.State          : listened by port : 294920, 
----------------- OutletTempMntrExpr-901        -----------
ref count      : 1
.Value          : send event count: 87723 : recv event count: 87723 : listened by port : 294920, 
----------------- EntityDimm030                 -----------
ref count      : 1
.PowerState     : send event count: 1
.EnableState    : send event count: 2
.Health         : listened by port : 294920, 
----------------- Cpu1VddfixFailMntr            -----------
ref count      : 1
.State          : listened by port : 294920, 
----------------- TrapConfig:C                  -----------
ref count      : 1
----------------- led_Mem030ECCMntr             -----------
ref count      : 1
----------------- SMMVersionDiffInfo            -----------
ref count      : 1
----------------- Cpu1Channel7FaultMntr         -----------
ref count      : 1
.State          : listened by port : 294920, 
----------------- SmtpItemCfg:C                 -----------
ref count      : 1
----------------- PICOverTempMinorInfo          -----------
ref count      : 1
----------------- 12V_4_Volt_Error              -----------
ref count      : 1
.Value          : listened by port : 294920, 
----------------- SasCableMixExp                -----------
ref count      : 1
.Value          : listened by port : 294920, 
----------------- PCIeOverTempProtectionPlcy    -----------
ref count      : 1
----------------- EntityDimm031                 -----------
ref count      : 1
.PowerState     : send event count: 1
.EnableState    : send event count: 2
.Health         : listened by port : 294920, 
----------------- led_HddIn0PredFailMntr-2      -----------
ref count      : 1
----------------- No_SD_Event_1_ToHmm           -----------
ref count      : 1
----------------- MemReplacePlcy                -----------
ref count      : 1
----------------- Mem110ConfigErrorCond         -----------
ref count      : 1
----------------- cpu2vsa_volt_Fail             -----------
ref count      : 1
.Value          : listened by port : 294920, 
.Y              : send event count: 1
----------------- Mem141InitErrorCond           -----------
ref count      : 1
----------------- adc_ch5_accessor              -----------
ref count      : 1
----------------- InletTempMntrExpr-901         -----------
ref count      : 1
.Value          : send event count: 94515 : recv event count: 94515 : listened by port : 294920, 
----------------- 100M1ClockFailMntr            -----------
ref count      : 1
.State          : listened by port : 294920, 
----------------- Stby1_1VFailInfo              -----------
ref count      : 1
----------------- Cpu1ProchotMntr               -----------
ref count      : 1
.State          : listened by port : 294920, 
----------------- InletTempMntrExpr-902         -----------
ref count      : 1
.Value          : send event count: 96330 : recv event count: 96330 : listened by port : 294920, 
----------------- HDDBackplaneBomIdAccessor     -----------
ref count      : 1
----------------- led_Mem130ECCMntr             -----------
ref count      : 1
----------------- Sys1_8VPlcy                   -----------
ref count      : 1
----------------- pca9545_chan3-8               -----------
ref count      : 1
----------------- led_HddIn2FailAryMntr-2       -----------
ref count      : 1
----------------- ComRiserCard-8                -----------
ref count      : 1
.Health         : listened by port : 294920, 
----------------- Mem000ConfigErrorCond         -----------
ref count      : 1
----------------- pca9545_chan3-9               -----------
ref count      : 1
----------------- OcpCardFaultPlcy              -----------
ref count      : 1
----------------- 2V5_2_PwrCirAblMntr           -----------
ref count      : 1
.State          : listened by port : 294920, 
----------------- PCIeAirFailMntr-802           -----------
ref count      : 1
.Mode           : send event count: 1
.Reading        : send event count: 1
.EventFRU       : send event count: 1
.SavedMode      : send event count: 1
.State          : send event count: 1 : recv event count: 1 : listened by port : 294920, 
.SubjectObj     : send event count: 1
.SavedReading   : send event count: 1
.DescriptionDynamic : send event count: 1
.ScannedCount   : send event count: 1
.PolicyObj      : send event count: 1
.SuggestionDynamic : send event count: 1
.SensorObj      : send event count: 1
.Threshold      : send event count: 1
.InformationObj : send event count: 1
.ReadingMask    : send event count: 1
.Operator       : send event count: 1
.Hysteresis     : send event count: 1
.AddInfo        : send event count: 1
.Time           : send event count: 1
----------------- BaseHeartAbnorPlcy            -----------
ref count      : 1
----------------- LeakCardAbsentInfo            -----------
ref count      : 1
----------------- ComRiserCard-9                -----------
ref count      : 1
.Health         : listened by port : 294920, 
----------------- dft_item_mcu_selftest-901     -----------
ref count      : 1
----------------- PCIeGetHardInfoFailInfo       -----------
ref count      : 1
----------------- Cpu1VsaHighMntr               -----------
ref count      : 1
.State          : listened by port : 294920, 
----------------- 4NVME_exp                     -----------
ref count      : 1
.Value          : listened by port : 294920, 
----------------- PcieBBUFaultPlcy              -----------
ref count      : 1
----------------- NPUEccCountPlcy               -----------
ref count      : 1
----------------- Stby1_5VFailInfo              -----------
ref count      : 1
----------------- led_Mem021RemovedMntr         -----------
ref count      : 1
----------------- pwr_issue_88_exp              -----------
ref count      : 1
.Value          : listened by port : 294920, 
----------------- EepromSelfTest                -----------
ref count      : 1
----------------- dft_item_mcu_selftest-902     -----------
ref count      : 1
----------------- PCIeCardFaultMntr-901         -----------
ref count      : 1
.Mode           : send event count: 1
.Reading        : send event count: 1
.EventFRU       : send event count: 1
.SavedMode      : send event count: 1
.State          : send event count: 1 : recv event count: 1 : listened by port : 294920, 
.SubjectObj     : send event count: 1
.SavedReading   : send event count: 1
.DescriptionDynamic : send event count: 1
.ScannedCount   : send event count: 1
.PolicyObj      : send event count: 1
.SuggestionDynamic : send event count: 1
.SensorObj      : send event count: 1
.Threshold      : send event count: 1
.InformationObj : send event count: 1
.ReadingMask    : send event count: 1
.Operator       : send event count: 1
.Hysteresis     : send event count: 1
.AddInfo        : send event count: 1
.Time           : send event count: 1
----------------- lom1_port0_link_mon-3         -----------
ref count      : 1
.MonSenValue    : send event count: 108 : recv event count: 108 : listened by port : 294920, 
.RegValue       : send event count: 253
----------------- Dimm101Listen_0               -----------
ref count      : 1
----------------- Mem071ConfigErrMntr           -----------
ref count      : 1
.State          : listened by port : 294920, 
----------------- pwr_issue_66_exp              -----------
ref count      : 1
.Value          : listened by port : 294920, 
----------------- led_ComMemory020              -----------
ref count      : 1
----------------- pwr_issue_55_exp              -----------
ref count      : 1
.Value          : listened by port : 294920, 
----------------- lom1_port0_link_mon-4         -----------
ref count      : 1
.MonSenValue    : send event count: 106 : recv event count: 106 : listened by port : 294920, 
.RegValue       : send event count: 253
----------------- Fan2FRemovedMntr              -----------
ref count      : 1
.State          : send event count: 1 : recv event count: 1 : listened by port : 294920, 
----------------- Hdd6WearoutExp-2              -----------
ref count      : 1
.Value          : send event count: 1 : recv event count: 1 : listened by port : 294920, 
----------------- SystemPower_category_exp      -----------
ref count      : 1
.Value          : send event count: 1 : recv event count: 1 : listened by port : 294920, 
----------------- Dimm101Listen_1               -----------
ref count      : 1
----------------- pwr_issue_44_exp              -----------
ref count      : 1
.Value          : listened by port : 294920, 
----------------- GpuBoardTempPlcy              -----------
ref count      : 1
----------------- led_ComMemory021              -----------
ref count      : 1
----------------- 12V0_6PwrCirAbl_Exp           -----------
ref count      : 1
.Value          : listened by port : 294920, 
----------------- led_dimm130                   -----------
ref count      : 1
----------------- led_DiskIn0FailMntr-2         -----------
ref count      : 1
----------------- PwrFaultMntr88                -----------
ref count      : 1
.State          : listened by port : 294920, 
----------------- pwr_issue_22_exp              -----------
ref count      : 1
.Value          : listened by port : 294920, 
----------------- CPU2CoreRemOemConfig          -----------
ref count      : 1
----------------- Dimm111Listen_0               -----------
ref count      : 1
----------------- dft_item_lm75_temp-8          -----------
ref count      : 1
----------------- SysCfgErrorInfo               -----------
ref count      : 1
----------------- led_Mem000UncorrectMntr       -----------
ref count      : 1
----------------- PSUSingleInputLostPlcy        -----------
ref count      : 1
----------------- pwr_issue_11_exp              -----------
ref count      : 1
.Value          : listened by port : 294920, 
----------------- led_dimm131                   -----------
ref count      : 1
----------------- PwrFaultMntr89                -----------
ref count      : 1
.State          : listened by port : 294920, 
----------------- led_Hdd11RbdEndMntr-2         -----------
ref count      : 1
----------------- AirFailEventExpr-802          -----------
ref count      : 1
.Value          : listened by port : 294920, 
----------------- PsCoreTempExp-5               -----------
ref count      : 1
.Value          : send event count: 2847614 : recv event count: 2847614 : listened by port : 294920, 
----------------- Dimm111Listen_1               -----------
ref count      : 1
----------------- Dimm120                       -----------
ref count      : 1
.TypeLengthCode : send event count: 1
.Health         : listened by port : 688148, 294920, 
.ReadingStatus  : send event count: 1
.AssertStatus   : send event count: 2
.Number         : send event count: 1
----------------- Hdd10FailedArrayMntr-2        -----------
ref count      : 1
.State          : listened by port : 294920, 
----------------- dft_item_lm75_temp-9          -----------
ref count      : 1
----------------- Cpu1MemCfgErrorMntr           -----------
ref count      : 1
.State          : listened by port : 294920, 
----------------- LDAPCertMonitor1_1            -----------
ref count      : 1
----------------- PCIeCardFaultInfo             -----------
ref count      : 1
----------------- LcdFailurePlcy                -----------
ref count      : 1
----------------- AirFailEventExpr-801          -----------
ref count      : 1
.Value          : listened by port : 294920, 
----------------- FanbdPowerFailedInfo          -----------
ref count      : 1
----------------- PsCoreTempExp-6               -----------
ref count      : 1
.Value          : send event count: 1246963 : recv event count: 1246963 : listened by port : 294920, 
----------------- Dimm121                       -----------
ref count      : 1
.TypeLengthCode : send event count: 1
.Health         : listened by port : 688148, 294920, 
.ReadingStatus  : send event count: 1
.AssertStatus   : send event count: 1
.Number         : send event count: 1
----------------- Dimm121Listen_0               -----------
ref count      : 1
----------------- dft_item_button_test-901      -----------
ref count      : 1
----------------- LDAPCertMonitor1_2            -----------
ref count      : 1
----------------- pwr_issue_33_exp              -----------
ref count      : 1
.Value          : listened by port : 294920, 
----------------- Mem020InstalledMntr           -----------
ref count      : 1
.State          : send event count: 1 : recv event count: 1 : listened by port : 294920, 
----------------- Hdd10PredicFailMntr-2         -----------
ref count      : 1
.State          : listened by port : 294920, 
----------------- Dimm101Listen_5               -----------
ref count      : 1
----------------- RiserCardVoltGetFailInfo      -----------
ref count      : 1
----------------- Hdd3PredicFailMntr-2          -----------
ref count      : 1
.State          : listened by port : 294920, 
----------------- Dimm121Listen_1               -----------
ref count      : 1
----------------- DiskIn0DevFault-2             -----------
ref count      : 1
.Value          : listened by port : 294920, 
----------------- PchVolMajorPlcy               -----------
ref count      : 1
----------------- Stby1_8VFailInfo              -----------
ref count      : 1
----------------- Sys5VPlcy                     -----------
ref count      : 1
----------------- link_status_4-3               -----------
ref count      : 1
.TypeLengthCode : send event count: 1
.SensorName     : send event count: 1
.Health         : listened by port : 688148, 294920, 
.ReadingStatus  : send event count: 1
.AssertStatus   : send event count: 2
.Number         : send event count: 1
----------------- UnitInsertInfo                -----------
ref count      : 1
----------------- Dimm101Listen_6               -----------
ref count      : 1
----------------- OtWarningMntr-5               -----------
ref count      : 1
.State          : listened by port : 294920, 
----------------- PcieCardInstalledInfo         -----------
ref count      : 1
----------------- led_HddIn2InsertMntr-2        -----------
ref count      : 1
----------------- LDAPCertMonitor1_4            -----------
ref count      : 1
----------------- LDAPCertOverDueMntr_1         -----------
ref count      : 1
.State          : listened by port : 294920, 
----------------- Dimm131Listen_0               -----------
ref count      : 1
----------------- PS_Event_1                    -----------
ref count      : 1
.EventCode      : send event count: 1
----------------- Sys12VHighMntr                -----------
ref count      : 1
.State          : listened by port : 294920, 
----------------- link_status_4-4               -----------
ref count      : 1
.TypeLengthCode : send event count: 1
.SensorName     : send event count: 1
.Health         : listened by port : 688148, 294920, 
.ReadingStatus  : send event count: 1
.AssertStatus   : send event count: 2
.Number         : send event count: 1
----------------- OtWarningMntr-6               -----------
ref count      : 1
.State          : listened by port : 294920, 
----------------- Dimm101Listen_7               -----------
ref count      : 1
----------------- Memory050                     -----------
ref count      : 1
.FDMFault       : listened by port : 294920, 
.ReplaceFlag    : listened by port : 294920, 
----------------- Dimm111Listen_5               -----------
ref count      : 1
----------------- CPU_VCCPVGetFailInfo          -----------
ref count      : 1
----------------- Dimm161Listen_0               -----------
ref count      : 1
----------------- LDAPCertOverDueMntr_2         -----------
ref count      : 1
.State          : listened by port : 294920, 
----------------- Dimm131Listen_1               -----------
ref count      : 1
----------------- CpuVolWaringPlcy              -----------
ref count      : 1
----------------- Standby2_5VHighInfo           -----------
ref count      : 1
----------------- PS_Event_2                    -----------
ref count      : 1
.EventCode      : send event count: 1
----------------- CpuProcHotEvent_01            -----------
ref count      : 1
.EventCode      : send event count: 1
----------------- LDAPCertMonitor1_5            -----------
ref count      : 1
----------------- ModbusCommInitPlcy            -----------
ref count      : 1
----------------- Dimm111Listen_6               -----------
ref count      : 1
----------------- Dimm161Listen_1               -----------
ref count      : 1
----------------- Memory051                     -----------
ref count      : 1
.FDMFault       : listened by port : 294920, 
.ReplaceFlag    : listened by port : 294920, 
----------------- 1V8_PwrCirAbnormal            -----------
ref count      : 1
----------------- 100M0ClockMonitor             -----------
ref count      : 1
.MonSenValue    : listened by port : 294920, 
----------------- PS_Event_3                    -----------
ref count      : 1
.EventCode      : send event count: 1
----------------- Dimm141Listen_0               -----------
ref count      : 1
----------------- Mem011InstalledMntr           -----------
ref count      : 1
.State          : send event count: 1 : recv event count: 1 : listened by port : 294920, 
----------------- dbd_contbin_read_fail         -----------
ref count      : 1
----------------- Cpu1FailIsoMntr               -----------
ref count      : 1
.State          : listened by port : 294920, 
----------------- LDAPCertMonitor1_7            -----------
ref count      : 1
----------------- Dimm111Listen_7               -----------
ref count      : 1
----------------- BoardPowerDropInfo            -----------
ref count      : 1
----------------- Dimm121Listen_5               -----------
ref count      : 1
----------------- Cpu1MemListen_0A              -----------
ref count      : 1
----------------- Cpu2InstallMntr               -----------
ref count      : 1
.State          : send event count: 1 : recv event count: 1 : listened by port : 294920, 
----------------- PS_Event_4                    -----------
ref count      : 1
.EventCode      : send event count: 1
----------------- Dimm141Listen_1               -----------
ref count      : 1
----------------- Npu12LowMajorInfo             -----------
ref count      : 1
----------------- DiskInner0Lsn_1_e1-2          -----------
ref count      : 1
.Value          : listened by port : 294920, 
----------------- PcieCardReplaceInfo           -----------
ref count      : 1
----------------- Disk10FailMntr-2              -----------
ref count      : 1
.State          : listened by port : 294920, 
----------------- Cpu2VsaLowWaringMntr          -----------
ref count      : 1
.State          : listened by port : 294920, 
----------------- SdRaidCardFaultInfo           -----------
ref count      : 1
----------------- Dimm121Listen_6               -----------
ref count      : 1
----------------- LDAPCertOverDueMntr_5         -----------
ref count      : 1
.State          : listened by port : 294920, 
----------------- 1822Chip1V2HighPlcy           -----------
ref count      : 1
----------------- cpu2mem345_volt_FailDebounce  -----------
ref count      : 1
.MonSenValue    : listened by port : 294920, 
----------------- Disk11Listen_2-2              -----------
ref count      : 1
----------------- BladeRequstPSUPlcy            -----------
ref count      : 1
----------------- PsInsufficientInfo            -----------
ref count      : 1
----------------- Dimm151Listen_0               -----------
ref count      : 1
----------------- PCIeWdtFailurePlcy            -----------
ref count      : 1
----------------- NoDiskMntr                    -----------
ref count      : 1
.State          : listened by port : 294920, 
----------------- Memory101ReplaceMntr          -----------
ref count      : 1
.State          : listened by port : 294920, 
----------------- Dimm121Listen_7               -----------
ref count      : 1
----------------- LDAPCertOverDueMntr_6         -----------
ref count      : 1
.State          : listened by port : 294920, 
----------------- Dimm131Listen_5               -----------
ref count      : 1
----------------- PS_Event_6                    -----------
ref count      : 1
.EventCode      : send event count: 1
----------------- hb_raid_mon-1                 -----------
ref count      : 1
----------------- Dimm171Listen_1               -----------
ref count      : 1
----------------- ExpHeartBeatPlcy              -----------
ref count      : 1
----------------- Dimm151Listen_1               -----------
ref count      : 1
----------------- LcdRemovedPlcy                -----------
ref count      : 1
----------------- RaidCardStatusPlcy            -----------
ref count      : 1
----------------- Dimm161Listen_5               -----------
ref count      : 1
----------------- PCIeGetMiniFailMntr-802       -----------
ref count      : 1
.Mode           : send event count: 1
.Reading        : send event count: 1
.EventFRU       : send event count: 1
.SavedMode      : send event count: 1
.State          : send event count: 1 : recv event count: 1 : listened by port : 294920, 
.SubjectObj     : send event count: 1
.SavedReading   : send event count: 1
.DescriptionDynamic : send event count: 1
.ScannedCount   : send event count: 1
.PolicyObj      : send event count: 1
.SuggestionDynamic : send event count: 1
.SensorObj      : send event count: 1
.Threshold      : send event count: 1
.InformationObj : send event count: 1
.ReadingMask    : send event count: 1
.Operator       : send event count: 1
.Hysteresis     : send event count: 1
.AddInfo        : send event count: 1
.Time           : send event count: 1
----------------- PS_Event_5                    -----------
ref count      : 1
.EventCode      : send event count: 1
----------------- PchVoltPlcy                   -----------
ref count      : 1
----------------- Dimm131Listen_6               -----------
ref count      : 1
----------------- Cpu1Memory                    -----------
ref count      : 1
.TypeLengthCode : send event count: 1
.Health         : listened by port : 688148, 294920, 
.ReadingStatus  : send event count: 1
.AssertStatus   : send event count: 1
.Number         : send event count: 1
----------------- KBErrMntr                     -----------
ref count      : 1
.State          : listened by port : 294920, 
----------------- raid_err1_mon-1               -----------
ref count      : 1
.MonSenValue    : send event count: 2 : recv event count: 2 : listened by port : 294920, 
.RegValue       : send event count: 2
----------------- RaidCardSts_Lsn_0_0-1         -----------
ref count      : 1
----------------- CpuHVCCLowInfo                -----------
ref count      : 1
----------------- Dimm161Listen_6               -----------
ref count      : 1
----------------- Mem040ConfigErrMntr           -----------
ref count      : 1
.State          : listened by port : 294920, 
----------------- BaseCPUFailInfo               -----------
ref count      : 1
----------------- Dimm131Listen_7               -----------
ref count      : 1
----------------- LDAPCertMonitor1_9            -----------
ref count      : 1
----------------- DiskInner2Listen_7-2          -----------
ref count      : 1
----------------- Dimm141Listen_5               -----------
ref count      : 1
----------------- Mem111ECCMntr                 -----------
ref count      : 1
.State          : listened by port : 294920, 
----------------- Mem031ConfigErrMntr           -----------
ref count      : 1
.State          : listened by port : 294920, 
----------------- MngmntHealthEvent_0           -----------
ref count      : 1
.EventCode      : send event count: 1
----------------- Mem011ECCMntr                 -----------
ref count      : 1
.State          : listened by port : 294920, 
----------------- Dimm161Listen_7               -----------
ref count      : 1
----------------- ComHDDBackplane-2             -----------
ref count      : 1
.Health         : listened by port : 294920, 
----------------- LDAPCertOverDueMntr_3         -----------
ref count      : 1
.State          : listened by port : 294920, 
----------------- Dimm171Listen_5               -----------
ref count      : 1
----------------- PMEServiceConfig              -----------
ref count      : 1
.BoardInfoCollectEnable : listened by port : 753686, 
----------------- PMemoryMinorInfo              -----------
ref count      : 1
----------------- Dimm141Listen_6               -----------
ref count      : 1
----------------- Cpu2DdrVddq2LowMntr           -----------
ref count      : 1
.State          : listened by port : 294920, 
----------------- Hdd7MdWroutLowMntr-2          -----------
ref count      : 1
.State          : listened by port : 294920, 
----------------- PsFaultPlcy                   -----------
ref count      : 1
----------------- MngmntHealthEvent_1           -----------
ref count      : 1
.EventCode      : send event count: 1
----------------- HddRebuildStartInfo           -----------
ref count      : 1
----------------- MemPrefailurePlcy             -----------
ref count      : 1
----------------- LDAPCertOverDueMntr_4         -----------
ref count      : 1
.State          : listened by port : 294920, 
----------------- RiserCardPresencePlcy         -----------
ref count      : 1
----------------- PwrIin16_coefficient1-5       -----------
ref count      : 1
.Value          : send event count: 20901983 : recv event count: 20901983 : listened by port : 294920, 
----------------- PcieCompAbsentMinorPlcy       -----------
ref count      : 1
----------------- Dimm141Listen_7               -----------
ref count      : 1
----------------- Dimm151Listen_5               -----------
ref count      : 1
----------------- BaseCPUOvertempMinorInfo      -----------
ref count      : 1
----------------- led_RaidCardBBUTemp-1         -----------
ref count      : 1
----------------- lm75_temp-e                   -----------
ref count      : 1
----------------- MngmntHealthEvent_2           -----------
ref count      : 1
.EventCode      : send event count: 1
----------------- PS_Event_0                    -----------
ref count      : 1
.EventCode      : send event count: 1
----------------- Dimm171Listen_7               -----------
ref count      : 1
----------------- Disk10Listen_1_Exp2-2         -----------
ref count      : 1
.Value          : send event count: 2 : recv event count: 2 : listened by port : 294920, 
----------------- Mem001InitErrorLogMntr        -----------
ref count      : 1
.State          : listened by port : 294920, 
----------------- CpuMismatchMntr               -----------
ref count      : 1
.State          : listened by port : 294920, 
----------------- SelFilter_0D_03               -----------
ref count      : 1
----------------- Dimm151Listen_6               -----------
ref count      : 1
----------------- MngmntHealthEvent_3           -----------
ref count      : 1
.EventCode      : send event count: 1
----------------- PowerHighInfo                 -----------
ref count      : 1
----------------- cpu2_mem_vtemp_mon            -----------
ref count      : 1
.MonSenValue    : send event count: 124080
----------------- Acpi_Listen_0                 -----------
ref count      : 1
----------------- PortLinkPlcy                  -----------
ref count      : 1
----------------- MainbrdPsAbnorInfo            -----------
ref count      : 1
----------------- PwrIin16_coefficient1-6       -----------
ref count      : 1
.Value          : send event count: 20937161 : recv event count: 20937161 : listened by port : 294920, 
----------------- Dimm171Listen_0               -----------
ref count      : 1
----------------- PchVpvnnVLowInfo              -----------
ref count      : 1
----------------- MeshTempGetFailPlcy           -----------
ref count      : 1
----------------- SMMTempGetFailInfo            -----------
ref count      : 1
----------------- MngmntHealthEvent_4           -----------
ref count      : 1
.EventCode      : send event count: 1
----------------- MemIsolatedInfo               -----------
ref count      : 1
----------------- PCIeSwVDDFailInfo             -----------
ref count      : 1
----------------- raid_card_bbu_temp_exp-1      -----------
ref count      : 1
.Value          : send event count: 62641 : recv event count: 62641 : listened by port : 294920, 
----------------- HddBkpMntr                    -----------
ref count      : 1
.State          : listened by port : 294920, 
----------------- IpmiPwdWorkKey                -----------
ref count      : 1
.WorkKey        : recv event count: 1 : listened by port : 131075, 851993, 294920, 655379, 589841, 
----------------- Disk3Listen_1_Exp1-2          -----------
ref count      : 1
.Value          : listened by port : 294920, 
----------------- Dimm171Listen_6               -----------
ref count      : 1
----------------- Dimm151Listen_7               -----------
ref count      : 1
----------------- BMCCoreManagement             -----------
ref count      : 1
----------------- ACPIPowerOnMntr               -----------
ref count      : 1
.State          : send event count: 1 : recv event count: 1 : listened by port : 294920, 
.SavedReading   : send event count: 1
.Time           : send event count: 1
----------------- dbd_cont_5                    -----------
ref count      : 1
----------------- PCIeVoltageUpperMntr-801      -----------
ref count      : 1
.Mode           : send event count: 1
.Reading        : send event count: 1
.EventFRU       : send event count: 1
.SavedMode      : send event count: 1
.State          : send event count: 1 : recv event count: 1 : listened by port : 294920, 
.SubjectObj     : send event count: 1
.SavedReading   : send event count: 1
.DescriptionDynamic : send event count: 1
.ScannedCount   : send event count: 1
.PolicyObj      : send event count: 1
.SuggestionDynamic : send event count: 1
.SensorObj      : send event count: 1
.Threshold      : send event count: 1
.InformationObj : send event count: 1
.ReadingMask    : send event count: 1
.Operator       : send event count: 1
.Hysteresis     : send event count: 1
.AddInfo        : send event count: 1
.Time           : send event count: 1
----------------- ExpStatusInfo                 -----------
ref count      : 1
----------------- ComHdd5-2                     -----------
ref count      : 1
.Health         : listened by port : 294920, 
----------------- PCIeVoltageUpperMntr-802      -----------
ref count      : 1
.Mode           : send event count: 1
.Reading        : send event count: 1
.EventFRU       : send event count: 1
.SavedMode      : send event count: 1
.State          : send event count: 1 : recv event count: 1 : listened by port : 294920, 
.SubjectObj     : send event count: 1
.SavedReading   : send event count: 1
.DescriptionDynamic : send event count: 1
.ScannedCount   : send event count: 1
.PolicyObj      : send event count: 1
.SuggestionDynamic : send event count: 1
.SensorObj      : send event count: 1
.Threshold      : send event count: 1
.InformationObj : send event count: 1
.ReadingMask    : send event count: 1
.Operator       : send event count: 1
.Hysteresis     : send event count: 1
.AddInfo        : send event count: 1
.Time           : send event count: 1
----------------- PCIeGetMiniFailMntr-801       -----------
ref count      : 1
.Mode           : send event count: 1
.Reading        : send event count: 1
.EventFRU       : send event count: 1
.SavedMode      : send event count: 1
.State          : send event count: 1 : recv event count: 1 : listened by port : 294920, 
.SubjectObj     : send event count: 1
.SavedReading   : send event count: 1
.DescriptionDynamic : send event count: 1
.ScannedCount   : send event count: 1
.PolicyObj      : send event count: 1
.SuggestionDynamic : send event count: 1
.SensorObj      : send event count: 1
.Threshold      : send event count: 1
.InformationObj : send event count: 1
.ReadingMask    : send event count: 1
.Operator       : send event count: 1
.Hysteresis     : send event count: 1
.AddInfo        : send event count: 1
.Time           : send event count: 1
----------------- MasteriBMCPresentInfo         -----------
ref count      : 1
----------------- NandBlockMntr                 -----------
ref count      : 1
.State          : listened by port : 294920, 
----------------- SMezzPowerOnReqInfo           -----------
ref count      : 1
----------------- Port2BWUsageHighMon-3         -----------
ref count      : 1
.MonSenValue    : listened by port : 294920, 
----------------- ChassisNumExpression          -----------
ref count      : 1
.Value          : listened by port : 294920, 
----------------- 1822ChipFaultPlcy             -----------
ref count      : 1
----------------- LDAPCertMonitor1_6            -----------
ref count      : 1
----------------- HddInner0InsertMntr-2         -----------
ref count      : 1
.State          : send event count: 1 : recv event count: 1 : listened by port : 294920, 
----------------- LDAPCertMonitor1_3            -----------
ref count      : 1
----------------- InletTemp_category_chip       -----------
ref count      : 1
----------------- Riser3PresentTest             -----------
ref count      : 1
.DevPowerStatus : send event count: 1
----------------- CpuMemVpp1HighInfo            -----------
ref count      : 1
----------------- Port2BWUsageHighMon-4         -----------
ref count      : 1
.MonSenValue    : listened by port : 294920, 
----------------- 1V2_1_PwrCirAbnormal          -----------
ref count      : 1
----------------- Npu12HighMajorPlcy            -----------
ref count      : 1
----------------- PchUncorrectErrInfo           -----------
ref count      : 1
----------------- Warning:C                     -----------
ref count      : 1
----------------- pwr_latch_issue_33_exp        -----------
ref count      : 1
.Value          : listened by port : 294920, 
----------------- SYS12V_3_category_exp         -----------
ref count      : 1
.Value          : send event count: 1 : recv event count: 1 : listened by port : 294920, 
----------------- LicenseManage                 -----------
ref count      : 1
----------------- SDCardFailedArrayInfo         -----------
ref count      : 1
----------------- Mem101InitErrorCond           -----------
ref count      : 1
----------------- led_Disk7FailMntr-2           -----------
ref count      : 1
----------------- Mem131RemovedMntr             -----------
ref count      : 1
.State          : send event count: 1 : recv event count: 1 : listened by port : 294920, 
----------------- led_Cpu2CoreTempMinorMntr     -----------
ref count      : 1
----------------- MezzFRUReadFailPlcy           -----------
ref count      : 1
----------------- dft_item_button_test-902      -----------
ref count      : 1
----------------- HddVirtualAnchor-2            -----------
ref count      : 1
----------------- SMMRemovedPlcy                -----------
ref count      : 1
----------------- PcieCardReplaceMntr-901       -----------
ref count      : 1
.Mode           : send event count: 1
.Reading        : send event count: 1
.EventFRU       : send event count: 1
.SavedMode      : send event count: 1
.State          : send event count: 1 : recv event count: 1 : listened by port : 294920, 
.SubjectObj     : send event count: 1
.SavedReading   : send event count: 1
.DescriptionDynamic : send event count: 1
.ScannedCount   : send event count: 1
.PolicyObj      : send event count: 1
.SuggestionDynamic : send event count: 1
.SensorObj      : send event count: 1
.Threshold      : send event count: 1
.InformationObj : send event count: 1
.ReadingMask    : send event count: 1
.Operator       : send event count: 1
.Hysteresis     : send event count: 1
.AddInfo        : send event count: 1
.Time           : send event count: 1
----------------- led_Mem120RemovedMntr         -----------
ref count      : 1
----------------- M2Disk1RebuildMntr            -----------
ref count      : 1
.State          : listened by port : 294920, 
----------------- PsRedundancyLostPlcy          -----------
ref count      : 1
----------------- NicTemHighMinorInfo           -----------
ref count      : 1
----------------- Disk9Listen_1_Exp2-2          -----------
ref count      : 1
.Value          : send event count: 2 : recv event count: 2 : listened by port : 294920, 
----------------- CpuVccioLowInfo               -----------
ref count      : 1
----------------- RAIDBBUInstallInfo            -----------
ref count      : 1
----------------- OtWarningInfo                 -----------
ref count      : 1
----------------- Memory071ReplaceMntr          -----------
ref count      : 1
.State          : listened by port : 294920, 
----------------- led_Hdd9RbdStartMntr-2        -----------
ref count      : 1
----------------- GpuBoardTempMinorInfo         -----------
ref count      : 1
----------------- SSLCert5CertMonitor           -----------
ref count      : 1
----------------- SystemError2Plcy              -----------
ref count      : 1
----------------- PCIeCardFaultMntr-902         -----------
ref count      : 1
.Mode           : send event count: 1
.Reading        : send event count: 1
.EventFRU       : send event count: 1
.SavedMode      : send event count: 1
.State          : send event count: 1 : recv event count: 1 : listened by port : 294920, 
.SubjectObj     : send event count: 1
.SavedReading   : send event count: 1
.DescriptionDynamic : send event count: 1
.ScannedCount   : send event count: 1
.PolicyObj      : send event count: 1
.SuggestionDynamic : send event count: 1
.SensorObj      : send event count: 1
.Threshold      : send event count: 1
.InformationObj : send event count: 1
.ReadingMask    : send event count: 1
.Operator       : send event count: 1
.Hysteresis     : send event count: 1
.AddInfo        : send event count: 1
.Time           : send event count: 1
----------------- PSUNameFormator-5             -----------
ref count      : 1
.Value          : send event count: 1
----------------- Stdby1_5V_LswHighInfo         -----------
ref count      : 1
----------------- pg_p1v2_mon-1                 -----------
ref count      : 1
----------------- IOSlotUnavailableInfo         -----------
ref count      : 1
----------------- Cpu0RstOutFlag                -----------
ref count      : 1
.Value          : listened by port : 294920, 
----------------- Hdd5InsertMntr-2              -----------
ref count      : 1
.State          : send event count: 1 : recv event count: 1 : listened by port : 294920, 
----------------- ComMemory150                  -----------
ref count      : 1
.Health         : listened by port : 294920, 
----------------- PS_Listen_6_4-5               -----------
ref count      : 1
----------------- RaidController-1              -----------
ref count      : 1
----------------- PSUNameFormator-6             -----------
ref count      : 1
.Value          : send event count: 1
----------------- SwitchBrdPSUPlcy              -----------
ref count      : 1
----------------- PcieCardPlugInInfo            -----------
ref count      : 1
----------------- ComMemory151                  -----------
ref count      : 1
.Health         : listened by port : 294920, 
----------------- M2TrnsCard2IdAcc-e            -----------
ref count      : 1
----------------- PwrFaultMntr90                -----------
ref count      : 1
.State          : listened by port : 294920, 
----------------- PS_Listen_6_4-6               -----------
ref count      : 1
----------------- EntityDimm040                 -----------
ref count      : 1
.PowerState     : send event count: 1
.EnableState    : send event count: 2
.Health         : listened by port : 294920, 
----------------- led_dimm011_mntr              -----------
ref count      : 1
----------------- Mem000ConfigErrMntr           -----------
ref count      : 1
.State          : listened by port : 294920, 
----------------- SyslogCertOverDueMntr_0       -----------
ref count      : 1
.State          : listened by port : 294920, 
----------------- MeshCardCpuPortLinkDownInfo   -----------
ref count      : 1
----------------- led_ComFan1                   -----------
ref count      : 1
----------------- PCIeGetDimmTempFailPlcy       -----------
ref count      : 1
----------------- Mem020RemovedMntr             -----------
ref count      : 1
.State          : send event count: 1 : recv event count: 1 : listened by port : 294920, 
----------------- PwrFaultMntr91                -----------
ref count      : 1
.State          : listened by port : 294920, 
----------------- SyslogCertOverDueMntr_1       -----------
ref count      : 1
.State          : listened by port : 294920, 
----------------- Mem060ECCMntr                 -----------
ref count      : 1
.State          : listened by port : 294920, 
----------------- EntityDimm041                 -----------
ref count      : 1
.PowerState     : send event count: 1
.EnableState    : send event count: 2
.Health         : listened by port : 294920, 
----------------- Language:C                    -----------
ref count      : 1
----------------- PowerPOut16Exp-5              -----------
ref count      : 1
.Value          : send event count: 16739416 : recv event count: 16739416 : listened by port : 294920, 
----------------- PcieTempHighPlcy              -----------
ref count      : 1
----------------- led_ComFan2                   -----------
ref count      : 1
----------------- PCIeHardwareFailurePlcy       -----------
ref count      : 1
----------------- PowerPOut16Exp-6              -----------
ref count      : 1
.Value          : send event count: 16782346 : recv event count: 16782346 : listened by port : 294920, 
----------------- PwrFaultMntr92                -----------
ref count      : 1
.State          : listened by port : 294920, 
----------------- psu2_opok_status_mon          -----------
ref count      : 1
.MonSenValue    : listened by port : 294920, 
.RegValue       : send event count: 1
----------------- 0V9_2_PwrCirAbl_Exp           -----------
ref count      : 1
.Value          : listened by port : 294920, 
----------------- NICFruFailPlcy                -----------
ref count      : 1
----------------- CommWithDevFailPlcy           -----------
ref count      : 1
----------------- pg_p1v35_p1v5_debounce-1      -----------
ref count      : 1
.MonSenValue    : listened by port : 294920, 
.RegValue       : send event count: 7
----------------- ElectValveOut12VGetFailPlcy   -----------
ref count      : 1
----------------- Disk10Listen_0-2              -----------
ref count      : 1
----------------- MosTempHighMajorInfo          -----------
ref count      : 1
----------------- DiskExpPlcy                   -----------
ref count      : 1
----------------- MemInPoorContractInfo         -----------
ref count      : 1
----------------- PCIeSwVIOFailInfo             -----------
ref count      : 1
----------------- pwr_latch_issue_11_exp        -----------
ref count      : 1
.Value          : listened by port : 294920, 
----------------- PwrFaultMntr93                -----------
ref count      : 1
.State          : listened by port : 294920, 
----------------- Mem160ECCMntr                 -----------
ref count      : 1
.State          : listened by port : 294920, 
----------------- Stdby1_5VPlcy                 -----------
ref count      : 1
----------------- BBUMOSOverTempPrtcPlcy        -----------
ref count      : 1
----------------- Cpu2CoreIsoMntr               -----------
ref count      : 1
.State          : listened by port : 294920, 
----------------- PHYFaultInfo                  -----------
ref count      : 1
----------------- HddInner1RemovedMntr-2        -----------
ref count      : 1
.State          : send event count: 1 : recv event count: 1 : listened by port : 294920, 
----------------- 12V0_2PwrCirAblMntr           -----------
ref count      : 1
.State          : listened by port : 294920, 
----------------- SysRestartUnknownInfo         -----------
ref count      : 1
----------------- Disk6Listen_1-2               -----------
ref count      : 1
----------------- NpuHealthMinorPlcy            -----------
ref count      : 1
----------------- 12V0_6PwrCirAblMntr           -----------
ref count      : 1
.State          : listened by port : 294920, 
----------------- volt_cpu1_vddq2_sensor_monitor-----------
ref count      : 1
----------------- Cpu1VRDTempFailExpr           -----------
ref count      : 1
.Value          : listened by port : 294920, 
.Y              : send event count: 1
----------------- HddIn2RbdEndMntr-2            -----------
ref count      : 1
.State          : listened by port : 294920, 
----------------- RTC_Status_Listen_1           -----------
ref count      : 1
----------------- Fan2FStatusMntr               -----------
ref count      : 1
.State          : listened by port : 294920, 
----------------- NTP                           -----------
ref count      : 1
.NtpPwdMasterKeyId : listened by port : 851993, 
.SysTimeJumpVal : listened by port : 753686, 
----------------- pwr_latch_issue_22_exp        -----------
ref count      : 1
.Value          : listened by port : 294920, 
----------------- PcieCardPlugPlcy              -----------
ref count      : 1
----------------- led_ComFan4                   -----------
ref count      : 1
----------------- M2ZoneTempFailInfo            -----------
ref count      : 1
----------------- InletTempMinorInfo            -----------
ref count      : 1
----------------- PowerUpDownEventExpr-802      -----------
ref count      : 1
.Value          : listened by port : 294920, 
----------------- CpuDdrvddHighInfo             -----------
ref count      : 1
----------------- Ch6MirrorFailInfo             -----------
ref count      : 1
----------------- Rear3Bkp_Riser_Id             -----------
ref count      : 1
.Value          : send event count: 1 : recv event count: 1 : listened by port : 294920, 
----------------- PsElabel-6                    -----------
ref count      : 1
.MfgDateTime    : listened by port : 753686, 
.ProductAssetTag : listened by port : 294920, 
.BoardSerialNumber : listened by port : 294920, 65537, 
.ChassisSerialNumber : listened by port : 294920, 
----------------- Wdt2Listen_0                  -----------
ref count      : 1
----------------- volt_cpu2_vddq2_sensor_monitor-----------
ref count      : 1
----------------- led_ComFan3                   -----------
ref count      : 1
----------------- PsElabel-5                    -----------
ref count      : 1
.MfgDateTime    : listened by port : 753686, 
.ProductAssetTag : listened by port : 294920, 
.BoardSerialNumber : listened by port : 294920, 65537, 
.ChassisSerialNumber : listened by port : 294920, 
----------------- PowerUpDownEventExpr-801      -----------
ref count      : 1
.Value          : listened by port : 294920, 
----------------- Riser3CardInstalledMntr       -----------
ref count      : 1
.State          : send event count: 1 : recv event count: 1 : listened by port : 294920, 
----------------- SmBios                        -----------
ref count      : 1
.SmBiosStatus   : listened by port : 131075, 458765, 262151, 393227, 491534, 
.FileChange     : listened by port : 557072, 
----------------- Hdd7-2                        -----------
ref count      : 1
.RebuildState   : listened by port : 294920, 
.Presence       : listened by port : 294920, 
.Id             : listened by port : 229382, 491534, 
.ReplaceFlag    : listened by port : 294920, 
----------------- MainboardVoltageFailInfo      -----------
ref count      : 1
----------------- led_ComMemory030              -----------
ref count      : 1
----------------- cpu2mem012_volt_monitor       -----------
ref count      : 1
.VoltValue      : listened by port : 294920, 
.MonSenValue    : send event count: 3
----------------- cpu1_vtemp_exp                -----------
ref count      : 1
.Value          : send event count: 678632 : recv event count: 678631 : listened by port : 294920, 
.X              : send event count: 5021039
----------------- CpuVddqTempFailInfo           -----------
ref count      : 1
----------------- ComputerSystem0               -----------
ref count      : 1
.iBMAEvent      : listened by port : 294920, 
----------------- SmtpConfig:C                  -----------
ref count      : 1
----------------- Stdby12VPlcy                  -----------
ref count      : 1
----------------- led_Hdd6RebuildEndMntr-2      -----------
ref count      : 1
----------------- FIOInletMTempFailPlcy         -----------
ref count      : 1
----------------- Port2LinkDownMntr-3           -----------
ref count      : 1
.State          : send event count: 2 : recv event count: 2 : listened by port : 294920, 
.Time           : send event count: 1
----------------- PchVolLowMajorInfo            -----------
ref count      : 1
----------------- VoutUvWarningInfo-5           -----------
ref count      : 1
----------------- led_dimm140                   -----------
ref count      : 1
----------------- Stdby3_3VPlcy                 -----------
ref count      : 1
----------------- DiskInner3-2                  -----------
ref count      : 1
.TypeLengthCode : send event count: 1
.Health         : listened by port : 688148, 294920, 
.ReadingStatus  : send event count: 1
.AssertStatus   : send event count: 1
.Number         : send event count: 1
----------------- Disk0Listen_6-2               -----------
ref count      : 1
----------------- CpuBrd100MClockPlcy           -----------
ref count      : 1
----------------- MainboardLOMPFAEPlcy          -----------
ref count      : 1
----------------- led_InletTempUpperMajorMntr   -----------
ref count      : 1
----------------- Port2LinkDownMntr-4           -----------
ref count      : 1
.State          : send event count: 2 : recv event count: 2 : listened by port : 294920, 
.Time           : send event count: 1
----------------- VoutUvWarningInfo-6           -----------
ref count      : 1
----------------- led_dimm141                   -----------
ref count      : 1
----------------- PowerGdAccessor               -----------
ref count      : 1
----------------- Dimm130                       -----------
ref count      : 1
.TypeLengthCode : send event count: 1
.Health         : listened by port : 688148, 294920, 
.ReadingStatus  : send event count: 1
.AssertStatus   : send event count: 2
.Number         : send event count: 1
----------------- dft_item_selfheal_test-902    -----------
ref count      : 1
----------------- led_ComMemory031              -----------
ref count      : 1
----------------- Dimm131                       -----------
ref count      : 1
.TypeLengthCode : send event count: 1
.Health         : listened by port : 688148, 294920, 
.ReadingStatus  : send event count: 1
.AssertStatus   : send event count: 1
.Number         : send event count: 1
----------------- M2Disk1PredicFailMntr         -----------
ref count      : 1
.State          : listened by port : 294920, 
----------------- STB1V8PowerFailedInfo         -----------
ref count      : 1
----------------- PcieCardReplaceMntr-902       -----------
ref count      : 1
.Mode           : send event count: 1
.Reading        : send event count: 1
.EventFRU       : send event count: 1
.SavedMode      : send event count: 1
.State          : send event count: 1 : recv event count: 1 : listened by port : 294920, 
.SubjectObj     : send event count: 1
.SavedReading   : send event count: 1
.DescriptionDynamic : send event count: 1
.ScannedCount   : send event count: 1
.PolicyObj      : send event count: 1
.SuggestionDynamic : send event count: 1
.SensorObj      : send event count: 1
.Threshold      : send event count: 1
.InformationObj : send event count: 1
.ReadingMask    : send event count: 1
.Operator       : send event count: 1
.Hysteresis     : send event count: 1
.AddInfo        : send event count: 1
.Time           : send event count: 1
----------------- RetimerTempMinorInfo          -----------
ref count      : 1
----------------- DevOnlinePlcy                 -----------
ref count      : 1
----------------- FanStatusInfo                 -----------
ref count      : 1
----------------- Disk10StatErrExp-2            -----------
ref count      : 1
.Value          : listened by port : 294920, 
----------------- Mem020ConfigErrorCond         -----------
ref count      : 1
----------------- BMCTempMinorMntr              -----------
ref count      : 1
.State          : listened by port : 294920, 
----------------- led_Cpu1ErrorMntr             -----------
ref count      : 1
----------------- led_DiskIn1FailMntr-2         -----------
ref count      : 1
----------------- dft_item_selfheal_test-901    -----------
ref count      : 1
----------------- LDAPCertMonitor1_8            -----------
ref count      : 1
----------------- Memory060                     -----------
ref count      : 1
.FDMFault       : listened by port : 294920, 
.ReplaceFlag    : listened by port : 294920, 
----------------- ACPIPowerOffInfo              -----------
ref count      : 1
----------------- LowNoisyMarginObjTemp         -----------
ref count      : 1
.Value          : listened by port : 294920, 
----------------- PwrIOut16Exp_ret_exp-5        -----------
ref count      : 1
.Value          : send event count: 16795207 : recv event count: 16795207 : listened by port : 294920, 
----------------- PwrCapStatus_Event_0          -----------
ref count      : 1
.EventCode      : send event count: 1
----------------- AcSpCollectSysRestartMntr     -----------
ref count      : 1
.State          : listened by port : 294920, 
----------------- led_Cpu2ErrorMntr             -----------
ref count      : 1
----------------- FWMismatchPlcy                -----------
ref count      : 1
----------------- led_Mem141ECCMntr             -----------
ref count      : 1
----------------- pca9545_chan3-e               -----------
ref count      : 1
----------------- Memory061                     -----------
ref count      : 1
.FDMFault       : listened by port : 294920, 
.ReplaceFlag    : listened by port : 294920, 
----------------- PwrIOut16Exp_ret_exp-6        -----------
ref count      : 1
.Value          : send event count: 17091797 : recv event count: 17091797 : listened by port : 294920, 
----------------- 1822Chip0V8HighPlcy           -----------
ref count      : 1
----------------- RtcTimeFailMntr               -----------
ref count      : 1
.State          : listened by port : 294920, 
----------------- PowerDoubleExpr-901           -----------
ref count      : 1
.Value          : send event count: 880781 : recv event count: 899228 : listened by port : 294920, 
----------------- ComRiserCard-e                -----------
ref count      : 1
.Health         : listened by port : 294920, 
----------------- Mem101ConfigErrorCond         -----------
ref count      : 1
----------------- PCIeCardDimmTempPlcy          -----------
ref count      : 1
----------------- CardExp-801                   -----------
ref count      : 1
.Value          : recv event count: 2 : listened by port : 294920, 
----------------- Mem130ConfigErrorCond         -----------
ref count      : 1
----------------- DiskIn1DevFault-2             -----------
ref count      : 1
.Value          : listened by port : 294920, 
----------------- Sys1_8VLowInfo                -----------
ref count      : 1
----------------- pwr_issue_91_exp              -----------
ref count      : 1
.Value          : listened by port : 294920, 
----------------- PowerDoubleExpr-902           -----------
ref count      : 1
.Value          : send event count: 776861 : recv event count: 793441 : listened by port : 294920, 
----------------- PCIeCardVoltGetFailInfo       -----------
ref count      : 1
----------------- Disk0StatErrMntr-2            -----------
ref count      : 1
.State          : send event count: 2 : recv event count: 2 : listened by port : 294920, 
.SavedReading   : send event count: 2
.Time           : send event count: 2
----------------- RaidTempExpr-1                -----------
ref count      : 1
.Value          : send event count: 134600 : recv event count: 134600 : listened by port : 294920, 
----------------- PefFilter_0                   -----------
ref count      : 1
----------------- FIOPSUInfo                    -----------
ref count      : 1
----------------- EventDescp:C                  -----------
ref count      : 1
----------------- OutletTEUpperMntr-801         -----------
ref count      : 1
.Mode           : send event count: 1
.Reading        : send event count: 1
.EventFRU       : send event count: 1
.SavedMode      : send event count: 1
.State          : send event count: 1 : recv event count: 1 : listened by port : 294920, 
.SubjectObj     : send event count: 1
.SavedReading   : send event count: 1
.DescriptionDynamic : send event count: 1
.ScannedCount   : send event count: 1
.PolicyObj      : send event count: 1
.SuggestionDynamic : send event count: 1
.SensorObj      : send event count: 1
.Threshold      : send event count: 1
.InformationObj : send event count: 1
.ReadingMask    : send event count: 1
.Operator       : send event count: 1
.Hysteresis     : send event count: 1
.AddInfo        : send event count: 1
.Time           : send event count: 1
----------------- Disk4StatErrMntr-2            -----------
ref count      : 1
.State          : listened by port : 294920, 
----------------- CardExp-802                   -----------
ref count      : 1
.Value          : recv event count: 2 : listened by port : 294920, 
----------------- BBULowVoltageMinorPlcy        -----------
ref count      : 1
----------------- ASICEvent_1_ToHmm             -----------
ref count      : 1
----------------- RaidInitErrMntr-1             -----------
ref count      : 1
.State          : listened by port : 294920, 
----------------- PefFilter_1                   -----------
ref count      : 1
----------------- Disk8StatErrMntr-2            -----------
ref count      : 1
.State          : listened by port : 294920, 
----------------- led_Hdd5RbdStartMntr-2        -----------
ref count      : 1
----------------- OutletTEUpperMntr-802         -----------
ref count      : 1
.Mode           : send event count: 1
.Reading        : send event count: 1
.EventFRU       : send event count: 1
.SavedMode      : send event count: 1
.State          : send event count: 1 : recv event count: 1 : listened by port : 294920, 
.SubjectObj     : send event count: 1
.SavedReading   : send event count: 1
.DescriptionDynamic : send event count: 1
.ScannedCount   : send event count: 1
.PolicyObj      : send event count: 1
.SuggestionDynamic : send event count: 1
.SensorObj      : send event count: 1
.Threshold      : send event count: 1
.InformationObj : send event count: 1
.ReadingMask    : send event count: 1
.Operator       : send event count: 1
.Hysteresis     : send event count: 1
.AddInfo        : send event count: 1
.Time           : send event count: 1
----------------- led_Mem041ECCMntr             -----------
ref count      : 1
----------------- M2Disk2MediaLowMntr           -----------
ref count      : 1
.State          : listened by port : 294920, 
----------------- PefFilter_2                   -----------
ref count      : 1
----------------- Fan1WarningInfo-5             -----------
ref count      : 1
----------------- PsPredicFailurePlcy           -----------
ref count      : 1
----------------- VoutOvFaultMntr-5             -----------
ref count      : 1
.State          : listened by port : 294920, 
----------------- 32kClockFailMntr              -----------
ref count      : 1
.State          : listened by port : 294920, 
----------------- Ch2MirrorFailInfo             -----------
ref count      : 1
----------------- PcbVeCpldVerExp               -----------
ref count      : 1
.Value          : send event count: 1 : recv event count: 1 : listened by port : 294920, 
.X              : send event count: 1
----------------- MainboardTempPlcy             -----------
ref count      : 1
----------------- PefFilter_3                   -----------
ref count      : 1
----------------- Fan1WarningInfo-6             -----------
ref count      : 1
----------------- UnitRemoveInfo                -----------
ref count      : 1
----------------- DiskInner1Lsn_1_e1-2          -----------
ref count      : 1
.Value          : listened by port : 294920, 
----------------- VoutOvFaultMntr-6             -----------
ref count      : 1
.State          : listened by port : 294920, 
----------------- ThresholdSensor:C             -----------
ref count      : 1
----------------- Hdd5PredicFailMntr-2          -----------
ref count      : 1
.State          : listened by port : 294920, 
----------------- CpuCacheWayIsoInfo            -----------
ref count      : 1
----------------- OAMAlarmPlcy                  -----------
ref count      : 1
----------------- DiskBkpPwrPlcy2               -----------
ref count      : 1
----------------- PefFilter_4                   -----------
ref count      : 1
----------------- led_Mem160UncorrectMntr       -----------
ref count      : 1
----------------- MainBrdClockInfo              -----------
ref count      : 1
----------------- SelLogEvent_0                 -----------
ref count      : 1
.EventCode      : send event count: 1
----------------- dft_item_lm75_temp-e          -----------
ref count      : 1
----------------- SysRaidLowInfo                -----------
ref count      : 1
----------------- Cpu1ThermTripAccessor         -----------
ref count      : 1
----------------- led_Mem151UncorrectMntr       -----------
ref count      : 1
----------------- PCHVIOHighInfo                -----------
ref count      : 1
----------------- PefFilter_5                   -----------
ref count      : 1
----------------- CpuPresencePlcy               -----------
ref count      : 1
----------------- CustomizedModeCondition       -----------
ref count      : 1
----------------- Memory170ReplaceMntr          -----------
ref count      : 1
.State          : listened by port : 294920, 
----------------- PCIeRAIDFaultInfo             -----------
ref count      : 1
----------------- CpuCoreIsoPlcy                -----------
ref count      : 1
----------------- Cpu1DdrVddq1HighMntr          -----------
ref count      : 1
.State          : listened by port : 294920, 
----------------- raid_error_exp_4-1            -----------
ref count      : 1
.Value          : listened by port : 294920, 
----------------- SelFilter_01_07               -----------
ref count      : 1
----------------- CPUNumCfgErrPlcy              -----------
ref count      : 1
----------------- MeshCardNpPortLinkDownInfo    -----------
ref count      : 1
----------------- PcieCardRemovedPlcy           -----------
ref count      : 1
----------------- BladeInstallInfo              -----------
ref count      : 1
----------------- LswPortLinkPlcy               -----------
ref count      : 1
----------------- 2280M_productid_exp           -----------
ref count      : 1
.Value          : listened by port : 294920, 
----------------- led_Cpu1RemovedMntr           -----------
ref count      : 1
----------------- DiskInner3Listen_7-2          -----------
ref count      : 1
----------------- BBUCellLowTempMinInfo         -----------
ref count      : 1
----------------- PowerCableInfo                -----------
ref count      : 1
----------------- pca9545_chan1-8               -----------
ref count      : 1
----------------- SelLogEvent_5                 -----------
ref count      : 1
.EventCode      : send event count: 1
----------------- Hdd5Flash_exp-2               -----------
ref count      : 1
.Value          : listened by port : 294920, 
----------------- Mem110InitErrorCond           -----------
ref count      : 1
----------------- PeakClippingInvalidPlcy       -----------
ref count      : 1
----------------- Disk11FailMntr-2              -----------
ref count      : 1
.State          : listened by port : 294920, 
----------------- led_dimm131_mntr              -----------
ref count      : 1
----------------- pca9545_chan1-9               -----------
ref count      : 1
----------------- EntityCpu1Mem                 -----------
ref count      : 1
.PowerState     : send event count: 1
.EnableState    : send event count: 2
.Health         : listened by port : 294920, 
----------------- RaidPres_Listen_1             -----------
ref count      : 1
----------------- MARootCrlOverDueMntr_1        -----------
ref count      : 1
.State          : listened by port : 294920, 
----------------- CpuP1v8HighInfo               -----------
ref count      : 1
----------------- NPUOverVoltageInfo            -----------
ref count      : 1
----------------- 5V0_R_PwrCirAbnormal          -----------
ref count      : 1
----------------- NTPSynchronizeTimeFailPlcy    -----------
ref count      : 1
----------------- FAN1RSpeedOemConfig           -----------
ref count      : 1
----------------- MARootCrlOverDueMntr_2        -----------
ref count      : 1
.State          : listened by port : 294920, 
----------------- led_Mem041RemovedMntr         -----------
ref count      : 1
----------------- cpu1_offset                   -----------
ref count      : 1
.Value          : send event count: 1 : recv event count: 1 : listened by port : 294920, 
----------------- ExpanderVoltLowPlcy           -----------
ref count      : 1
----------------- PortFaultInfo                 -----------
ref count      : 1
----------------- LicenseFileErrorInfo          -----------
ref count      : 1
----------------- PhotoLeakagePlcy              -----------
ref count      : 1
----------------- MARootCrlOverDueMntr_3        -----------
ref count      : 1
.State          : listened by port : 294920, 
----------------- CertOverDue                   -----------
ref count      : 1
.TypeLengthCode : send event count: 1
.Health         : listened by port : 688148, 294920, 
.ReadingStatus  : send event count: 1
.AssertStatus   : send event count: 1
.Number         : send event count: 1
----------------- DDRWorkAbnInfo                -----------
ref count      : 1
----------------- EntityDisk9-2                 -----------
ref count      : 1
.Health         : send event count: 2 : recv event count: 2 : listened by port : 294920, 
.CurrentScore   : send event count: 2
----------------- CpuNavsLowInfo                -----------
ref count      : 1
----------------- CpuVolLowWaringInfo           -----------
ref count      : 1
----------------- OnePower:C                    -----------
ref count      : 1
----------------- UIDButtonMntr                 -----------
ref count      : 1
.State          : listened by port : 294920, 
----------------- 0V8_2_PwrCirAbnormal          -----------
ref count      : 1
----------------- PS_Event_6_2                  -----------
ref count      : 1
.EventCode      : send event count: 1
----------------- Mem171InstalledMntr           -----------
ref count      : 1
.State          : send event count: 1 : recv event count: 1 : listened by port : 294920, 
----------------- MARootCrlOverDueMntr_4        -----------
ref count      : 1
.State          : listened by port : 294920, 
----------------- Fan4FRemovedMntr              -----------
ref count      : 1
.State          : send event count: 1 : recv event count: 1 : listened by port : 294920, 
----------------- PCIeInitAbnormalPlcy          -----------
ref count      : 1
----------------- Hdd9MdWroutLowMntr-2          -----------
ref count      : 1
.State          : listened by port : 294920, 
----------------- Hdd0RebuildEndMntr-2          -----------
ref count      : 1
.State          : send event count: 2 : recv event count: 2 : listened by port : 294920, 
.SavedReading   : send event count: 2
.Time           : send event count: 1
----------------- Disk4Listen_1_Exp2-2          -----------
ref count      : 1
.Value          : listened by port : 294920, 
----------------- CpuThermTripPlcy              -----------
ref count      : 1
----------------- CertOverDueInfo               -----------
ref count      : 1
----------------- RightEarPlcy                  -----------
ref count      : 1
----------------- lomcard_temp_accessor-3       -----------
ref count      : 1
----------------- MemBrdMixInfo                 -----------
ref count      : 1
----------------- 1V2_1_PwrCirAbl_Exp           -----------
ref count      : 1
.Value          : listened by port : 294920, 
----------------- PS_Event_6_4                  -----------
ref count      : 1
.EventCode      : send event count: 1
----------------- MARootCrlOverDueMntr_5        -----------
ref count      : 1
.State          : listened by port : 294920, 
----------------- led_Hdd1RbdStartMntr-2        -----------
ref count      : 1
----------------- MARootCrlOverDueMntr_6        -----------
ref count      : 1
.State          : listened by port : 294920, 
----------------- ComMemory160                  -----------
ref count      : 1
.Health         : listened by port : 294920, 
----------------- DiskIn3StatErrMntr-2          -----------
ref count      : 1
.State          : listened by port : 294920, 
----------------- lomcard_temp_accessor-4       -----------
ref count      : 1
----------------- PowerButtonMntr               -----------
ref count      : 1
.State          : listened by port : 294920, 
----------------- Cpu1VddqTempFailExpr          -----------
ref count      : 1
.Value          : listened by port : 294920, 
.Y              : send event count: 1
----------------- MARootCrlOverDueMntr_7        -----------
ref count      : 1
.State          : listened by port : 294920, 
----------------- FabricSWFaultInfo             -----------
ref count      : 1
----------------- PCIeInspectFailInfo           -----------
ref count      : 1
----------------- led_Disk8FailMntr-2           -----------
ref count      : 1
----------------- ComMemory161                  -----------
ref count      : 1
.Health         : listened by port : 294920, 
----------------- HddInner3RAIDPHYMntr-2        -----------
ref count      : 1
.State          : listened by port : 294920, 
----------------- EntityDimm050                 -----------
ref count      : 1
.PowerState     : send event count: 1
.EnableState    : send event count: 2
.Health         : listened by port : 294920, 
----------------- MARootCrlOverDueMntr_8        -----------
ref count      : 1
.State          : listened by port : 294920, 
----------------- Hdd7FlashMntr-2               -----------
ref count      : 1
.State          : listened by port : 294920, 
----------------- PwrFaultMntr64-2              -----------
ref count      : 1
.State          : listened by port : 294920, 
----------------- FIOInletMtempFailInfo         -----------
ref count      : 1
----------------- lm75_temp_monitor-8           -----------
ref count      : 1
.TempValue      : send event count: 198435
.MonSenValue    : send event count: 115171
----------------- EntityDimm051                 -----------
ref count      : 1
.PowerState     : send event count: 1
.EnableState    : send event count: 2
.Health         : listened by port : 294920, 
----------------- System_Event_7_8              -----------
ref count      : 1
.EventCode      : send event count: 1
----------------- MARootCrlOverDueMntr_9        -----------
ref count      : 1
.State          : listened by port : 294920, 
----------------- led_Hdd0InsertMntr-2          -----------
ref count      : 1
----------------- ProductTypeExpr               -----------
ref count      : 1
.Value          : listened by port : 294920, 
----------------- PCIeSwUpdatePwrGdPlcy         -----------
ref count      : 1
----------------- led_Mem120UncorrectMntr       -----------
ref count      : 1
----------------- link_status_2-3               -----------
ref count      : 1
.TypeLengthCode : send event count: 1
.SensorName     : send event count: 1
.Health         : listened by port : 688148, 294920, 
.ReadingStatus  : send event count: 1
.AssertStatus   : send event count: 2
.Number         : send event count: 1
----------------- Hdd0FlashMntr-2               -----------
ref count      : 1
.State          : listened by port : 294920, 
----------------- led_Mem111UncorrectMntr       -----------
ref count      : 1
----------------- led_fan3F_status              -----------
ref count      : 1
----------------- lm75_temp_monitor-9           -----------
ref count      : 1
.TempValue      : send event count: 221839
.MonSenValue    : send event count: 118270
----------------- HDDBkpFaultPlcy               -----------
ref count      : 1
----------------- OutletTempExpr                -----------
ref count      : 1
.Value          : send event count: 13 : recv event count: 13 : listened by port : 294920, 
----------------- Power-5                       -----------
ref count      : 1
.SensorUnitStr  : send event count: 1
.ReaddingConvert : send event count: 17619178
.ReadingStatus  : send event count: 1
.SensorName     : send event count: 1
.Number         : send event count: 1
.Health         : listened by port : 688148, 294920, 
.InnerName      : send event count: 1
.TypeLengthCode : send event count: 1
----------------- Hdd8WearoutExp-2              -----------
ref count      : 1
.Value          : send event count: 6 : recv event count: 6 : listened by port : 294920, 
----------------- M2Disk2StatErrMntr            -----------
ref count      : 1
.State          : listened by port : 294920, 
----------------- link_status_2-4               -----------
ref count      : 1
.TypeLengthCode : send event count: 1
.SensorName     : send event count: 1
.Health         : listened by port : 688148, 294920, 
.ReadingStatus  : send event count: 1
.AssertStatus   : send event count: 2
.Number         : send event count: 1
----------------- ComHdd3-2                     -----------
ref count      : 1
.Health         : listened by port : 294920, 
----------------- cpu1_m345_vtemp_mon           -----------
ref count      : 1
.MonSenValue    : send event count: 103226
----------------- RFBAInstallNoProInfo          -----------
ref count      : 1
----------------- veth                          -----------
ref count      : 1
.VlanID         : listened by port : 589841, 
----------------- Power-6                       -----------
ref count      : 1
.SensorUnitStr  : send event count: 1
.ReaddingConvert : send event count: 17827146
.ReadingStatus  : send event count: 1
.SensorName     : send event count: 1
.Number         : send event count: 1
.Health         : listened by port : 688148, 294920, 
.InnerName      : send event count: 1
.TypeLengthCode : send event count: 1
----------------- Mem140InstalledMntr           -----------
ref count      : 1
.State          : send event count: 1 : recv event count: 1 : listened by port : 294920, 
----------------- UnrecovErrorInfo              -----------
ref count      : 1
----------------- EnclosurTimeoutInfo           -----------
ref count      : 1
----------------- FlashEventMntr-902            -----------
ref count      : 1
.Mode           : send event count: 1
.Reading        : send event count: 1
.EventFRU       : send event count: 1
.SavedMode      : send event count: 1
.State          : send event count: 1 : recv event count: 1 : listened by port : 294920, 
.SubjectObj     : send event count: 1
.SavedReading   : send event count: 1
.DescriptionDynamic : send event count: 1
.ScannedCount   : send event count: 1
.PolicyObj      : send event count: 1
.SuggestionDynamic : send event count: 1
.SensorObj      : send event count: 1
.Threshold      : send event count: 1
.InformationObj : send event count: 1
.ReadingMask    : send event count: 1
.Operator       : send event count: 1
.Hysteresis     : send event count: 1
.AddInfo        : send event count: 1
.Time           : send event count: 1
----------------- NandLifeMntr                  -----------
ref count      : 1
.State          : listened by port : 294920, 
----------------- HddRebuildPlcy                -----------
ref count      : 1
----------------- FlashEventMntr-901            -----------
ref count      : 1
.Mode           : send event count: 1
.Reading        : send event count: 1
.EventFRU       : send event count: 1
.SavedMode      : send event count: 1
.State          : send event count: 1 : recv event count: 1 : listened by port : 294920, 
.SubjectObj     : send event count: 1
.SavedReading   : send event count: 1
.DescriptionDynamic : send event count: 1
.ScannedCount   : send event count: 1
.PolicyObj      : send event count: 1
.SuggestionDynamic : send event count: 1
.SensorObj      : send event count: 1
.Threshold      : send event count: 1
.InformationObj : send event count: 1
.ReadingMask    : send event count: 1
.Operator       : send event count: 1
.Hysteresis     : send event count: 1
.AddInfo        : send event count: 1
.Time           : send event count: 1
----------------- BrdConfChangePlcy             -----------
ref count      : 1
----------------- HpcMatchCfgErrInfo            -----------
ref count      : 1
----------------- MeshTempMinorInfo             -----------
ref count      : 1
----------------- MeshCardFaultInfo             -----------
ref count      : 1
----------------- led_dimm000_mntr              -----------
ref count      : 1
----------------- Memory010ReplaceMntr          -----------
ref count      : 1
.State          : listened by port : 294920, 
----------------- ExpanderVoltHighInfo          -----------
ref count      : 1
----------------- FabricPowerOffReqInfo         -----------
ref count      : 1
----------------- M2TrnsCard1IdAcc-8            -----------
ref count      : 1
----------------- Cpu1VddfixLowMntr             -----------
ref count      : 1
.State          : listened by port : 294920, 
----------------- PCIeCompAbsentMinorInfo       -----------
ref count      : 1
----------------- led_ComMemory040              -----------
ref count      : 1
----------------- Memory121ReplaceMntr          -----------
ref count      : 1
.State          : listened by port : 294920, 
----------------- Disk11Listen_0-2              -----------
ref count      : 1
----------------- MemConfigErrPlcy              -----------
ref count      : 1
----------------- pwr_issue_49_exp              -----------
ref count      : 1
.Value          : listened by port : 294920, 
----------------- M2TrnsCard1IdAcc-9            -----------
ref count      : 1
----------------- ChassisCoverPlcy              -----------
ref count      : 1
----------------- Utilization_6f_0              -----------
ref count      : 1
.EventCode      : send event count: 1
----------------- MARootCertOverDueMntr_1       -----------
ref count      : 1
.State          : listened by port : 294920, 
----------------- NoBootDeviceMntr              -----------
ref count      : 1
.State          : listened by port : 294920, 
----------------- BBUAddrConflictMinorInfo      -----------
ref count      : 1
----------------- led_Sys12VLowMntr2            -----------
ref count      : 1
----------------- led_dimm150                   -----------
ref count      : 1
----------------- pwr_issue_27_exp              -----------
ref count      : 1
.Value          : listened by port : 294920, 
----------------- McdlSdr:C                     -----------
ref count      : 1
----------------- led_ComMemory041              -----------
ref count      : 1
----------------- led_Sys12VLowMntr3            -----------
ref count      : 1
----------------- BMCStartResetExp              -----------
ref count      : 1
.Value          : listened by port : 294920, 
----------------- MARootCertOverDueMntr_2       -----------
ref count      : 1
.State          : listened by port : 294920, 
----------------- SysFwProgress_Listen_1        -----------
ref count      : 1
----------------- Cpu1RstOutFlag                -----------
ref count      : 1
.Value          : listened by port : 294920, 
----------------- LeakCardAbsAlmPlcy            -----------
ref count      : 1
----------------- led_dimm151                   -----------
ref count      : 1
----------------- pwr_issue_16_exp              -----------
ref count      : 1
.Value          : listened by port : 294920, 
----------------- led_Mem070InstalledMntr       -----------
ref count      : 1
----------------- PCIeSwVcoreLowerInfo          -----------
ref count      : 1
----------------- Dimm140                       -----------
ref count      : 1
.TypeLengthCode : send event count: 1
.Health         : listened by port : 688148, 294920, 
.ReadingStatus  : send event count: 1
.AssertStatus   : send event count: 2
.Number         : send event count: 1
----------------- LDAPCertDueStatus_exp6_0      -----------
ref count      : 1
.Value          : listened by port : 294920, 
----------------- MARootCertOverDueMntr_3       -----------
ref count      : 1
.State          : listened by port : 294920, 
----------------- ButtonShieldSupportAccessor   -----------
ref count      : 1
----------------- PCIePowerUpDownInfo           -----------
ref count      : 1
----------------- led_Mem061InstalledMntr       -----------
ref count      : 1
----------------- Hdd3RemovedMntr-2             -----------
ref count      : 1
.State          : send event count: 1 : recv event count: 1 : listened by port : 294920, 
----------------- Mem131InstalledMntr           -----------
ref count      : 1
.State          : send event count: 1 : recv event count: 1 : listened by port : 294920, 
----------------- Dimm141                       -----------
ref count      : 1
.TypeLengthCode : send event count: 1
.Health         : listened by port : 688148, 294920, 
.ReadingStatus  : send event count: 1
.AssertStatus   : send event count: 1
.Number         : send event count: 1
----------------- LDAPCertDueStatus_exp6_1      -----------
ref count      : 1
.Value          : listened by port : 294920, 
----------------- MARootCertOverDueMntr_4       -----------
ref count      : 1
.State          : listened by port : 294920, 
----------------- led_Sys12VLowMntr4            -----------
ref count      : 1
----------------- led_dimm070_mntr              -----------
ref count      : 1
----------------- Hdd7RemovedMntr-2             -----------
ref count      : 1
.State          : send event count: 1 : recv event count: 1 : listened by port : 294920, 
----------------- TempMonitor:C                 -----------
ref count      : 1
----------------- led_fan2F_pres                -----------
ref count      : 1
----------------- PortRemovedInfo               -----------
ref count      : 1
----------------- DiskLocatErrInfo              -----------
ref count      : 1
----------------- led_Hdd0RemovedMntr-2         -----------
ref count      : 1
----------------- RAIDBBUFaultPlcy              -----------
ref count      : 1
----------------- MARootCertOverDueMntr_5       -----------
ref count      : 1
.State          : listened by port : 294920, 
----------------- led_Sys12VLowMntr5            -----------
ref count      : 1
----------------- Sys12VHighMntr2               -----------
ref count      : 1
.State          : listened by port : 294920, 
----------------- LDAPCertDueStatus_exp6_2      -----------
ref count      : 1
.Value          : listened by port : 294920, 
----------------- pca9545_dev_test-8            -----------
ref count      : 1
----------------- Mem160ConfigErrMntr           -----------
ref count      : 1
.State          : listened by port : 294920, 
----------------- cpu2_vtemp_exp                -----------
ref count      : 1
.Value          : send event count: 832309 : recv event count: 832308 : listened by port : 294920, 
.X              : send event count: 5635529
----------------- RackPowCapFailCriticalPlcy    -----------
ref count      : 1
----------------- Disk1Listen_6-2               -----------
ref count      : 1
----------------- LDAPCertDueStatus_exp6_3      -----------
ref count      : 1
.Value          : listened by port : 294920, 
----------------- MARootCertOverDueMntr_6       -----------
ref count      : 1
.State          : listened by port : 294920, 
----------------- RiserCard_3V3Event_mon-8      -----------
ref count      : 1
.MonSenValue    : listened by port : 294920, 
.RegValue       : send event count: 1
----------------- led_Hdd8RemovedMntr-2         -----------
ref count      : 1
----------------- BBUOputShoCirdPrtcInfo        -----------
ref count      : 1
----------------- led_Hdd4RemovedMntr-2         -----------
ref count      : 1
----------------- pca9545_dev_test-9            -----------
ref count      : 1
----------------- DBbPresencePlcy               -----------
ref count      : 1
----------------- Disk11LocatErrMntr-2          -----------
ref count      : 1
.State          : listened by port : 294920, 
----------------- Memory070                     -----------
ref count      : 1
.FDMFault       : listened by port : 294920, 
.ReplaceFlag    : listened by port : 294920, 
----------------- BIOSWorkKey                   -----------
ref count      : 1
.WorkKey        : recv event count: 1 : listened by port : 131075, 851993, 294920, 655379, 589841, 
----------------- SysSFPMaxTmp                  -----------
ref count      : 1
.SensorUnitStr  : send event count: 1
.ReaddingConvert : send event count: 100182
.ReadingStatus  : send event count: 133
.Number         : send event count: 1
.Health         : listened by port : 688148, 294920, 
.TypeLengthCode : send event count: 1
----------------- EntityFan1                    -----------
ref count      : 1
.PowerState     : send event count: 1
.EnableState    : send event count: 2
.Health         : listened by port : 294920, 
----------------- MARootCertOverDueMntr_7       -----------
ref count      : 1
.State          : listened by port : 294920, 
----------------- GetServPwrInfoFailedPlcy      -----------
ref count      : 1
----------------- RiserCard_3V3Event_mon-9      -----------
ref count      : 1
.MonSenValue    : listened by port : 294920, 
.RegValue       : send event count: 1
----------------- BIO12VHighInfo                -----------
ref count      : 1
----------------- EnergySavingCancelInfo        -----------
ref count      : 1
----------------- Sys12VHighMntr4               -----------
ref count      : 1
.State          : listened by port : 294920, 
----------------- Disk7Listen_1-2               -----------
ref count      : 1
----------------- SDCardRebuildFailedPlcy       -----------
ref count      : 1
----------------- FlashTest                     -----------
ref count      : 1
----------------- EntityFan2                    -----------
ref count      : 1
.PowerState     : send event count: 1
.EnableState    : send event count: 2
.Health         : listened by port : 294920, 
----------------- MARootCertOverDueMntr_8       -----------
ref count      : 1
.State          : listened by port : 294920, 
----------------- Sys12VHighMntr5               -----------
ref count      : 1
.State          : listened by port : 294920, 
----------------- Memory071                     -----------
ref count      : 1
.FDMFault       : listened by port : 294920, 
.ReplaceFlag    : listened by port : 294920, 
----------------- led_Sys12VLowMntr             -----------
ref count      : 1
----------------- dbd_contbin_H4L4              -----------
ref count      : 1
----------------- Sys12VHighMntr3               -----------
ref count      : 1
.State          : listened by port : 294920, 
----------------- PciePwrFailMntr-901           -----------
ref count      : 1
.Mode           : send event count: 1
.Reading        : send event count: 1
.EventFRU       : send event count: 1
.SavedMode      : send event count: 1
.State          : send event count: 1 : recv event count: 1 : listened by port : 294920, 
.SubjectObj     : send event count: 1
.SavedReading   : send event count: 1
.DescriptionDynamic : send event count: 1
.ScannedCount   : send event count: 1
.PolicyObj      : send event count: 1
.SuggestionDynamic : send event count: 1
.SensorObj      : send event count: 1
.Threshold      : send event count: 1
.InformationObj : send event count: 1
.ReadingMask    : send event count: 1
.Operator       : send event count: 1
.Hysteresis     : send event count: 1
.AddInfo        : send event count: 1
.Time           : send event count: 1
----------------- TimeHopping_listen_1          -----------
ref count      : 1
----------------- vcc_12v0_fail4                -----------
ref count      : 1
.Value          : listened by port : 294920, 
.Y              : send event count: 1
----------------- EntityFan3                    -----------
ref count      : 1
.PowerState     : send event count: 1
.EnableState    : send event count: 2
.Health         : listened by port : 294920, 
----------------- MARootCertOverDueMntr_9       -----------
ref count      : 1
.State          : listened by port : 294920, 
----------------- led_Hdd8RebuildEndMntr-2      -----------
ref count      : 1
----------------- Riser1CardInstalledMntr       -----------
ref count      : 1
.State          : send event count: 1 : recv event count: 1 : listened by port : 294920, 
----------------- HddInner2InsertMntr-2         -----------
ref count      : 1
.State          : send event count: 1 : recv event count: 1 : listened by port : 294920, 
----------------- led_DiskIn2FailMntr-2         -----------
ref count      : 1
----------------- PciePwrFailMntr-902           -----------
ref count      : 1
.Mode           : send event count: 1
.Reading        : send event count: 1
.EventFRU       : send event count: 1
.SavedMode      : send event count: 1
.State          : send event count: 1 : recv event count: 1 : listened by port : 294920, 
.SubjectObj     : send event count: 1
.SavedReading   : send event count: 1
.DescriptionDynamic : send event count: 1
.ScannedCount   : send event count: 1
.PolicyObj      : send event count: 1
.SuggestionDynamic : send event count: 1
.SensorObj      : send event count: 1
.Threshold      : send event count: 1
.InformationObj : send event count: 1
.ReadingMask    : send event count: 1
.Operator       : send event count: 1
.Hysteresis     : send event count: 1
.AddInfo        : send event count: 1
.Time           : send event count: 1
----------------- vcc_12v0_fail3                -----------
ref count      : 1
.Value          : listened by port : 294920, 
.Y              : send event count: 1
----------------- vcc_12v0_fail5                -----------
ref count      : 1
.Value          : listened by port : 294920, 
.Y              : send event count: 1
----------------- EntityFan4                    -----------
ref count      : 1
.PowerState     : send event count: 1
.EnableState    : send event count: 2
.Health         : listened by port : 294920, 
----------------- CLASSFANTYPE:C                -----------
ref count      : 1
----------------- RearBackplanePortCMntr-e      -----------
ref count      : 1
.State          : listened by port : 294920, 
----------------- Rear3Bkp_Riser_valid          -----------
ref count      : 1
.Value          : send event count: 1 : recv event count: 1 : listened by port : 294920, 
----------------- RAIDBBULowInfo                -----------
ref count      : 1
----------------- SmmStdbyVoltPlcy              -----------
ref count      : 1
----------------- Mem071ECCMntr                 -----------
ref count      : 1
.State          : listened by port : 294920, 
----------------- MezzSys1_8VLowInfo            -----------
ref count      : 1
----------------- Mem100InstalledMntr           -----------
ref count      : 1
.State          : send event count: 1 : recv event count: 1 : listened by port : 294920, 
----------------- Bin_Cpu_CpldAccessor          -----------
ref count      : 1
----------------- GpuCarrBoardVoltPlcy          -----------
ref count      : 1
----------------- Cpu1Prochot                   -----------
ref count      : 1
.TypeLengthCode : send event count: 1
.Health         : listened by port : 688148, 294920, 
.ReadingStatus  : send event count: 1
.AssertStatus   : send event count: 1
.Number         : send event count: 1
----------------- pwr_issue_38_exp              -----------
ref count      : 1
.Value          : listened by port : 294920, 
----------------- CpuQpiLinkPFAEInfo            -----------
ref count      : 1
----------------- led_Mem140RemovedMntr         -----------
ref count      : 1
----------------- CXPLinkInfo                   -----------
ref count      : 1
----------------- 1822Chip1V8HighPlcy           -----------
ref count      : 1
----------------- SysRestartTurnOnPolicyInfo    -----------
ref count      : 1
----------------- Mem151ConfigErrMntr           -----------
ref count      : 1
.State          : listened by port : 294920, 
----------------- Disk1StatErrExp-2             -----------
ref count      : 1
.Value          : send event count: 4 : recv event count: 4 : listened by port : 294920, 
----------------- HDDBKP_RearBKP                -----------
ref count      : 1
.Value          : send event count: 1 : listened by port : 294920, 
----------------- CpuVDDFixPlcy                 -----------
ref count      : 1
----------------- PowerOffInfo                  -----------
ref count      : 1
----------------- HddFailedArrayInfo            -----------
ref count      : 1
----------------- Mem171ECCMntr                 -----------
ref count      : 1
.State          : listened by port : 294920, 
----------------- DiskIn2DevFault-2             -----------
ref count      : 1
.Value          : listened by port : 294920, 
----------------- 0V85_2_PwrCirAbl_Exp          -----------
ref count      : 1
.Value          : listened by port : 294920, 
----------------- LicenseAlarmInfo              -----------
ref count      : 1
----------------- led_Cpu1UncorrectMntr         -----------
ref count      : 1
----------------- Mem040ConfigErrorCond         -----------
ref count      : 1
----------------- LatchIssueSignalMonitor       -----------
ref count      : 1
----------------- 12BpPresAccessor              -----------
ref count      : 1
----------------- pg_ddr4_vppreg_deb-1          -----------
ref count      : 1
.MonSenValue    : listened by port : 294920, 
.RegValue       : send event count: 7
----------------- Hdd10ReplaceMntr-2            -----------
ref count      : 1
.State          : send event count: 2 : recv event count: 2 : listened by port : 294920, 
.Time           : send event count: 1
----------------- EX1VPlcy                      -----------
ref count      : 1
----------------- Lom2Port0LinkAccessor-3       -----------
ref count      : 1
----------------- Fan2FSpeed_category_exp       -----------
ref count      : 1
.Value          : send event count: 1 : recv event count: 1 : listened by port : 294920, 
----------------- Hdd7InsertMntr-2              -----------
ref count      : 1
.State          : send event count: 1 : recv event count: 1 : listened by port : 294920, 
----------------- SelFilter_f0                  -----------
ref count      : 1
----------------- vcc_12v0_fail2                -----------
ref count      : 1
.Value          : listened by port : 294920, 
.Y              : send event count: 1
----------------- PS_Listen_6_2-5               -----------
ref count      : 1
----------------- Lom2Port0LinkAccessor-4       -----------
ref count      : 1
----------------- Fan1FInstallMntr              -----------
ref count      : 1
.State          : send event count: 1 : recv event count: 1 : listened by port : 294920, 
----------------- MeshCardVoltFailInfo          -----------
ref count      : 1
----------------- EthGroup:C                    -----------
ref count      : 1
----------------- 1822Chip1V2GetFailInfo        -----------
ref count      : 1
----------------- TrapItemCfg:C                 -----------
ref count      : 1
----------------- Mem040RemovedMntr             -----------
ref count      : 1
.State          : send event count: 1 : recv event count: 1 : listened by port : 294920, 
----------------- SelFilter_f1                  -----------
ref count      : 1
----------------- Raid-1                        -----------
ref count      : 1
.Health         : listened by port : 294920, 
.ReplaceFlag    : listened by port : 294920, 
----------------- PS_Listen_6_2-6               -----------
ref count      : 1
----------------- RiserCardPwrInfo              -----------
ref count      : 1
----------------- led_Mem030InstalledMntr       -----------
ref count      : 1
----------------- Mem150ConfigErrorCond         -----------
ref count      : 1
----------------- PsuMixInsertSupInfo           -----------
ref count      : 1
----------------- Stdby1_8V_LswLowInfo          -----------
ref count      : 1
----------------- lom_entity-3                  -----------
ref count      : 1
.PowerState     : send event count: 1
.EnableState    : send event count: 2
.Health         : listened by port : 294920, 
----------------- DiskPartitionUsagePlcy        -----------
ref count      : 1
----------------- HddIn0RbdStartMntr-2          -----------
ref count      : 1
.State          : listened by port : 294920, 
----------------- Mem151RemovedMntr             -----------
ref count      : 1
.State          : send event count: 1 : recv event count: 1 : listened by port : 294920, 
----------------- Cpu1VddfixHighMntr            -----------
ref count      : 1
.State          : listened by port : 294920, 
----------------- Mem121ConfigErrorCond         -----------
ref count      : 1
----------------- RaidBBUTempRdFailMntr-1       -----------
ref count      : 1
.State          : listened by port : 294920, 
----------------- SensorOemConfig:C             -----------
ref count      : 1
----------------- RearSasCableErrInLoop         -----------
ref count      : 1
.Value          : listened by port : 294920, 
----------------- led_Mem021InstalledMntr       -----------
ref count      : 1
----------------- InsufficientBBUTimePlcy       -----------
ref count      : 1
----------------- lom_entity-4                  -----------
ref count      : 1
.Instance       : send event count: 1
.PowerState     : send event count: 1
.EnableState    : send event count: 2
.Health         : listened by port : 294920, 
----------------- CpuMarginFailInfo             -----------
ref count      : 1
----------------- volt_12v3_sensor_monitor      -----------
ref count      : 1
----------------- Port1LinkStatus_exp-4         -----------
ref count      : 1
.Value          : send event count: 121 : recv event count: 121 : listened by port : 294920, 
----------------- Hdd5-2                        -----------
ref count      : 1
.RebuildState   : listened by port : 294920, 
.Presence       : listened by port : 294920, 
.Id             : listened by port : 229382, 491534, 
.ReplaceFlag    : listened by port : 294920, 
----------------- ComHdd10-2                    -----------
ref count      : 1
.Health         : recv event count: 2 : listened by port : 294920, 
----------------- GetMiHeFaEventExpr-901        -----------
ref count      : 1
.Value          : listened by port : 294920, 
----------------- RearBackplaneConnect          -----------
ref count      : 1
----------------- PCIeOverCurMntr-801           -----------
ref count      : 1
.Mode           : send event count: 1
.Reading        : send event count: 1
.EventFRU       : send event count: 1
.SavedMode      : send event count: 1
.State          : send event count: 1 : recv event count: 1 : listened by port : 294920, 
.SubjectObj     : send event count: 1
.SavedReading   : send event count: 1
.DescriptionDynamic : send event count: 1
.ScannedCount   : send event count: 1
.PolicyObj      : send event count: 1
.SuggestionDynamic : send event count: 1
.SensorObj      : send event count: 1
.Threshold      : send event count: 1
.InformationObj : send event count: 1
.ReadingMask    : send event count: 1
.Operator       : send event count: 1
.Hysteresis     : send event count: 1
.AddInfo        : send event count: 1
.Time           : send event count: 1
----------------- PCIeOverCurMntr-802           -----------
ref count      : 1
.Mode           : send event count: 1
.Reading        : send event count: 1
.EventFRU       : send event count: 1
.SavedMode      : send event count: 1
.State          : send event count: 1 : recv event count: 1 : listened by port : 294920, 
.SubjectObj     : send event count: 1
.SavedReading   : send event count: 1
.DescriptionDynamic : send event count: 1
.ScannedCount   : send event count: 1
.PolicyObj      : send event count: 1
.SuggestionDynamic : send event count: 1
.SensorObj      : send event count: 1
.Threshold      : send event count: 1
.InformationObj : send event count: 1
.ReadingMask    : send event count: 1
.Operator       : send event count: 1
.Hysteresis     : send event count: 1
.AddInfo        : send event count: 1
.Time           : send event count: 1
----------------- Port1LinkStatus_exp-3         -----------
ref count      : 1
.Value          : send event count: 109 : recv event count: 109 : listened by port : 294920, 
----------------- CpuTypeCpldAccessor           -----------
ref count      : 1
----------------- led_Mem050ConfigErrMntr       -----------
ref count      : 1
----------------- led_dimm120_mntr              -----------
ref count      : 1
----------------- BoardPlugPlcy                 -----------
ref count      : 1
----------------- Mem120ConfigErrMntr           -----------
ref count      : 1
.State          : listened by port : 294920, 
----------------- Stdby3_3VLowInfo              -----------
ref count      : 1
----------------- VoltageFailEventExpr-901      -----------
ref count      : 1
.Value          : listened by port : 294920, 
----------------- Mem060UncorrectMntr           -----------
ref count      : 1
.State          : listened by port : 294920, 
----------------- cpu1_vrd1_chip                -----------
ref count      : 1
----------------- Mem011ConfigErrorCond         -----------
ref count      : 1
----------------- GetMiHeFaEventExpr-902        -----------
ref count      : 1
.Value          : listened by port : 294920, 
----------------- Mem051UncorrectMntr           -----------
ref count      : 1
.State          : listened by port : 294920, 
----------------- pwr_latch_issue_38_exp        -----------
ref count      : 1
.Value          : listened by port : 294920, 
----------------- VoltageFailEventExpr-902      -----------
ref count      : 1
.Value          : listened by port : 294920, 
----------------- CpuReplacePlcy                -----------
ref count      : 1
----------------- DiscreteSensor:C              -----------
ref count      : 1
----------------- PwrCircuitAbnormalPlcy        -----------
ref count      : 1
----------------- TimOutPwrOffMntr              -----------
ref count      : 1
.State          : listened by port : 294920, 
----------------- 12V_4_Volt                    -----------
ref count      : 1
.DebounceValue  : send event count: 23542998
.RawValue       : send event count: 1
----------------- DiskInner2Lsn_1_e1-2          -----------
ref count      : 1
.Value          : listened by port : 294920, 
----------------- GPUBoardReplaceInfo           -----------
ref count      : 1
----------------- OcpCardTempPlcy               -----------
ref count      : 1
----------------- RepeaterUpfailPlcy            -----------
ref count      : 1
----------------- PcieStatus_Listen_0-801       -----------
ref count      : 1
.conversion     : send event count: 1
.SensorName     : send event count: 1
.Data1Ref       : send event count: 1
.Data2Ref       : send event count: 1
.ListenType     : send event count: 1
.PropertyRef    : send event count: 1
.DirectionRef   : send event count: 1
.Data0Ref       : send event count: 1
----------------- DiskInner1-2                  -----------
ref count      : 1
.TypeLengthCode : send event count: 1
.Health         : listened by port : 688148, 294920, 
.ReadingStatus  : send event count: 1
.AssertStatus   : send event count: 1
.Number         : send event count: 1
----------------- ComMemory170                  -----------
ref count      : 1
.Health         : listened by port : 294920, 
----------------- 0V9_2_PwrCirAblMntr           -----------
ref count      : 1
.State          : listened by port : 294920, 
----------------- HddInner1FlashMntr-2          -----------
ref count      : 1
.State          : listened by port : 294920, 
----------------- SSLCertDueStatus_exp          -----------
ref count      : 1
.Value          : listened by port : 294920, 
----------------- LDAPCertMonitor2_10           -----------
ref count      : 1
----------------- Cpu2QPIPFAPort1Mntr           -----------
ref count      : 1
.State          : listened by port : 294920, 
----------------- ThresholdAssert:C             -----------
ref count      : 1
----------------- led_Mem041ConfigErrMntr       -----------
ref count      : 1
----------------- AlertString_0                 -----------
ref count      : 1
----------------- Mem111ConfigErrMntr           -----------
ref count      : 1
.State          : listened by port : 294920, 
----------------- OemSdr_1                      -----------
ref count      : 1
----------------- Mainboard1VLowInfo            -----------
ref count      : 1
----------------- PCIeFirmwareFailurePlcy       -----------
ref count      : 1
----------------- 100M1ClockAccessor            -----------
ref count      : 1
----------------- RackCableDisconnectedInfo     -----------
ref count      : 1
----------------- RTCTime                       -----------
ref count      : 1
.TypeLengthCode : send event count: 1
.Health         : listened by port : 688148, 294920, 
.ReadingStatus  : send event count: 1
.AssertStatus   : send event count: 1
.Number         : send event count: 1
----------------- EntityDimm060                 -----------
ref count      : 1
.PowerState     : send event count: 1
.EnableState    : send event count: 2
.Health         : listened by port : 294920, 
----------------- Disk8LocatErrMntr-2           -----------
ref count      : 1
.State          : listened by port : 294920, 
----------------- AcpiStatus                    -----------
ref count      : 1
.TypeLengthCode : send event count: 1
.Health         : listened by port : 688148, 294920, 
.ReadingStatus  : send event count: 1
.AssertStatus   : send event count: 2
.Number         : send event count: 1
----------------- AlertString_1                 -----------
ref count      : 1
----------------- OemSdr_2                      -----------
ref count      : 1
----------------- PCIeSwTempMajorInfo           -----------
ref count      : 1
----------------- pwr_latch_issue_16_exp        -----------
ref count      : 1
.Value          : listened by port : 294920, 
----------------- ElectValveOut12VHighInfo      -----------
ref count      : 1
----------------- GPUInletTemp-801              -----------
ref count      : 1
.DeassertionMask : send event count: 1
.LowerNonrecoverable : send event count: 1
.NormalMax      : send event count: 1
.AssertionMask  : send event count: 1
.BaseUnit       : send event count: 1
.OwnerLun       : send event count: 1
.SensorTypeStr  : send event count: 1
.UpperCritical  : send event count: 1
.NominalReading : send event count: 1
.SensorUnitStr  : send event count: 2
.SensorType     : send event count: 1
.NegativeHysteresisConvert : send event count: 1
.DeassertStatus : send event count: 1
.LowerCritical  : send event count: 1
.M              : send event count: 1
.B              : send event count: 1
.LowerNonrecoverableConvert : send event count: 1
.ReaddingConvert : send event count: 90763
.LowerCriticalConvert : send event count: 1
.ReadingRaw     : send event count: 1
.LowerNoncritical : send event count: 1
.Function       : send event count: 1
.UpperCriticalConvert : send event count: 1
.PositiveHysteresis : send event count: 1
.UpperNonrecoverableConvert : send event count: 1
.DiscreteReadingMask : send event count: 1
.UpperNoncriticalConvert : send event count: 1
.EventReadingType : send event count: 1
.MinReading     : send event count: 1
.Capabilities   : send event count: 1
.SensorUnit     : send event count: 1
.ReadingStatus  : send event count: 102
.AssertStatus   : send event count: 1
.AnalogFlags    : send event count: 1
.SensorName     : send event count: 2
.Tolerance      : send event count: 1
.Number         : send event count: 2
.Health         : send event count: 1 : recv event count: 1 : listened by port : 688148, 294920, 
.InnerName      : send event count: 1
.EntityInstance : send event count: 1
.AccuracyExp    : send event count: 1
.PositiveHysteresisConvert : send event count: 1
.RBExp          : send event count: 1
.NormalMin      : send event count: 1
.Initialization : send event count: 1
.ModifierUnit   : send event count: 1
.LowerNoncriticalConvert : send event count: 1
.EntityId       : send event count: 1
.UpperNoncritical : send event count: 1
.UpperNonrecoverable : send event count: 1
.OwnerId        : send event count: 1
.Accuracy       : send event count: 1
.MaxReading     : send event count: 1
.TypeLengthCode : send event count: 2
.NegativeHysteresis : send event count: 1
----------------- Hdd7PredicFailMntr-2          -----------
ref count      : 1
.State          : listened by port : 294920, 
----------------- EntityDimm061                 -----------
ref count      : 1
.PowerState     : send event count: 1
.EnableState    : send event count: 2
.Health         : listened by port : 294920, 
----------------- AlertString_2                 -----------
ref count      : 1
----------------- Ps1RemovedMntr                -----------
ref count      : 1
.State          : send event count: 1 : recv event count: 1 : listened by port : 294920, 
----------------- Mem010ECCMntr                 -----------
ref count      : 1
.State          : listened by port : 294920, 
----------------- Disk9Listen_1_Exp-2           -----------
ref count      : 1
.Value          : send event count: 2 : recv event count: 2 : listened by port : 294920, 
----------------- Cpu1MemTempFailDebounce       -----------
ref count      : 1
.MonSenValue    : listened by port : 294920, 
----------------- pwr_latch_issue_05_exp        -----------
ref count      : 1
.Value          : listened by port : 294920, 
----------------- OcpOMTempPlcy                 -----------
ref count      : 1
----------------- SASCableInfo                  -----------
ref count      : 1
----------------- TimOutPwrCycleInfo            -----------
ref count      : 1
----------------- Port3BWUsage_exp-3            -----------
ref count      : 1
.Value          : listened by port : 294920, 
----------------- cpu2_mem012_vrd_temp_exp      -----------
ref count      : 1
.Value          : send event count: 404345 : recv event count: 404344 : listened by port : 294920, 
.X              : send event count: 2727189
----------------- AlertString_3                 -----------
ref count      : 1
----------------- SysRestartPlcy                -----------
ref count      : 1
----------------- DiskIn1StatErrExp-2           -----------
ref count      : 1
.Value          : listened by port : 294920, 
----------------- ComMemory171                  -----------
ref count      : 1
.Health         : listened by port : 294920, 
----------------- PCIeCardGetInfoFailInfo       -----------
ref count      : 1
----------------- USBPortFaultPlcy              -----------
ref count      : 1
----------------- BaseCPUHighInfo               -----------
ref count      : 1
----------------- FAN1FSpeedOemConfig           -----------
ref count      : 1
----------------- BmcHeartbeatExpInfo           -----------
ref count      : 1
----------------- cpu1_mem012_vrd_temp_exp      -----------
ref count      : 1
.Value          : send event count: 381364 : recv event count: 381363 : listened by port : 294920, 
.X              : send event count: 3130483
----------------- AlertString_4                 -----------
ref count      : 1
----------------- MosVoltAbnormalInfo           -----------
ref count      : 1
----------------- VinOvFaultMntr-5              -----------
ref count      : 1
.State          : listened by port : 294920, 
----------------- led_Disk9FailMntr-2           -----------
ref count      : 1
----------------- 12V0_5PwrCirAbnormal          -----------
ref count      : 1
----------------- BakHeartAbnorInfo             -----------
ref count      : 1
----------------- Disk2MissingMntr-2            -----------
ref count      : 1
.State          : listened by port : 294920, 
----------------- Cpu1Vddq2LowWarningMntr       -----------
ref count      : 1
.State          : listened by port : 294920, 
----------------- Port3BWUsage_exp-4            -----------
ref count      : 1
.Value          : listened by port : 294920, 
----------------- pca9545_chan1-e               -----------
ref count      : 1
----------------- led_cpu2_status               -----------
ref count      : 1
----------------- AlertString_5                 -----------
ref count      : 1
----------------- RedfishWorkKey                -----------
ref count      : 1
.WorkKey        : recv event count: 1 : listened by port : 131075, 851993, 294920, 655379, 589841, 
----------------- SysRestartWDTMntr             -----------
ref count      : 1
.State          : listened by port : 294920, 
----------------- VinOvFaultMntr-6              -----------
ref count      : 1
.State          : listened by port : 294920, 
----------------- InletTemp_category_exp        -----------
ref count      : 1
.Value          : send event count: 1 : recv event count: 1 : listened by port : 294920, 
.X              : send event count: 1
----------------- Disk6MissingMntr-2            -----------
ref count      : 1
.State          : listened by port : 294920, 
----------------- BbuBatteryMinorPlcy           -----------
ref count      : 1
----------------- Mem110ECCMntr                 -----------
ref count      : 1
.State          : listened by port : 294920, 
----------------- GPUInletTemp-802              -----------
ref count      : 1
.DeassertionMask : send event count: 1
.LowerNonrecoverable : send event count: 1
.NormalMax      : send event count: 1
.AssertionMask  : send event count: 1
.BaseUnit       : send event count: 1
.OwnerLun       : send event count: 1
.SensorTypeStr  : send event count: 1
.UpperCritical  : send event count: 1
.NominalReading : send event count: 1
.SensorUnitStr  : send event count: 2
.SensorType     : send event count: 1
.NegativeHysteresisConvert : send event count: 1
.DeassertStatus : send event count: 1
.LowerCritical  : send event count: 1
.M              : send event count: 1
.B              : send event count: 1
.LowerNonrecoverableConvert : send event count: 1
.ReaddingConvert : send event count: 87256
.LowerCriticalConvert : send event count: 1
.ReadingRaw     : send event count: 1
.LowerNoncritical : send event count: 1
.Function       : send event count: 1
.UpperCriticalConvert : send event count: 1
.PositiveHysteresis : send event count: 1
.UpperNonrecoverableConvert : send event count: 1
.DiscreteReadingMask : send event count: 1
.UpperNoncriticalConvert : send event count: 1
.EventReadingType : send event count: 1
.MinReading     : send event count: 1
.Capabilities   : send event count: 1
.SensorUnit     : send event count: 1
.ReadingStatus  : send event count: 102
.AssertStatus   : send event count: 1
.AnalogFlags    : send event count: 1
.SensorName     : send event count: 2
.Tolerance      : send event count: 1
.Number         : send event count: 2
.Health         : send event count: 1 : recv event count: 1 : listened by port : 688148, 294920, 
.InnerName      : send event count: 1
.EntityInstance : send event count: 1
.AccuracyExp    : send event count: 1
.PositiveHysteresisConvert : send event count: 1
.RBExp          : send event count: 1
.NormalMin      : send event count: 1
.Initialization : send event count: 1
.ModifierUnit   : send event count: 1
.LowerNoncriticalConvert : send event count: 1
.EntityId       : send event count: 1
.UpperNoncritical : send event count: 1
.UpperNonrecoverable : send event count: 1
.OwnerId        : send event count: 1
.Accuracy       : send event count: 1
.MaxReading     : send event count: 1
.TypeLengthCode : send event count: 2
.NegativeHysteresis : send event count: 1
----------------- NetBandwidthUsagePlcy         -----------
ref count      : 1
----------------- AlertString_6                 -----------
ref count      : 1
----------------- Hdd2RebuildEndMntr-2          -----------
ref count      : 1
.State          : send event count: 1 : recv event count: 1 : listened by port : 294920, 
----------------- cpu1vsa_volt_value            -----------
ref count      : 1
.Value          : send event count: 1411708 : recv event count: 1411708 : listened by port : 294920, 
----------------- Hdd1RAIDPHYMntr-2             -----------
ref count      : 1
.State          : listened by port : 294920, 
----------------- Mem060InitErrorCond           -----------
ref count      : 1
----------------- AlertString_7                 -----------
ref count      : 1
----------------- Hdd1ExpPHYMntr-2              -----------
ref count      : 1
.State          : listened by port : 294920, 
----------------- led_Mem010ConfigErrMntr       -----------
ref count      : 1
----------------- led_ComMemory050              -----------
ref count      : 1
----------------- Hdd5RAIDPHYMntr-2             -----------
ref count      : 1
.State          : listened by port : 294920, 
----------------- IOBrdMosOverTempInfo          -----------
ref count      : 1
----------------- LeakCardPresentInfo           -----------
ref count      : 1
----------------- OCPHWFaultMinorInfo           -----------
ref count      : 1
----------------- PCIeGetVoltageFailPlcy        -----------
ref count      : 1
----------------- Cpu2DdrVddq1LowMntr           -----------
ref count      : 1
.State          : listened by port : 294920, 
----------------- RaidCardTemp-1                -----------
ref count      : 1
.SensorUnitStr  : send event count: 1
.ReaddingConvert : send event count: 134550
.ReadingStatus  : send event count: 103
.Number         : send event count: 1
.Health         : listened by port : 688148, 294920, 
.TypeLengthCode : send event count: 1
----------------- Hdd9RAIDPHYMntr-2             -----------
ref count      : 1
.State          : listened by port : 294920, 
----------------- led_ComMemory051              -----------
ref count      : 1
----------------- PSFanFaultExpression-6        -----------
ref count      : 1
.Value          : listened by port : 294920, 
----------------- Mem020UncorrectMntr           -----------
ref count      : 1
.State          : listened by port : 294920, 
----------------- led_dimm160                   -----------
ref count      : 1
----------------- Mem011UncorrectMntr           -----------
ref count      : 1
.State          : listened by port : 294920, 
----------------- RaidCardStatusMntr-1          -----------
ref count      : 1
.State          : listened by port : 294920, 
----------------- CpuMismatchPlcy               -----------
ref count      : 1
----------------- PcieStatus_Listen_0-802       -----------
ref count      : 1
.conversion     : send event count: 1
.SensorName     : send event count: 1
.Data1Ref       : send event count: 1
.Data2Ref       : send event count: 1
.ListenType     : send event count: 1
.PropertyRef    : send event count: 1
.DirectionRef   : send event count: 1
.Data0Ref       : send event count: 1
----------------- CPUBoardReplaceInfo           -----------
ref count      : 1
----------------- CpuVDDQHotInfo                -----------
ref count      : 1
----------------- pwr_latch_issue_27_exp        -----------
ref count      : 1
.Value          : listened by port : 294920, 
----------------- Power2OemConfig               -----------
ref count      : 1
----------------- led_dimm161                   -----------
ref count      : 1
----------------- led_Cpu2ProchotMntr           -----------
ref count      : 1
----------------- CpuVccioGetFailedInfo         -----------
ref count      : 1
----------------- OneMorePsInfo                 -----------
ref count      : 1
----------------- Cpu1DdrVddq2FailMntr          -----------
ref count      : 1
.State          : listened by port : 294920, 
----------------- Dimm150                       -----------
ref count      : 1
.TypeLengthCode : send event count: 1
.Health         : listened by port : 688148, 294920, 
.ReadingStatus  : send event count: 1
.AssertStatus   : send event count: 1
.Number         : send event count: 1
----------------- VoutOvWarningMntr-5           -----------
ref count      : 1
.State          : listened by port : 294920, 
----------------- Disk3ForeignMntr-2            -----------
ref count      : 1
.State          : listened by port : 294920, 
----------------- raid_error_exp_2-1            -----------
ref count      : 1
.Value          : listened by port : 294920, 
----------------- FanRedundancyExpr_1           -----------
ref count      : 1
.Value          : send event count: 1 : recv event count: 1 : listened by port : 294920, 
----------------- PSFanFaultExpression-5        -----------
ref count      : 1
.Value          : listened by port : 294920, 
----------------- Hotswap:C                     -----------
ref count      : 1
----------------- Cpu2Vddq2HighWarningMntr      -----------
ref count      : 1
.State          : listened by port : 294920, 
----------------- CpldSelfcheckMntr2            -----------
ref count      : 1
.State          : listened by port : 294920, 
----------------- VoutOvWarningMntr-6           -----------
ref count      : 1
.State          : listened by port : 294920, 
----------------- Dimm151                       -----------
ref count      : 1
.TypeLengthCode : send event count: 1
.Health         : listened by port : 688148, 294920, 
.ReadingStatus  : send event count: 1
.AssertStatus   : send event count: 1
.Number         : send event count: 1
----------------- Disk7ForeignMntr-2            -----------
ref count      : 1
.State          : listened by port : 294920, 
----------------- Sys12VGetFail3Mntr            -----------
ref count      : 1
.State          : listened by port : 294920, 
----------------- SASCable_sen                  -----------
ref count      : 1
.TypeLengthCode : send event count: 1
.Health         : listened by port : 688148, 294920, 
.ReadingStatus  : send event count: 1
.AssertStatus   : send event count: 1
.Number         : send event count: 1
----------------- EntityDiskInner2-2            -----------
ref count      : 1
.Health         : listened by port : 294920, 
----------------- LicenseRevokeInfo             -----------
ref count      : 1
----------------- 0V6_2_PwrCirAbnormal          -----------
ref count      : 1
----------------- PcieSlimline1_Type            -----------
ref count      : 1
.Value          : send event count: 1 : recv event count: 1 : listened by port : 294920, 
----------------- syspower                      -----------
ref count      : 1
----------------- NandBlockPlcy                 -----------
ref count      : 1
----------------- LswPortLinkDownInfo           -----------
ref count      : 1
----------------- Power1OemConfig               -----------
ref count      : 1
----------------- SlotNumberFailPlcy            -----------
ref count      : 1
----------------- HddIn0WearoutExp-2            -----------
ref count      : 1
.Value          : send event count: 1 : recv event count: 1 : listened by port : 294920, 
----------------- SysRestart_Event_7_8_0        -----------
ref count      : 1
.EventCode      : send event count: 1
----------------- lom1_port3_link_mon-3         -----------
ref count      : 1
.MonSenValue    : send event count: 1 : recv event count: 1 : listened by port : 294920, 
----------------- Mem051InitErrorCond           -----------
ref count      : 1
----------------- NICVoltPlcy                   -----------
ref count      : 1
----------------- MemUsageMntr                  -----------
ref count      : 1
.State          : listened by port : 294920, 
----------------- lm75_temp_monitor-e           -----------
ref count      : 1
.TempValue      : send event count: 165918
.MonSenValue    : send event count: 93810
----------------- SMMCommLossInfo               -----------
ref count      : 1
----------------- Disk4LocatErrMntr-2           -----------
ref count      : 1
.State          : listened by port : 294920, 
----------------- led_HddIn3RbdStartMntr-2      -----------
ref count      : 1
----------------- MainboardLOMAERPlcy           -----------
ref count      : 1
----------------- PCIeSwVDDHighInfo             -----------
ref count      : 1
----------------- lom1_port3_link_mon-4         -----------
ref count      : 1
.MonSenValue    : send event count: 1 : recv event count: 1 : listened by port : 294920, 
----------------- SysRestart_Event_7_8_1        -----------
ref count      : 1
.EventCode      : send event count: 1
----------------- Cpu1Vddq2HighWarningMntr      -----------
ref count      : 1
.State          : listened by port : 294920, 
----------------- GpuCarrBoardPFAEInfo          -----------
ref count      : 1
----------------- HddIn0FailAryMntr-2           -----------
ref count      : 1
.State          : listened by port : 294920, 
----------------- DiskInner1Listen_1_Exp-2      -----------
ref count      : 1
.Value          : listened by port : 294920, 
----------------- raid_bbu_temp_monitor-1       -----------
ref count      : 1
.MonSenValue    : send event count: 62640
----------------- DiskInner0Listen_1-2          -----------
ref count      : 1
----------------- BIO12VPlcy                    -----------
ref count      : 1
----------------- 12V_5_Volt_LowMntr            -----------
ref count      : 1
.State          : listened by port : 294920, 
----------------- led_Mem001ConfigErrMntr       -----------
ref count      : 1
----------------- ComRaidCard-1                 -----------
ref count      : 1
.Health         : listened by port : 294920, 
----------------- Sel                           -----------
ref count      : 1
.SelMaxNum      : send event count: 1
.SELCleared     : listened by port : 294920, 
.UnitSize       : send event count: 1
.SelCurNum      : send event count: 812
.DelTime        : send event count: 1
.AddTime        : send event count: 413
----------------- Cpu1ProcHotListen_1           -----------
ref count      : 1
----------------- Disk5Listen_1_Exp-2           -----------
ref count      : 1
.Value          : listened by port : 294920, 
----------------- FRUHotSwapPlcy                -----------
ref count      : 1
----------------- led_HddIn0RemovedMntr-2       -----------
ref count      : 1
----------------- Disk11Listen_1_Exp1-2         -----------
ref count      : 1
.Value          : listened by port : 294920, 
----------------- BBUCommLostInfo               -----------
ref count      : 1
----------------- CpuBdTempGetFailInfo          -----------
ref count      : 1
----------------- Port2LinkStatusMon-3          -----------
ref count      : 1
.MonSenValue    : send event count: 2 : recv event count: 2 : listened by port : 294920, 
----------------- pca9545_chan1                 -----------
ref count      : 1
----------------- Disk2Listen_6-2               -----------
ref count      : 1
----------------- MemUtilise_Listen_1           -----------
ref count      : 1
----------------- vcc_12v0_fail3Debounce        -----------
ref count      : 1
.MonSenValue    : listened by port : 294920, 
----------------- PowerIin16Exp-5               -----------
ref count      : 1
.Value          : send event count: 20954606 : recv event count: 20954606 : listened by port : 294920, 
----------------- led_Mem061RemovedMntr         -----------
ref count      : 1
----------------- Stby1VFailInfo                -----------
ref count      : 1
----------------- Port2LinkStatusMon-4          -----------
ref count      : 1
.MonSenValue    : send event count: 2 : recv event count: 2 : listened by port : 294920, 
----------------- pca9545_chan2                 -----------
ref count      : 1
----------------- BMAForwardFailInfo            -----------
ref count      : 1
----------------- pwr_issue_52_exp              -----------
ref count      : 1
.Value          : listened by port : 294920, 
----------------- 12V0_1PwrCirAbnormal          -----------
ref count      : 1
----------------- PowerIin16Exp-6               -----------
ref count      : 1
.Value          : send event count: 20991153 : recv event count: 20991153 : listened by port : 294920, 
----------------- pwr_issue_41_exp              -----------
ref count      : 1
.Value          : listened by port : 294920, 
----------------- Disk8Listen_1-2               -----------
ref count      : 1
----------------- SyslogConfig:C                -----------
ref count      : 1
----------------- pwr_issue_30_exp              -----------
ref count      : 1
.Value          : listened by port : 294920, 
----------------- pca9545_chan3                 -----------
ref count      : 1
----------------- M2TrnsCard1IdAcc-e            -----------
ref count      : 1
----------------- InletTempFailMntr             -----------
ref count      : 1
.State          : listened by port : 294920, 
----------------- EntityDisk7-2                 -----------
ref count      : 1
.Health         : listened by port : 294920, 
----------------- DiskIn1MissingMntr-2          -----------
ref count      : 1
.State          : listened by port : 294920, 
----------------- SMezzPowerOffingInfo          -----------
ref count      : 1
----------------- Cpu2MemTemp_category_exp      -----------
ref count      : 1
.Value          : send event count: 1 : recv event count: 1 : listened by port : 294920, 
----------------- pca9545_chan4                 -----------
ref count      : 1
----------------- pwr_issue_63_exp              -----------
ref count      : 1
.Value          : listened by port : 294920, 
----------------- PCIeSwVIOHighInfo             -----------
ref count      : 1
----------------- RAIDBBUInstallMntr-1          -----------
ref count      : 1
.State          : send event count: 31 : recv event count: 31 : listened by port : 294920, 
.SavedReading   : send event count: 1
.Time           : send event count: 15
----------------- Cpu1VddfixLowWaringMntr       -----------
ref count      : 1
.State          : listened by port : 294920, 
----------------- MemNVDIMMSlotPlcy             -----------
ref count      : 1
----------------- BBUCellOverTemMajInfo         -----------
ref count      : 1
----------------- LswChipFaultInfo              -----------
ref count      : 1
----------------- EiuaVoltGetFailPlcy           -----------
ref count      : 1
----------------- SysRestart_Event_7_8_8        -----------
ref count      : 1
.EventCode      : send event count: 1
----------------- CpuMemTempFailPlcy            -----------
ref count      : 1
----------------- 5V0_PwrCirAbnormal            -----------
ref count      : 1
----------------- Cpu1QPIPFAPort2Mntr           -----------
ref count      : 1
.State          : listened by port : 294920, 
----------------- PCIeFPGACard-901              -----------
ref count      : 1
----------------- MainbdPowerFailedInfo         -----------
ref count      : 1
----------------- Cpu2CoreRem                   -----------
ref count      : 1
.SensorUnitStr  : send event count: 1
.NegativeHysteresisConvert : send event count: 1
.ReaddingConvert : send event count: 7291622
.UpperCriticalConvert : send event count: 1
.UpperNonrecoverableConvert : send event count: 1
.ReadingStatus  : send event count: 103
.Number         : send event count: 1
.Health         : listened by port : 688148, 294920, 
.PositiveHysteresisConvert : send event count: 1
.TypeLengthCode : send event count: 1
----------------- AEPMemoryMajorPlcy            -----------
ref count      : 1
----------------- BasePSFaultPlcy               -----------
ref count      : 1
----------------- MgntMent_28_0_ToHmm           -----------
ref count      : 1
----------------- PCIeSwKeyRegPlcy              -----------
ref count      : 1
----------------- TimOutNoActMntr               -----------
ref count      : 1
.State          : listened by port : 294920, 
----------------- M2Disk2RebuildEndMntr         -----------
ref count      : 1
.State          : listened by port : 294920, 
----------------- PCIeCardBatteryPlcy           -----------
ref count      : 1
----------------- HardwareEventMntr-801         -----------
ref count      : 1
.Mode           : send event count: 1
.Reading        : send event count: 1
.EventFRU       : send event count: 1
.SavedMode      : send event count: 1
.State          : send event count: 1 : recv event count: 1 : listened by port : 294920, 
.SubjectObj     : send event count: 1
.SavedReading   : send event count: 1
.DescriptionDynamic : send event count: 1
.ScannedCount   : send event count: 1
.PolicyObj      : send event count: 1
.SuggestionDynamic : send event count: 1
.SensorObj      : send event count: 1
.Threshold      : send event count: 1
.InformationObj : send event count: 1
.ReadingMask    : send event count: 1
.Operator       : send event count: 1
.Hysteresis     : send event count: 1
.AddInfo        : send event count: 1
.Time           : send event count: 1
----------------- PowerButton_Listen_0          -----------
ref count      : 1
----------------- CpuHVCCPlcy                   -----------
ref count      : 1
----------------- PSInletTemp-5                 -----------
ref count      : 1
.SensorUnitStr  : send event count: 1
.ReaddingConvert : send event count: 2566710
.ReadingStatus  : send event count: 1
.SensorName     : send event count: 1
.Number         : send event count: 1
.Health         : listened by port : 688148, 294920, 
.InnerName      : send event count: 1
.TypeLengthCode : send event count: 1
----------------- MosVolFailPlcy                -----------
ref count      : 1
----------------- PCIeFPGACard-902              -----------
ref count      : 1
----------------- BrdInstallNoProPlcy           -----------
ref count      : 1
----------------- PICCard3V3FailInfo            -----------
ref count      : 1
----------------- HardwareEventMntr-802         -----------
ref count      : 1
.Mode           : send event count: 1
.Reading        : send event count: 1
.EventFRU       : send event count: 1
.SavedMode      : send event count: 1
.State          : send event count: 1 : recv event count: 1 : listened by port : 294920, 
.SubjectObj     : send event count: 1
.SavedReading   : send event count: 1
.DescriptionDynamic : send event count: 1
.ScannedCount   : send event count: 1
.PolicyObj      : send event count: 1
.SuggestionDynamic : send event count: 1
.SensorObj      : send event count: 1
.Threshold      : send event count: 1
.InformationObj : send event count: 1
.ReadingMask    : send event count: 1
.Operator       : send event count: 1
.Hysteresis     : send event count: 1
.AddInfo        : send event count: 1
.Time           : send event count: 1
----------------- MgmtPortLinkMajorPlcy         -----------
ref count      : 1
----------------- led_Hdd2InsertMntr-2          -----------
ref count      : 1
----------------- pca9545_dev_test-e            -----------
ref count      : 1
----------------- PSInletTemp-6                 -----------
ref count      : 1
.SensorUnitStr  : send event count: 1
.ReaddingConvert : send event count: 3269319
.ReadingStatus  : send event count: 1
.SensorName     : send event count: 1
.Number         : send event count: 1
.Health         : listened by port : 688148, 294920, 
.InnerName      : send event count: 1
.TypeLengthCode : send event count: 1
----------------- MutualAuthCliCertMonitor1     -----------
ref count      : 1
----------------- DiskIn2ForeignMntr-2          -----------
ref count      : 1
.State          : listened by port : 294920, 
----------------- RiserCard_3V3Event_mon-e      -----------
ref count      : 1
.MonSenValue    : listened by port : 294920, 
.RegValue       : send event count: 1
----------------- LswOutPortLinkDownPlcy        -----------
ref count      : 1
----------------- SysFwProg_Event_0_1           -----------
ref count      : 1
.EventCode      : send event count: 1
----------------- MutualAuthCliCertMonitor2     -----------
ref count      : 1
----------------- Hi1711Test                    -----------
ref count      : 1
----------------- BbuCtlBoardMinorPlcy          -----------
ref count      : 1
----------------- SYS12VOemConfig               -----------
ref count      : 1
----------------- CpuVDDAVSPlcy                 -----------
ref count      : 1
----------------- PwrOkSigPlcy                  -----------
ref count      : 1
----------------- BBUProtectPlcy                -----------
ref count      : 1
----------------- SysInitErrorLogInfo           -----------
ref count      : 1
----------------- IpmbTest                      -----------
ref count      : 1
----------------- ComHdd1-2                     -----------
ref count      : 1
.Health         : recv event count: 12 : listened by port : 294920, 
----------------- led_DiskIn3FailMntr-2         -----------
ref count      : 1
----------------- led_disk8-2                   -----------
ref count      : 1
----------------- Cpu2MemCfgErrorCond           -----------
ref count      : 1
----------------- MutualAuthCliCertMonitor3     -----------
ref count      : 1
----------------- Mem020InitErrorCond           -----------
ref count      : 1
----------------- Mem011InitErrorCond           -----------
ref count      : 1
----------------- Mem100MRCFatelErrMntr         -----------
ref count      : 1
.State          : listened by port : 294920, 
----------------- Cpu1MemTemp_category_exp      -----------
ref count      : 1
.Value          : send event count: 1 : recv event count: 1 : listened by port : 294920, 
----------------- MutualAuthCliCertMonitor4     -----------
ref count      : 1
----------------- temp_accessor-8               -----------
ref count      : 1
----------------- Disk0LocatErrMntr-2           -----------
ref count      : 1
.State          : listened by port : 294920, 
----------------- pcbid_exp                     -----------
ref count      : 1
.Value          : listened by port : 294920, 
----------------- LdDegradedInfo                -----------
ref count      : 1
----------------- pg_ddr4_vppreg_exp-1          -----------
ref count      : 1
.Value          : send event count: 1 : recv event count: 1 : listened by port : 294920, 
----------------- HMMVersionLowPlcy             -----------
ref count      : 1
----------------- MutualAuthCliCertMonitor5     -----------
ref count      : 1
----------------- RtcTimeFailPlcy               -----------
ref count      : 1
----------------- temp_accessor-9               -----------
ref count      : 1
----------------- BBUControllerMajorPlcy        -----------
ref count      : 1
----------------- SmBios:C                      -----------
ref count      : 1
----------------- InnerHddId2Accessor           -----------
ref count      : 1
----------------- 1V2_1_PwrCirAblMntr           -----------
ref count      : 1
.State          : listened by port : 294920, 
----------------- MutualAuthCliCertMonitor6     -----------
ref count      : 1
----------------- StandbyBoardFaultPlcy         -----------
ref count      : 1
----------------- hddBP_5VEvent_mon             -----------
ref count      : 1
.MonSenValue    : listened by port : 294920, 
----------------- Cpu2VrdTempExpr               -----------
ref count      : 1
.Value          : send event count: 201496 : recv event count: 201496 : listened by port : 294920, 
----------------- Disk1Listen_1_Exp-2           -----------
ref count      : 1
.Value          : send event count: 4 : recv event count: 4 : listened by port : 294920, 
----------------- DiskIn3DevFault-2             -----------
ref count      : 1
.Value          : listened by port : 294920, 
----------------- RackCableConnectedInfo        -----------
ref count      : 1
----------------- BOARD                         -----------
ref count      : 1
.SlotId         : listened by port : 917531, 753686, 
----------------- WatDetCabAbsentInfo           -----------
ref count      : 1
----------------- RiserCard3IdMon               -----------
ref count      : 1
.MonSenValue    : send event count: 1 : recv event count: 1 : listened by port : 294920, 
.RegValue       : send event count: 1
----------------- MutualAuthCliCertMonitor7     -----------
ref count      : 1
----------------- BMC                           -----------
ref count      : 1
.HostName       : listened by port : 294920, 917531, 163844, 589841, 
.CustomManufacturer : listened by port : 655379, 
----------------- NICTempHighMntr-3             -----------
ref count      : 1
.State          : listened by port : 294920, 
----------------- EventMonitor:C                -----------
ref count      : 1
----------------- cpu2_vrd1_chip                -----------
ref count      : 1
----------------- 2V5_1_PwrCirAbl_Exp           -----------
ref count      : 1
.Value          : listened by port : 294920, 
----------------- SysFwProg_Event_0_7           -----------
ref count      : 1
.EventCode      : send event count: 1
----------------- MutualAuthCliCertMonitor8     -----------
ref count      : 1
----------------- Mem170ConfigErrorCond         -----------
ref count      : 1
----------------- NICTempHighMntr-4             -----------
ref count      : 1
.State          : listened by port : 294920, 
----------------- led_psu-5                     -----------
ref count      : 1
----------------- Raid9555                      -----------
ref count      : 1
----------------- PSFanFaultMntr-5              -----------
ref count      : 1
.State          : listened by port : 294920, 
----------------- LDAPCertMonitor6_10           -----------
ref count      : 1
----------------- FanbdOverTempInfo             -----------
ref count      : 1
----------------- Port3LinkStatus_exp-3         -----------
ref count      : 1
.Value          : send event count: 2 : recv event count: 2 : listened by port : 294920, 
----------------- MutualAuthCliCertMonitor9     -----------
ref count      : 1
----------------- PICCardTempPlcy               -----------
ref count      : 1
----------------- led_Fan3FStatusMntr           -----------
ref count      : 1
----------------- led_psu-6                     -----------
ref count      : 1
----------------- SysRestart_Event_7_8_D        -----------
ref count      : 1
.EventCode      : send event count: 1
----------------- PSFanFaultMntr-6              -----------
ref count      : 1
.State          : listened by port : 294920, 
----------------- SysFwProg_Event_0_9           -----------
ref count      : 1
.EventCode      : send event count: 1
----------------- PcieSerialCablePlcy           -----------
ref count      : 1
----------------- Port3LinkStatus_exp-4         -----------
ref count      : 1
.Value          : send event count: 2 : recv event count: 2 : listened by port : 294920, 
----------------- LDAPCertDueStatus_exp4_0      -----------
ref count      : 1
.Value          : listened by port : 294920, 
----------------- EntityDimm070                 -----------
ref count      : 1
.PowerState     : send event count: 1
.EnableState    : send event count: 2
.Health         : listened by port : 294920, 
----------------- FanRedundancyMntr             -----------
ref count      : 1
.State          : listened by port : 294920, 
----------------- BasePlanePowerOnInfo          -----------
ref count      : 1
----------------- FAN3F_Sta_Listen_0            -----------
ref count      : 1
----------------- DiskInner3Lsn_1_e1-2          -----------
ref count      : 1
.Value          : listened by port : 294920, 
----------------- SysRestart_Event_7_8_E        -----------
ref count      : 1
.EventCode      : send event count: 1
----------------- Memory030ReplaceMntr          -----------
ref count      : 1
.State          : listened by port : 294920, 
----------------- TrapCommWorkKey               -----------
ref count      : 1
.WorkKey        : recv event count: 1 : listened by port : 131075, 851993, 294920, 655379, 589841, 
----------------- ps_id_exp-5                   -----------
ref count      : 1
.Value          : listened by port : 294920, 
----------------- LDAPCertDueStatus_exp4_1      -----------
ref count      : 1
.Value          : listened by port : 294920, 
----------------- EntityDimm071                 -----------
ref count      : 1
.PowerState     : send event count: 1
.EnableState    : send event count: 2
.Health         : listened by port : 294920, 
----------------- OcpTempReadFailPlcy           -----------
ref count      : 1
----------------- 1822Chip1V8GetFailPlcy        -----------
ref count      : 1
----------------- BMAHeartBeatInfo              -----------
ref count      : 1
----------------- ps_id_exp-6                   -----------
ref count      : 1
.Value          : listened by port : 294920, 
----------------- SysRestart_Event_7_8_F        -----------
ref count      : 1
.EventCode      : send event count: 1
----------------- LDAPCertDueStatus_exp4_2      -----------
ref count      : 1
.Value          : listened by port : 294920, 
----------------- CPU1MEMTempOemConfig          -----------
ref count      : 1
----------------- Memory141ReplaceMntr          -----------
ref count      : 1
.State          : listened by port : 294920, 
----------------- M2Disk2ForeignMntr            -----------
ref count      : 1
.State          : listened by port : 294920, 
----------------- pg_p0v9_accessor-1            -----------
ref count      : 1
----------------- SysTotalPowerFailInfo         -----------
ref count      : 1
----------------- LDAPCertDueStatus_exp4_3      -----------
ref count      : 1
.Value          : listened by port : 294920, 
----------------- Chassis:C                     -----------
ref count      : 1
----------------- SysFWPro                      -----------
ref count      : 1
----------------- Power_category-5              -----------
ref count      : 1
----------------- GPUAICoreTemp-902             -----------
ref count      : 1
.DeassertionMask : send event count: 1
.LowerNonrecoverable : send event count: 1
.NormalMax      : send event count: 1
.AssertionMask  : send event count: 1
.BaseUnit       : send event count: 1
.OwnerLun       : send event count: 1
.SensorTypeStr  : send event count: 1
.UpperCritical  : send event count: 1
.NominalReading : send event count: 1
.SensorUnitStr  : send event count: 2
.SensorType     : send event count: 1
.NegativeHysteresisConvert : send event count: 1
.DeassertStatus : send event count: 1
.LowerCritical  : send event count: 1
.M              : send event count: 1
.B              : send event count: 1
.LowerNonrecoverableConvert : send event count: 1
.ReaddingConvert : send event count: 1
.LowerCriticalConvert : send event count: 1
.ReadingRaw     : send event count: 1
.LowerNoncritical : send event count: 1
.Function       : send event count: 1
.UpperCriticalConvert : send event count: 1
.PositiveHysteresis : send event count: 1
.UpperNonrecoverableConvert : send event count: 1
.DiscreteReadingMask : send event count: 1
.UpperNoncriticalConvert : send event count: 1
.EventReadingType : send event count: 1
.MinReading     : send event count: 1
.Capabilities   : send event count: 1
.SensorUnit     : send event count: 1
.ReadingStatus  : send event count: 103
.AssertStatus   : send event count: 1
.AnalogFlags    : send event count: 1
.SensorName     : send event count: 2
.Tolerance      : send event count: 1
.Number         : send event count: 2
.Health         : send event count: 1 : recv event count: 1 : listened by port : 688148, 294920, 
.InnerName      : send event count: 1
.EntityInstance : send event count: 1
.AccuracyExp    : send event count: 1
.PositiveHysteresisConvert : send event count: 1
.RBExp          : send event count: 1
.NormalMin      : send event count: 1
.Initialization : send event count: 1
.ModifierUnit   : send event count: 1
.LowerNoncriticalConvert : send event count: 1
.EntityId       : send event count: 1
.UpperNoncritical : send event count: 1
.UpperNonrecoverable : send event count: 1
.OwnerId        : send event count: 1
.Accuracy       : send event count: 1
.MaxReading     : send event count: 1
.TypeLengthCode : send event count: 2
.NegativeHysteresis : send event count: 1
----------------- PS_Listen_5-5                 -----------
ref count      : 1
----------------- Mem060ConfigErrorCond         -----------
ref count      : 1
----------------- adc_dev_test                  -----------
ref count      : 1
----------------- RecovErrorInfo                -----------
ref count      : 1
----------------- PCIeSwTempPlcy                -----------
ref count      : 1
----------------- GPUAICoreTemp-901             -----------
ref count      : 1
.DeassertionMask : send event count: 1
.LowerNonrecoverable : send event count: 1
.NormalMax      : send event count: 1
.AssertionMask  : send event count: 1
.BaseUnit       : send event count: 1
.OwnerLun       : send event count: 1
.SensorTypeStr  : send event count: 1
.UpperCritical  : send event count: 1
.NominalReading : send event count: 1
.SensorUnitStr  : send event count: 2
.SensorType     : send event count: 1
.NegativeHysteresisConvert : send event count: 1
.DeassertStatus : send event count: 1
.LowerCritical  : send event count: 1
.M              : send event count: 1
.B              : send event count: 1
.LowerNonrecoverableConvert : send event count: 1
.ReaddingConvert : send event count: 1
.LowerCriticalConvert : send event count: 1
.ReadingRaw     : send event count: 1
.LowerNoncritical : send event count: 1
.Function       : send event count: 1
.UpperCriticalConvert : send event count: 1
.PositiveHysteresis : send event count: 1
.UpperNonrecoverableConvert : send event count: 1
.DiscreteReadingMask : send event count: 1
.UpperNoncriticalConvert : send event count: 1
.EventReadingType : send event count: 1
.MinReading     : send event count: 1
.Capabilities   : send event count: 1
.SensorUnit     : send event count: 1
.ReadingStatus  : send event count: 103
.AssertStatus   : send event count: 1
.AnalogFlags    : send event count: 1
.SensorName     : send event count: 2
.Tolerance      : send event count: 1
.Number         : send event count: 2
.Health         : send event count: 1 : recv event count: 1 : listened by port : 688148, 294920, 
.InnerName      : send event count: 1
.EntityInstance : send event count: 1
.AccuracyExp    : send event count: 1
.PositiveHysteresisConvert : send event count: 1
.RBExp          : send event count: 1
.NormalMin      : send event count: 1
.Initialization : send event count: 1
.ModifierUnit   : send event count: 1
.LowerNoncriticalConvert : send event count: 1
.EntityId       : send event count: 1
.UpperNoncritical : send event count: 1
.UpperNonrecoverable : send event count: 1
.OwnerId        : send event count: 1
.Accuracy       : send event count: 1
.MaxReading     : send event count: 1
.TypeLengthCode : send event count: 2
.NegativeHysteresis : send event count: 1
----------------- Power_category-6              -----------
ref count      : 1
----------------- Sys1_8VGetFailInfo            -----------
ref count      : 1
----------------- led_Mem040ECCMntr             -----------
ref count      : 1
----------------- PS_Listen_5-6                 -----------
ref count      : 1
----------------- HddBpClkInfo                  -----------
ref count      : 1
----------------- Mem141ConfigErrorCond         -----------
ref count      : 1
----------------- Riser3BoardIdFail             -----------
ref count      : 1
.MonSenValue    : send event count: 1 : recv event count: 1 : listened by port : 294920, 
.RegValue       : send event count: 1
----------------- Mem031ConfigErrorCond         -----------
ref count      : 1
----------------- SSLCert8CertMonitor           -----------
ref count      : 1
----------------- GPUPower-901                  -----------
ref count      : 1
.DeassertionMask : send event count: 1
.LowerNonrecoverable : send event count: 1
.NormalMax      : send event count: 1
.AssertionMask  : send event count: 1
.BaseUnit       : send event count: 1
.OwnerLun       : send event count: 1
.SensorTypeStr  : send event count: 1
.UpperCritical  : send event count: 1
.NominalReading : send event count: 1
.SensorUnitStr  : send event count: 2
.SensorType     : send event count: 1
.NegativeHysteresisConvert : send event count: 1
.DeassertStatus : send event count: 1
.LowerCritical  : send event count: 1
.M              : send event count: 1
.B              : send event count: 1
.LowerNonrecoverableConvert : send event count: 1
.ReaddingConvert : send event count: 75055
.LowerCriticalConvert : send event count: 1
.ReadingRaw     : send event count: 1
.LowerNoncritical : send event count: 1
.Function       : send event count: 1
.UpperCriticalConvert : send event count: 1
.PositiveHysteresis : send event count: 1
.UpperNonrecoverableConvert : send event count: 1
.DiscreteReadingMask : send event count: 1
.UpperNoncriticalConvert : send event count: 1
.EventReadingType : send event count: 1
.MinReading     : send event count: 1
.Capabilities   : send event count: 1
.SensorUnit     : send event count: 1
.ReadingStatus  : send event count: 104
.AssertStatus   : send event count: 1
.AnalogFlags    : send event count: 1
.SensorName     : send event count: 2
.Tolerance      : send event count: 1
.Number         : send event count: 2
.Health         : send event count: 1 : recv event count: 1 : listened by port : 688148, 294920, 
.InnerName      : send event count: 1
.EntityInstance : send event count: 1
.AccuracyExp    : send event count: 1
.PositiveHysteresisConvert : send event count: 1
.RBExp          : send event count: 1
.NormalMin      : send event count: 1
.Initialization : send event count: 1
.ModifierUnit   : send event count: 1
.LowerNoncriticalConvert : send event count: 1
.EntityId       : send event count: 1
.UpperNoncritical : send event count: 1
.UpperNonrecoverable : send event count: 1
.OwnerId        : send event count: 1
.Accuracy       : send event count: 1
.MaxReading     : send event count: 1
.TypeLengthCode : send event count: 2
.NegativeHysteresis : send event count: 1
----------------- pwr_latch_issue_30_exp        -----------
ref count      : 1
.Value          : listened by port : 294920, 
----------------- CpldLedTubAccessor1           -----------
ref count      : 1
----------------- RemoteHttpsCrlMonitor1        -----------
ref count      : 1
----------------- GPUPower-902                  -----------
ref count      : 1
.DeassertionMask : send event count: 1
.LowerNonrecoverable : send event count: 1
.NormalMax      : send event count: 1
.AssertionMask  : send event count: 1
.BaseUnit       : send event count: 1
.OwnerLun       : send event count: 1
.SensorTypeStr  : send event count: 1
.UpperCritical  : send event count: 1
.NominalReading : send event count: 1
.SensorUnitStr  : send event count: 2
.SensorType     : send event count: 1
.NegativeHysteresisConvert : send event count: 1
.DeassertStatus : send event count: 1
.LowerCritical  : send event count: 1
.M              : send event count: 1
.B              : send event count: 1
.LowerNonrecoverableConvert : send event count: 1
.ReaddingConvert : send event count: 33170
.LowerCriticalConvert : send event count: 1
.ReadingRaw     : send event count: 1
.LowerNoncritical : send event count: 1
.Function       : send event count: 1
.UpperCriticalConvert : send event count: 1
.PositiveHysteresis : send event count: 1
.UpperNonrecoverableConvert : send event count: 1
.DiscreteReadingMask : send event count: 1
.UpperNoncriticalConvert : send event count: 1
.EventReadingType : send event count: 1
.MinReading     : send event count: 1
.Capabilities   : send event count: 1
.SensorUnit     : send event count: 1
.ReadingStatus  : send event count: 104
.AssertStatus   : send event count: 1
.AnalogFlags    : send event count: 1
.SensorName     : send event count: 2
.Tolerance      : send event count: 1
.Number         : send event count: 2
.Health         : send event count: 1 : recv event count: 1 : listened by port : 688148, 294920, 
.InnerName      : send event count: 1
.EntityInstance : send event count: 1
.AccuracyExp    : send event count: 1
.PositiveHysteresisConvert : send event count: 1
.RBExp          : send event count: 1
.NormalMin      : send event count: 1
.Initialization : send event count: 1
.ModifierUnit   : send event count: 1
.LowerNoncriticalConvert : send event count: 1
.EntityId       : send event count: 1
.UpperNoncritical : send event count: 1
.UpperNonrecoverable : send event count: 1
.OwnerId        : send event count: 1
.Accuracy       : send event count: 1
.MaxReading     : send event count: 1
.TypeLengthCode : send event count: 2
.NegativeHysteresis : send event count: 1
----------------- CpuMatchCfgErrPlcy            -----------
ref count      : 1
----------------- CpldLedTubAccessor2           -----------
ref count      : 1
----------------- led_Mem140ECCMntr             -----------
ref count      : 1
----------------- RemoteHttpsCrlMonitor2        -----------
ref count      : 1
----------------- cpu1_m012_vtemp_mon           -----------
ref count      : 1
.MonSenValue    : send event count: 122322
----------------- led_ComMemory060              -----------
ref count      : 1
----------------- RetimerUpfailInfo             -----------
ref count      : 1
----------------- CpldLedTubAccessor3           -----------
ref count      : 1
----------------- port3_link_status_exp-3       -----------
ref count      : 1
.Value          : send event count: 1 : recv event count: 1 : listened by port : 294920, 
----------------- ExpExpPHYMntr-2               -----------
ref count      : 1
.State          : listened by port : 294920, 
----------------- NICVoltLowInfo                -----------
ref count      : 1
----------------- led_ComMemory061              -----------
ref count      : 1
----------------- RTCBatteryInfo                -----------
ref count      : 1
----------------- led_dimm170                   -----------
ref count      : 1
----------------- led_Mem160RemovedMntr         -----------
ref count      : 1
----------------- led_cpu1_VDDQTempMinor        -----------
ref count      : 1
----------------- port3_link_status_exp-4       -----------
ref count      : 1
.Value          : send event count: 2 : recv event count: 1 : listened by port : 294920, 
----------------- cpu2vddfix_volt_FailDebounce  -----------
ref count      : 1
.MonSenValue    : listened by port : 294920, 
----------------- PCIeMemoryFailurePlcy         -----------
ref count      : 1
----------------- CpuEvent_c_ToHmm              -----------
ref count      : 1
----------------- HddInner1ReplaceMntr-2        -----------
ref count      : 1
.State          : listened by port : 294920, 
----------------- led_dimm171                   -----------
ref count      : 1
----------------- RemoteHttpsCrlMonitor3        -----------
ref count      : 1
----------------- RemoteHttpsCrlMonitor5        -----------
ref count      : 1
----------------- Disk3StatErrExp-2             -----------
ref count      : 1
.Value          : listened by port : 294920, 
----------------- Dimm160                       -----------
ref count      : 1
.TypeLengthCode : send event count: 1
.Health         : listened by port : 688148, 294920, 
.ReadingStatus  : send event count: 1
.AssertStatus   : send event count: 1
.Number         : send event count: 1
----------------- MosMajorFaultInfo             -----------
ref count      : 1
----------------- Hdd9PredicFailMntr-2          -----------
ref count      : 1
.State          : listened by port : 294920, 
----------------- Stdby1_0V_LswCoreLowInfo      -----------
ref count      : 1
----------------- RemoteHttpsCrlMonitor6        -----------
ref count      : 1
----------------- UidButtonTest                 -----------
ref count      : 1
----------------- Dimm161                       -----------
ref count      : 1
.TypeLengthCode : send event count: 1
.Health         : listened by port : 688148, 294920, 
.ReadingStatus  : send event count: 1
.AssertStatus   : send event count: 1
.Number         : send event count: 1
----------------- RemoteHttpsCrlMonitor4        -----------
ref count      : 1
----------------- 32kClockAccessor              -----------
ref count      : 1
----------------- RemoteHttpsCrlMonitor7        -----------
ref count      : 1
----------------- BMAHeartBeat_Listen_1         -----------
ref count      : 1
----------------- Fan3FInstallMntr              -----------
ref count      : 1
.State          : send event count: 1 : recv event count: 1 : listened by port : 294920, 
----------------- Stdby1_8VPlcy                 -----------
ref count      : 1
----------------- lom2_port1_link_mon-3         -----------
ref count      : 1
.MonSenValue    : send event count: 1 : recv event count: 1 : listened by port : 294920, 
----------------- Stby12VGetFailPlcy            -----------
ref count      : 1
----------------- Mem060RemovedMntr             -----------
ref count      : 1
.State          : send event count: 1 : recv event count: 1 : listened by port : 294920, 
----------------- CpuVCoreLowInfo               -----------
ref count      : 1
----------------- port1_link_status_exp-3       -----------
ref count      : 1
.Value          : send event count: 106 : recv event count: 108 : listened by port : 294920, 
----------------- PCIeCpuFailurePlcy            -----------
ref count      : 1
----------------- led_dimm031_mntr              -----------
ref count      : 1
----------------- CpuUncorrectInfo              -----------
ref count      : 1
----------------- CpuTempMajorInfo              -----------
ref count      : 1
----------------- lom2_port1_link_mon-4         -----------
ref count      : 1
.MonSenValue    : send event count: 1 : recv event count: 1 : listened by port : 294920, 
----------------- LED2ColorAccessor             -----------
ref count      : 1
----------------- port1_link_status_exp-4       -----------
ref count      : 1
.Value          : send event count: 117 : recv event count: 120 : listened by port : 294920, 
----------------- Mem171RemovedMntr             -----------
ref count      : 1
.State          : send event count: 1 : recv event count: 1 : listened by port : 294920, 
----------------- 2280MExper                    -----------
ref count      : 1
.Value          : listened by port : 294920, 
----------------- RemoteHttpsCrlMonitor8        -----------
ref count      : 1
----------------- PowerSupplyGetFailPlcy        -----------
ref count      : 1
----------------- SysRestartCmdMntr             -----------
ref count      : 1
.State          : listened by port : 294920, 
----------------- PCHPFAEInfo                   -----------
ref count      : 1
----------------- Hdd3-2                        -----------
ref count      : 1
.RebuildState   : listened by port : 294920, 
.Presence       : listened by port : 294920, 
.Id             : listened by port : 229382, 491534, 
.ReplaceFlag    : listened by port : 294920, 
----------------- ExpCommPlcy                   -----------
ref count      : 1
----------------- Cpu1MemTempThre               -----------
ref count      : 1
.Value          : send event count: 1 : recv event count: 1 : listened by port : 294920, 
----------------- MemECCInfo                    -----------
ref count      : 1
----------------- MosTempHighMinorPlcy          -----------
ref count      : 1
----------------- lswTempMajorInfo              -----------
ref count      : 1
----------------- led_Mem150InstalledMntr       -----------
ref count      : 1
----------------- System_Event_6f_2             -----------
ref count      : 1
.EventCode      : send event count: 1
----------------- EntityRaidCard-1              -----------
ref count      : 1
.EntityName     : send event count: 1
.PowerState     : send event count: 1
.EnableState    : send event count: 2
.Health         : listened by port : 294920, 
----------------- InletTEUpperMntr-901          -----------
ref count      : 1
.Mode           : send event count: 1
.Reading        : send event count: 1
.EventFRU       : send event count: 1
.SavedMode      : send event count: 1
.State          : send event count: 1 : recv event count: 1 : listened by port : 294920, 
.SubjectObj     : send event count: 1
.SavedReading   : send event count: 1
.DescriptionDynamic : send event count: 1
.ScannedCount   : send event count: 1
.PolicyObj      : send event count: 1
.SuggestionDynamic : send event count: 1
.SensorObj      : send event count: 1
.Threshold      : send event count: 1
.InformationObj : send event count: 1
.ReadingMask    : send event count: 1
.Operator       : send event count: 1
.Hysteresis     : send event count: 1
.AddInfo        : send event count: 1
.Time           : send event count: 1
----------------- HPREEnableExp                 -----------
ref count      : 1
.Value          : listened by port : 294920, 
----------------- STB1V8FailCpldAccessor        -----------
ref count      : 1
----------------- Hdd9InsertMntr-2              -----------
ref count      : 1
.State          : send event count: 4 : recv event count: 4 : listened by port : 294920, 
.SavedReading   : send event count: 1
.Time           : send event count: 2
----------------- GpuBoardClockOffsetPlcy       -----------
ref count      : 1
----------------- InletTEUpperMntr-902          -----------
ref count      : 1
.Mode           : send event count: 1
.Reading        : send event count: 1
.EventFRU       : send event count: 1
.SavedMode      : send event count: 1
.State          : send event count: 1 : recv event count: 1 : listened by port : 294920, 
.SubjectObj     : send event count: 1
.SavedReading   : send event count: 1
.DescriptionDynamic : send event count: 1
.ScannedCount   : send event count: 1
.PolicyObj      : send event count: 1
.SuggestionDynamic : send event count: 1
.SensorObj      : send event count: 1
.Threshold      : send event count: 1
.InformationObj : send event count: 1
.ReadingMask    : send event count: 1
.Operator       : send event count: 1
.Hysteresis     : send event count: 1
.AddInfo        : send event count: 1
.Time           : send event count: 1
----------------- FabricLSWTempCrtclInfo        -----------
ref count      : 1
----------------- MemTempPlcy                   -----------
ref count      : 1
----------------- vcc_12v0_fail                 -----------
ref count      : 1
.Value          : listened by port : 294920, 
.Y              : send event count: 1
----------------- led_cpu1_VRDTempMntr          -----------
ref count      : 1
----------------- LomCardTempExpr-3             -----------
ref count      : 1
.Value          : send event count: 204441 : recv event count: 204441 : listened by port : 294920, 
----------------- led_HddIn0RbdEndMntr-2        -----------
ref count      : 1
----------------- EventInformation:C            -----------
ref count      : 1
----------------- 0V85_2_PwrCirAblMntr          -----------
ref count      : 1
.State          : listened by port : 294920, 
----------------- NoDevTest:C                   -----------
ref count      : 1
----------------- SysRestartPreStatePolicyInfo  -----------
ref count      : 1
----------------- Sys1_1VGetFailPlcy            -----------
ref count      : 1
----------------- pg_p0v9_exp-1                 -----------
ref count      : 1
.Value          : send event count: 1 : recv event count: 1 : listened by port : 294920, 
----------------- DiskInner1Listen_1-2          -----------
ref count      : 1
----------------- CpuDdrvddGetFailedInfo        -----------
ref count      : 1
----------------- M2ZoneTempPlcy                -----------
ref count      : 1
----------------- led_Hdd10RemovedMntr-2        -----------
ref count      : 1
----------------- Mem021ECCMntr                 -----------
ref count      : 1
.State          : listened by port : 294920, 
----------------- SignalMonitor:C               -----------
ref count      : 1
----------------- ExpExpPHYInfo                 -----------
ref count      : 1
----------------- NICTemp-3                     -----------
ref count      : 1
.SensorUnitStr  : send event count: 1
.ReaddingConvert : send event count: 271560
.ReadingStatus  : send event count: 1
.SensorName     : send event count: 1
.Number         : send event count: 1
.Health         : listened by port : 688148, 294920, 
.InnerName      : send event count: 1
.PositiveHysteresisConvert : send event count: 1
.TypeLengthCode : send event count: 1
----------------- CpuVDDAVSGetFailedInfo        -----------
ref count      : 1
----------------- GPUFru-902                    -----------
ref count      : 1
----------------- TPMCardPresenceTest           -----------
ref count      : 1
----------------- M2Disk1FailMntr               -----------
ref count      : 1
.State          : listened by port : 294920, 
----------------- Hdd11RebuildEndMntr-2         -----------
ref count      : 1
.State          : listened by port : 294920, 
----------------- GPUFru-901                    -----------
ref count      : 1
----------------- PCIeFirmSelfHealPlcy          -----------
ref count      : 1
----------------- 1822Chip1V2LowPlcy            -----------
ref count      : 1
----------------- dft_item_inter_test-802       -----------
ref count      : 1
----------------- pg_ddr4_vppreg_acc-1          -----------
ref count      : 1
----------------- NICTemp-4                     -----------
ref count      : 1
.SensorUnitStr  : send event count: 1
.ReaddingConvert : send event count: 255535
.ReadingStatus  : send event count: 1
.SensorName     : send event count: 1
.Number         : send event count: 1
.Health         : listened by port : 688148, 294920, 
.InnerName      : send event count: 1
.PositiveHysteresisConvert : send event count: 1
.TypeLengthCode : send event count: 1
----------------- Hdd4RebuildEndMntr-2          -----------
ref count      : 1
.State          : send event count: 1 : recv event count: 1 : listened by port : 294920, 
----------------- ComPcieCard-901               -----------
ref count      : 1
.Health         : recv event count: 1 : listened by port : 294920, 
----------------- led_rtc_battery               -----------
ref count      : 1
----------------- FIOInletLTempPlcy             -----------
ref count      : 1
----------------- Cpu2VDDQTempFailMntr          -----------
ref count      : 1
.State          : listened by port : 294920, 
----------------- dft_item_inter_test-801       -----------
ref count      : 1
----------------- Mem121ECCMntr                 -----------
ref count      : 1
.State          : listened by port : 294920, 
----------------- Disk0Listen_2-2               -----------
ref count      : 1
----------------- led_Fan1FRemovedMntr          -----------
ref count      : 1
----------------- LomCardTempExpr-4             -----------
ref count      : 1
.Value          : send event count: 194537 : recv event count: 194537 : listened by port : 294920, 
----------------- ComPcieCard-902               -----------
ref count      : 1
.Health         : recv event count: 1 : listened by port : 294920, 
----------------- CpuHVCCGetFailedInfo          -----------
ref count      : 1
----------------- PS1PresAccessor               -----------
ref count      : 1
----------------- SDCardFaultPlcy               -----------
ref count      : 1
----------------- Disk9Listen_1-2               -----------
ref count      : 1
----------------- led_Mem141InstalledMntr       -----------
ref count      : 1
----------------- led_Hdd1FailAryMntr-2         -----------
ref count      : 1
----------------- led_Hdd5FailAryMntr-2         -----------
ref count      : 1
----------------- BladeRemovedPlcy              -----------
ref count      : 1
----------------- NandLifePlcy                  -----------
ref count      : 1
----------------- vrd_pca9545_chip              -----------
ref count      : 1
----------------- UnkownEvent_0                 -----------
ref count      : 1
.EventCode      : send event count: 1
----------------- led_Hdd9FailAryMntr-2         -----------
ref count      : 1
----------------- DiskIn3StatErrExp-2           -----------
ref count      : 1
.Value          : listened by port : 294920, 
----------------- Disk5Listen_1_Exp1-2          -----------
ref count      : 1
.Value          : listened by port : 294920, 
----------------- PSUInletTempMinorInfo         -----------
ref count      : 1
----------------- SelStatus                     -----------
ref count      : 1
.TypeLengthCode : send event count: 1
.Health         : listened by port : 688148, 294920, 
.ReadingStatus  : send event count: 1
.AssertStatus   : send event count: 1
.Number         : send event count: 1
----------------- led_Mem170ConfigErrMntr       -----------
ref count      : 1
----------------- FlashEventExpr-901            -----------
ref count      : 1
.Value          : listened by port : 294920, 
----------------- CpuQpiLinkInfo                -----------
ref count      : 1
----------------- 12V0_5PwrCirAbl_Exp           -----------
ref count      : 1
.Value          : listened by port : 294920, 
----------------- SysFwProgress                 -----------
ref count      : 1
.OwnerId        : send event count: 1
.TypeLengthCode : send event count: 1
.Health         : listened by port : 688148, 294920, 
.ReadingStatus  : send event count: 1
.AssertStatus   : send event count: 1
.Number         : send event count: 1
----------------- led_Mem161ConfigErrMntr       -----------
ref count      : 1
----------------- led_Mem000RemovedMntr         -----------
ref count      : 1
----------------- BIOSEvent:C                   -----------
ref count      : 1
----------------- PowerOnInfo                   -----------
ref count      : 1
----------------- SDCardRebuildDonePlcy         -----------
ref count      : 1
----------------- Mem171UncorrectMntr           -----------
ref count      : 1
.State          : listened by port : 294920, 
----------------- Disk11-2                      -----------
ref count      : 1
.TypeLengthCode : send event count: 1
.Health         : listened by port : 688148, 294920, 
.ReadingStatus  : send event count: 1
.AssertStatus   : send event count: 1
.Number         : send event count: 1
----------------- pciestatus_0_exp-901          -----------
ref count      : 1
.Value          : listened by port : 294920, 
----------------- Pch1_05VGetFailInfo           -----------
ref count      : 1
----------------- PICInstalledInfo              -----------
ref count      : 1
----------------- led_Hdd10InsertMntr-2         -----------
ref count      : 1
----------------- led_Mem111RemovedMntr         -----------
ref count      : 1
----------------- InletTempUpperMajorMntr       -----------
ref count      : 1
.State          : listened by port : 294920, 
----------------- Disk3Listen_6-2               -----------
ref count      : 1
----------------- dft_item_vcc_12v0             -----------
ref count      : 1
----------------- BiosCertOverDueInfo           -----------
ref count      : 1
----------------- RaidRebuildFailInfo           -----------
ref count      : 1
----------------- BootErrorAssert1_Exp          -----------
ref count      : 1
.Value          : listened by port : 294920, 
----------------- pciestatus_0_exp-902          -----------
ref count      : 1
.Value          : listened by port : 294920, 
----------------- RedfishEventService:C         -----------
ref count      : 1
----------------- SasConnectErrMntr             -----------
ref count      : 1
.State          : listened by port : 294920, 
----------------- led_ComCable                  -----------
ref count      : 1
----------------- PcieCard:C                    -----------
ref count      : 1
----------------- MainBoard:C                   -----------
ref count      : 1
----------------- NTPWorkKey                    -----------
ref count      : 1
.WorkKey        : recv event count: 1 : listened by port : 131075, 851993, 294920, 655379, 589841, 
----------------- led_Hdd0PredicFailMntr-2      -----------
ref count      : 1
----------------- Disk8-2                       -----------
ref count      : 1
.TypeLengthCode : send event count: 1
.Health         : send event count: 2 : recv event count: 2 : listened by port : 688148, 294920, 
.ReadingStatus  : send event count: 1
.AssertStatus   : send event count: 6
.Number         : send event count: 1
----------------- CpuMemVpp1failInfo            -----------
ref count      : 1
----------------- dft_item_vcc_12v2             -----------
ref count      : 1
----------------- HddIn0PredFailMntr-2          -----------
ref count      : 1
.State          : listened by port : 294920, 
----------------- GPUElabel-801                 -----------
ref count      : 1
.MfgDateTime    : listened by port : 753686, 
.ProductAssetTag : recv event count: 1 : listened by port : 294920, 
.BoardSerialNumber : recv event count: 2 : listened by port : 294920, 65537, 
.ChassisSerialNumber : recv event count: 1 : listened by port : 294920, 
----------------- PcieBBULowPlcy                -----------
ref count      : 1
----------------- I2CDeviceAccessFailPlcy       -----------
ref count      : 1
----------------- CrlOverDuePlcy                -----------
ref count      : 1
----------------- Led:C                         -----------
ref count      : 1
----------------- ExpBoardReplaceInfo           -----------
ref count      : 1
----------------- PCIeGetVoltageFailMntr-901    -----------
ref count      : 1
.Mode           : send event count: 1
.Reading        : send event count: 1
.EventFRU       : send event count: 1
.SavedMode      : send event count: 1
.State          : send event count: 1 : recv event count: 1 : listened by port : 294920, 
.SubjectObj     : send event count: 1
.SavedReading   : send event count: 1
.DescriptionDynamic : send event count: 1
.ScannedCount   : send event count: 1
.PolicyObj      : send event count: 1
.SuggestionDynamic : send event count: 1
.SensorObj      : send event count: 1
.Threshold      : send event count: 1
.InformationObj : send event count: 1
.ReadingMask    : send event count: 1
.Operator       : send event count: 1
.Hysteresis     : send event count: 1
.AddInfo        : send event count: 1
.Time           : send event count: 1
----------------- Hdd3ExpPHYMntr-2              -----------
ref count      : 1
.State          : listened by port : 294920, 
----------------- dft_item_vcc_12v3             -----------
ref count      : 1
----------------- latch_issue_accessor          -----------
ref count      : 1
----------------- CpuUsageHighMntr              -----------
ref count      : 1
.State          : listened by port : 294920, 
----------------- Stdby12VHighInfo              -----------
ref count      : 1
----------------- PICCard12VLowInfo             -----------
ref count      : 1
----------------- GPUElabel-802                 -----------
ref count      : 1
.MfgDateTime    : listened by port : 753686, 
.ProductAssetTag : recv event count: 1 : listened by port : 294920, 
.BoardSerialNumber : recv event count: 2 : listened by port : 294920, 65537, 
.ChassisSerialNumber : recv event count: 1 : listened by port : 294920, 
----------------- Fan2FSpeed_category           -----------
ref count      : 1
----------------- led_Mem110InstalledMntr       -----------
ref count      : 1
----------------- IoutOcWarningInfo             -----------
ref count      : 1
----------------- dft_item_vcc_12v4             -----------
ref count      : 1
----------------- BBUStatus-1                   -----------
ref count      : 1
.TypeLengthCode : send event count: 1
.Health         : listened by port : 688148, 294920, 
.ReadingStatus  : send event count: 1
.AssertStatus   : send event count: 32
.Number         : send event count: 1
----------------- PCIeGetVoltageFailMntr-902    -----------
ref count      : 1
.Mode           : send event count: 1
.Reading        : send event count: 1
.EventFRU       : send event count: 1
.SavedMode      : send event count: 1
.State          : send event count: 1 : recv event count: 1 : listened by port : 294920, 
.SubjectObj     : send event count: 1
.SavedReading   : send event count: 1
.DescriptionDynamic : send event count: 1
.ScannedCount   : send event count: 1
.PolicyObj      : send event count: 1
.SuggestionDynamic : send event count: 1
.SensorObj      : send event count: 1
.Threshold      : send event count: 1
.InformationObj : send event count: 1
.ReadingMask    : send event count: 1
.Operator       : send event count: 1
.Hysteresis     : send event count: 1
.AddInfo        : send event count: 1
.Time           : send event count: 1
----------------- Mem011RemovedMntr             -----------
ref count      : 1
.State          : send event count: 1 : recv event count: 1 : listened by port : 294920, 
----------------- CpuHVCCHighInfo               -----------
ref count      : 1
----------------- MezzStandby3_3VFailInfo       -----------
ref count      : 1
----------------- PCIeOverTempProtectionInfo    -----------
ref count      : 1
----------------- reset_pca9545-8               -----------
ref count      : 1
----------------- CpuMemVpp2HighInfo            -----------
ref count      : 1
----------------- Port1BWUsageMntr-3            -----------
ref count      : 1
.State          : listened by port : 294920, 
----------------- led_Cpu2BistFailMntr          -----------
ref count      : 1
----------------- DeaSdr:C                      -----------
ref count      : 1
----------------- Fan2Fspeed                    -----------
ref count      : 1
.SensorUnitStr  : send event count: 1
.ReaddingConvert : send event count: 21154624
.ReadingStatus  : send event count: 1
.Number         : send event count: 1
.Health         : listened by port : 688148, 294920, 
.TypeLengthCode : send event count: 1
----------------- MemReplaceInfo                -----------
ref count      : 1
----------------- dft_item_vcc_12v5             -----------
ref count      : 1
----------------- OperationLogFull_listen_8     -----------
ref count      : 1
----------------- Hdd10ExpPHYMntr-2             -----------
ref count      : 1
.State          : listened by port : 294920, 
----------------- DiskIn1LocatErrMntr-2         -----------
ref count      : 1
.State          : listened by port : 294920, 
----------------- reset_pca9545-9               -----------
ref count      : 1
----------------- FruPresent-902                -----------
ref count      : 1
.Value          : recv event count: 1 : listened by port : 294920, 
----------------- Port1BWUsageMntr-4            -----------
ref count      : 1
.State          : listened by port : 294920, 
----------------- RaidCardAnchor-1              -----------
ref count      : 1
----------------- cpu2_mem345_vrd_temp          -----------
ref count      : 1
----------------- FruPresent-901                -----------
ref count      : 1
.Value          : recv event count: 1 : listened by port : 294920, 
----------------- Watchdog2:C                   -----------
ref count      : 1
----------------- 1V2_3_PwrCirAbnormal          -----------
ref count      : 1
----------------- Hdd8Flash_exp-2               -----------
ref count      : 1
.Value          : listened by port : 294920, 
----------------- PwrIOut16Exp_coeff1-5         -----------
ref count      : 1
.Value          : send event count: 20087441 : recv event count: 20087441 : listened by port : 294920, 
----------------- OcpCardFaultInfo              -----------
ref count      : 1
----------------- led_Mem070UncorrectMntr       -----------
ref count      : 1
----------------- led_dimm151_mntr              -----------
ref count      : 1
----------------- Mem140UncorrectMntr           -----------
ref count      : 1
.State          : listened by port : 294920, 
----------------- BootErrorPlcy                 -----------
ref count      : 1
----------------- AddInCard_Event_0a_3          -----------
ref count      : 1
.EventCode      : send event count: 1
----------------- BaseHeartAbnorInfo            -----------
ref count      : 1
----------------- RiserTempFailPlcy             -----------
ref count      : 1
----------------- InnerHddCard1_exp-2           -----------
ref count      : 1
.Value          : listened by port : 294920, 
----------------- RightEarAccessor              -----------
ref count      : 1
----------------- dft_AVS_Test                  -----------
ref count      : 1
----------------- PwrIOut16Exp_coeff1-6         -----------
ref count      : 1
.Value          : send event count: 20108395 : recv event count: 20108395 : listened by port : 294920, 
----------------- EntityDiskInner0-2            -----------
ref count      : 1
.Health         : listened by port : 294920, 
----------------- AddInCard_Event_0a_4          -----------
ref count      : 1
.EventCode      : send event count: 1
----------------- led_Cpu1ThermTripMntr         -----------
ref count      : 1
----------------- NPUEccCountInfo               -----------
ref count      : 1
----------------- UIDLed                        -----------
ref count      : 1
.Mode           : send event count: 2
.OnDuration     : send event count: 20
.State          : send event count: 20
.CtrlValue      : send event count: 20
----------------- Hdd1Flash_exp-2               -----------
ref count      : 1
.Value          : listened by port : 294920, 
----------------- vcc_12v0_value4               -----------
ref count      : 1
.Value          : send event count: 14 : recv event count: 14 : listened by port : 294920, 
----------------- PcieBBUFaultInfo              -----------
ref count      : 1
----------------- PcieCardAnchor-801            -----------
ref count      : 1
----------------- 12VOverTempPlcy               -----------
ref count      : 1
----------------- HddIn2WearoutExp-2            -----------
ref count      : 1
.Value          : send event count: 1 : recv event count: 1 : listened by port : 294920, 
----------------- reset_i2c4_pca9545            -----------
ref count      : 1
----------------- MeshCardFRUReadFailInfo       -----------
ref count      : 1
----------------- vcc_12v0_value5               -----------
ref count      : 1
.Value          : send event count: 4 : recv event count: 4 : listened by port : 294920, 
----------------- Mem120MRCFatelErrMntr         -----------
ref count      : 1
.State          : listened by port : 294920, 
----------------- SysRestart_Event_7_6_0        -----------
ref count      : 1
.EventCode      : send event count: 1
----------------- PSUSingleInLowVolInfo         -----------
ref count      : 1
----------------- PciePwrFailExpr-901           -----------
ref count      : 1
.Value          : listened by port : 294920, 
----------------- cpu1mem345_volt_FailDebounce  -----------
ref count      : 1
.MonSenValue    : listened by port : 294920, 
----------------- PcieCardAnchor-802            -----------
ref count      : 1
----------------- led_Mem101InstalledMntr       -----------
ref count      : 1
----------------- FlashEventExpr-902            -----------
ref count      : 1
.Value          : listened by port : 294920, 
----------------- PciePwrFailExpr-902           -----------
ref count      : 1
.Value          : listened by port : 294920, 
----------------- 10GEPHYClockInfo              -----------
ref count      : 1
----------------- Stdby1_05VPlcy                -----------
ref count      : 1
----------------- SysRestart_Event_7_6_1        -----------
ref count      : 1
.EventCode      : send event count: 1
----------------- Mem070ECCMntr                 -----------
ref count      : 1
.State          : listened by port : 294920, 
----------------- CpuVccanaLowInfo              -----------
ref count      : 1
----------------- 12V_Volt_Chec                 -----------
ref count      : 1
----------------- EntityGPU-801                 -----------
ref count      : 1
.Instance       : send event count: 2
.PresentState   : send event count: 1
.EntityName     : send event count: 1
.PowerState     : send event count: 2
.MajorScore     : send event count: 1
.EntityType     : send event count: 1
.Id             : send event count: 1
.EnableState    : send event count: 1
.AnchorSlot     : send event count: 1
.MinorScore     : send event count: 1
.Health         : send event count: 1 : recv event count: 1 : listened by port : 294920, 
.CriticalScore  : send event count: 1
.CurrentScore   : send event count: 1
----------------- PSUSingleInputLostInfo        -----------
ref count      : 1
----------------- TimOutRestartMntr             -----------
ref count      : 1
.State          : listened by port : 294920, 
----------------- AddInCard_Event_0a_8          -----------
ref count      : 1
.EventCode      : send event count: 1
----------------- led_Mem130ConfigErrMntr       -----------
ref count      : 1
----------------- Cpu1Listen_0                  -----------
ref count      : 1
----------------- Mem171InitErrorCond           -----------
ref count      : 1
----------------- PreFailEventTypeExp-5         -----------
ref count      : 1
.Value          : listened by port : 294920, 
----------------- FabricPowerOffInfo            -----------
ref count      : 1
----------------- led_Mem121ConfigErrMntr       -----------
ref count      : 1
----------------- Mem170ECCMntr                 -----------
ref count      : 1
.State          : listened by port : 294920, 
----------------- Mem010MRCFatelErrMntr         -----------
ref count      : 1
.State          : listened by port : 294920, 
----------------- Cpu1Listen_1                  -----------
ref count      : 1
----------------- led_Mem061UncorrectMntr       -----------
ref count      : 1
----------------- temp_accessor-e               -----------
ref count      : 1
----------------- Port3BWUsageHigh_exp-3        -----------
ref count      : 1
.Value          : listened by port : 294920, 
----------------- Mem131UncorrectMntr           -----------
ref count      : 1
.State          : listened by port : 294920, 
----------------- led_ComMemory070              -----------
ref count      : 1
----------------- LcdFailureInfo                -----------
ref count      : 1
----------------- ConnectEvent_0                -----------
ref count      : 1
.EventCode      : send event count: 1
----------------- UsbPortOverCurrentPlcy        -----------
ref count      : 1
----------------- Cpu1Listen_2                  -----------
ref count      : 1
----------------- ReadonlyFSMntr                -----------
ref count      : 1
.State          : listened by port : 294920, 
----------------- SdrDev:C                      -----------
ref count      : 1
----------------- Port3BWUsageHigh_exp-4        -----------
ref count      : 1
.Value          : listened by port : 294920, 
----------------- led_ComMemory071              -----------
ref count      : 1
----------------- Cpu2MemTempFailExpr           -----------
ref count      : 1
.Value          : send event count: 102 : recv event count: 102 : listened by port : 294920, 
----------------- ConnectEvent_1                -----------
ref count      : 1
.EventCode      : send event count: 1
----------------- NCBrdStat2Plcy                -----------
ref count      : 1
----------------- PreFailEventTypeExp-6         -----------
ref count      : 1
.Value          : listened by port : 294920, 
----------------- InitInfoFailExpr-801          -----------
ref count      : 1
.Value          : listened by port : 294920, 
----------------- EntityGPU-802                 -----------
ref count      : 1
.Instance       : send event count: 2
.PresentState   : send event count: 1
.EntityName     : send event count: 1
.PowerState     : send event count: 2
.MajorScore     : send event count: 1
.EntityType     : send event count: 1
.Id             : send event count: 1
.EnableState    : send event count: 1
.AnchorSlot     : send event count: 1
.MinorScore     : send event count: 1
.Health         : send event count: 1 : recv event count: 1 : listened by port : 294920, 
.CriticalScore  : send event count: 1
.CurrentScore   : send event count: 1
----------------- EntityDisk5-2                 -----------
ref count      : 1
.Health         : listened by port : 294920, 
----------------- vcc_12v0_value3_exp           -----------
ref count      : 1
.Value          : send event count: 248 : recv event count: 248 : listened by port : 294920, 
----------------- Hdd3FlashMntr-2               -----------
ref count      : 1
.State          : listened by port : 294920, 
----------------- SysFwProg_Event_0_c           -----------
ref count      : 1
.EventCode      : send event count: 1
----------------- InitInfoFailExpr-802          -----------
ref count      : 1
.Value          : listened by port : 294920, 
----------------- Dimm170                       -----------
ref count      : 1
.TypeLengthCode : send event count: 1
.Health         : listened by port : 688148, 294920, 
.ReadingStatus  : send event count: 1
.AssertStatus   : send event count: 1
.Number         : send event count: 1
----------------- CpldSelfcheckMntr             -----------
ref count      : 1
.State          : listened by port : 294920, 
----------------- GPUPowerFailExpr-801          -----------
ref count      : 1
.Value          : listened by port : 294920, 
----------------- sysps_status_exp              -----------
ref count      : 1
.Value          : listened by port : 294920, 
----------------- Dimm171                       -----------
ref count      : 1
.TypeLengthCode : send event count: 1
.Health         : listened by port : 688148, 294920, 
.ReadingStatus  : send event count: 1
.AssertStatus   : send event count: 1
.Number         : send event count: 1
----------------- ModbusCommInitInfo            -----------
ref count      : 1
----------------- SysRestart_Event_7_6_8        -----------
ref count      : 1
.EventCode      : send event count: 1
----------------- Psu1OPOKStatusAccessor        -----------
ref count      : 1
----------------- GPUPowerFailExpr-802          -----------
ref count      : 1
.Value          : listened by port : 294920, 
----------------- MeshCardVoltHighInfo          -----------
ref count      : 1
----------------- DiceCertOverDueMntr           -----------
ref count      : 1
.State          : listened by port : 294920, 
----------------- PCIeSwVcoreFailInfo           -----------
ref count      : 1
----------------- Cpu1Listen_7                  -----------
ref count      : 1
----------------- led_HddIn3PredFailMntr-2      -----------
ref count      : 1
----------------- Cpu2VrdTemp                   -----------
ref count      : 1
.SensorUnitStr  : send event count: 1
.ReaddingConvert : send event count: 218432
.UpperNonrecoverableConvert : send event count: 1
.ReadingStatus  : send event count: 1
.Number         : send event count: 1
.Health         : listened by port : 688148, 294920, 
.TypeLengthCode : send event count: 1
----------------- Cpu1PresentMntr               -----------
ref count      : 1
.State          : listened by port : 294920, 
----------------- VrdV170CpldExp                -----------
ref count      : 1
.Value          : listened by port : 294920, 
----------------- Sel:C                         -----------
ref count      : 1
----------------- PCIeCardPowerPlcy             -----------
ref count      : 1
----------------- 1822Chip1V2HighInfo           -----------
ref count      : 1
----------------- PCIeWdtFailureInfo            -----------
ref count      : 1
----------------- pca9555_raid_dev_test-1       -----------
ref count      : 1
----------------- PwrLackAlertInfo              -----------
ref count      : 1
----------------- led_Hdd4InsertMntr-2          -----------
ref count      : 1
----------------- led_dimm020_mntr              -----------
ref count      : 1
----------------- PHYErrIncTooFastEvent         -----------
ref count      : 1
.State          : listened by port : 294920, 
----------------- Raiser2PresenceAccessor       -----------
ref count      : 1
----------------- SwitchMezzVoltPlcy            -----------
ref count      : 1
----------------- Mem100UncorrectMntr           -----------
ref count      : 1
.State          : listened by port : 294920, 
----------------- PcieCardPlugOutInfo           -----------
ref count      : 1
----------------- M2Disk1ReplaceMntr            -----------
ref count      : 1
.State          : listened by port : 294920, 
----------------- ExpHeartBeatInfo              -----------
ref count      : 1
----------------- GpuBrdThermAbnormalInfo       -----------
ref count      : 1
----------------- LcdRemovedInfo                -----------
ref count      : 1
----------------- RaidCardStatusInfo            -----------
ref count      : 1
----------------- ConnectEvent_8                -----------
ref count      : 1
.EventCode      : send event count: 1
----------------- SFPTempFailExpr               -----------
ref count      : 1
.Value          : send event count: 78 : recv event count: 78 : listened by port : 294920, 
----------------- hotswap0                      -----------
ref count      : 1
.CurrentHotswapState : listened by port : 917531, 458765, 
.MixHotswapState : recv event count: 4 : listened by port : 294920, 786455, 
----------------- VoltageLowerEventExpr-801     -----------
ref count      : 1
.Value          : listened by port : 294920, 
----------------- Hdd3ReplaceMntr-2             -----------
ref count      : 1
.State          : listened by port : 294920, 
----------------- PcbV170CpldExp                -----------
ref count      : 1
.Value          : listened by port : 294920, 
----------------- cpu1mem345_volt_accessor      -----------
ref count      : 1
----------------- CpuVRDTempMajorInfo           -----------
ref count      : 1
----------------- ConnectEvent_9                -----------
ref count      : 1
.EventCode      : send event count: 1
----------------- RaidCardTempPlcy              -----------
ref count      : 1
----------------- Hdd7ReplaceMntr-2             -----------
ref count      : 1
.State          : listened by port : 294920, 
----------------- led_disk6-2                   -----------
ref count      : 1
----------------- HddBPStatus_Listen_1          -----------
ref count      : 1
----------------- Mem161ConfigErrorCond         -----------
ref count      : 1
----------------- SnmpPrivacyPwdWorkKey         -----------
ref count      : 1
.WorkKey        : recv event count: 1 : listened by port : 131075, 851993, 294920, 655379, 589841, 
----------------- pwr_issue_68_exp              -----------
ref count      : 1
.Value          : listened by port : 294920, 
----------------- PchPrim1V05VHighInfo          -----------
ref count      : 1
----------------- CpuMemVppPlcy                 -----------
ref count      : 1
----------------- OutletTemp_category_chip      -----------
ref count      : 1
----------------- pwr_issue_57_exp              -----------
ref count      : 1
.Value          : listened by port : 294920, 
----------------- SyslogClientCertMonitor       -----------
ref count      : 1
----------------- pwr_issue_46_exp              -----------
ref count      : 1
.Value          : listened by port : 294920, 
----------------- PCIeCardPFAEMntr-901          -----------
ref count      : 1
.Mode           : send event count: 1
.Reading        : send event count: 1
.EventFRU       : send event count: 1
.SavedMode      : send event count: 1
.State          : send event count: 1 : recv event count: 1 : listened by port : 294920, 
.SubjectObj     : send event count: 1
.SavedReading   : send event count: 1
.DescriptionDynamic : send event count: 1
.ScannedCount   : send event count: 1
.PolicyObj      : send event count: 1
.SuggestionDynamic : send event count: 1
.SensorObj      : send event count: 1
.Threshold      : send event count: 1
.InformationObj : send event count: 1
.ReadingMask    : send event count: 1
.Operator       : send event count: 1
.Hysteresis     : send event count: 1
.AddInfo        : send event count: 1
.Time           : send event count: 1
----------------- led_Mem151ECCMntr             -----------
ref count      : 1
----------------- M2CardSlot1_pre_exp-8         -----------
ref count      : 1
.Value          : listened by port : 294920, 
----------------- MemPrefailureInfo             -----------
ref count      : 1
----------------- RearBackplaneHddInfo          -----------
ref count      : 1
----------------- pwr_issue_35_exp              -----------
ref count      : 1
.Value          : listened by port : 294920, 
----------------- Lom1Port2LinkAccessor-3       -----------
ref count      : 1
----------------- EntityInnerHddCard-2          -----------
ref count      : 1
.EntityName     : send event count: 1
.PowerState     : send event count: 1
.EnableState    : send event count: 2
.Health         : listened by port : 294920, 
----------------- pwr_issue_24_exp              -----------
ref count      : 1
.Value          : listened by port : 294920, 
----------------- Mem051ConfigErrorCond         -----------
ref count      : 1
----------------- cpu2mem345_volt_accessor      -----------
ref count      : 1
----------------- M2CardSlot1_pre_exp-9         -----------
ref count      : 1
.Value          : listened by port : 294920, 
----------------- BBUMOSOverTempPlcy            -----------
ref count      : 1
----------------- pwr_issue_13_exp              -----------
ref count      : 1
.Value          : listened by port : 294920, 
----------------- Mem140InitErrorCond           -----------
ref count      : 1
----------------- sel_almost_full               -----------
ref count      : 1
.Value          : listened by port : 294920, 
----------------- MemNVDIMMCapAbsentPlcy        -----------
ref count      : 1
----------------- Lom1Port2LinkAccessor-4       -----------
ref count      : 1
----------------- Log_Event_7_8                 -----------
ref count      : 1
.EventCode      : send event count: 1
----------------- led_Mem030UncorrectMntr       -----------
ref count      : 1
----------------- cpu1vsa_volt_Fail             -----------
ref count      : 1
.Value          : listened by port : 294920, 
.Y              : send event count: 1
----------------- PCIeRaidInitErrPlcy           -----------
ref count      : 1
----------------- HddUncorrectPlcy              -----------
ref count      : 1
----------------- Mem131InitErrorCond           -----------
ref count      : 1
----------------- PwrCapErrPlcy                 -----------
ref count      : 1
----------------- led_Mem021UncorrectMntr       -----------
ref count      : 1
----------------- PCIeCardTempPlcy              -----------
ref count      : 1
----------------- MezzCardPFAEPlcy              -----------
ref count      : 1
----------------- VoltTest:C                    -----------
ref count      : 1
----------------- MeshTempGetFailInfo           -----------
ref count      : 1
----------------- PcieCard-901                  -----------
ref count      : 1
.FatalError     : recv event count: 1 : listened by port : 294920, 
.FDMFault       : recv event count: 1 : listened by port : 294920, 
.Health         : recv event count: 1 : listened by port : 294920, 
.ReplaceFlag    : listened by port : 294920, 
----------------- PCIeCardPFAEMntr-902          -----------
ref count      : 1
.Mode           : send event count: 1
.Reading        : send event count: 1
.EventFRU       : send event count: 1
.SavedMode      : send event count: 1
.State          : send event count: 1 : recv event count: 1 : listened by port : 294920, 
.SubjectObj     : send event count: 1
.SavedReading   : send event count: 1
.DescriptionDynamic : send event count: 1
.ScannedCount   : send event count: 1
.PolicyObj      : send event count: 1
.SuggestionDynamic : send event count: 1
.SensorObj      : send event count: 1
.Threshold      : send event count: 1
.InformationObj : send event count: 1
.ReadingMask    : send event count: 1
.Operator       : send event count: 1
.Hysteresis     : send event count: 1
.AddInfo        : send event count: 1
.Time           : send event count: 1
----------------- VoltageLowerEventExpr-802     -----------
ref count      : 1
.Value          : listened by port : 294920, 
----------------- led_Mem051ECCMntr             -----------
ref count      : 1
----------------- Mem110RemovedMntr             -----------
ref count      : 1
.State          : send event count: 1 : recv event count: 1 : listened by port : 294920, 
----------------- OMAlarmPlcy                   -----------
ref count      : 1
----------------- CustomizedInletExp            -----------
ref count      : 1
.Value          : listened by port : 294920, 
----------------- Mem050InstalledMntr           -----------
ref count      : 1
.State          : send event count: 1 : recv event count: 1 : listened by port : 294920, 
----------------- PcieCard-902                  -----------
ref count      : 1
.FatalError     : recv event count: 1 : listened by port : 294920, 
.FDMFault       : recv event count: 1 : listened by port : 294920, 
.Health         : recv event count: 1 : listened by port : 294920, 
.ReplaceFlag    : listened by port : 294920, 
----------------- Cable_Event_0                 -----------
ref count      : 1
.EventCode      : send event count: 1
----------------- Stby1_2VGetFailPlcy           -----------
ref count      : 1
----------------- SelFilter_6_3                 -----------
ref count      : 1
----------------- LDAPCertDueStatus_exp2_0      -----------
ref count      : 1
.Value          : listened by port : 294920, 
----------------- led_cpu1_status               -----------
ref count      : 1
----------------- Mem041InstalledMntr           -----------
ref count      : 1
.State          : send event count: 1 : recv event count: 1 : listened by port : 294920, 
----------------- SysRestart_Event_7_6_D        -----------
ref count      : 1
.EventCode      : send event count: 1
----------------- DiskInner2Listen_1-2          -----------
ref count      : 1
----------------- 1822ChipFaultInfo             -----------
ref count      : 1
----------------- Cable_Event_1                 -----------
ref count      : 1
.EventCode      : send event count: 1
----------------- rtc_volt_accessor             -----------
ref count      : 1
----------------- cpu1_vrd0_chip_initvol        -----------
ref count      : 1
----------------- RaidCardStatus-1              -----------
ref count      : 1
.TypeLengthCode : send event count: 1
.Health         : listened by port : 688148, 294920, 
.ReadingStatus  : send event count: 1
.AssertStatus   : send event count: 1
.Number         : send event count: 1
----------------- led_fan4F_pres                -----------
ref count      : 1
----------------- InletTempLowerMajorInfo       -----------
ref count      : 1
----------------- Memory050ReplaceMntr          -----------
ref count      : 1
.State          : listened by port : 294920, 
----------------- SysRestart_Event_7_6_E        -----------
ref count      : 1
.EventCode      : send event count: 1
----------------- Npu12HighMajorInfo            -----------
ref count      : 1
----------------- Disk0Listen_1_Exp1-2          -----------
ref count      : 1
.Value          : listened by port : 294920, 
----------------- Cable_Event_2                 -----------
ref count      : 1
.EventCode      : send event count: 1
----------------- SelFilter_17_03               -----------
ref count      : 1
----------------- RaidCardPCIEErrPlcy           -----------
ref count      : 1
----------------- LDAPCertDueStatus_exp2_2      -----------
ref count      : 1
.Value          : listened by port : 294920, 
----------------- Memory161ReplaceMntr          -----------
ref count      : 1
.State          : listened by port : 294920, 
----------------- SelFilter_0A_08               -----------
ref count      : 1
----------------- Disk0FailMntr-2               -----------
ref count      : 1
.State          : listened by port : 294920, 
----------------- LDAPCertDueStatus_exp2_1      -----------
ref count      : 1
.Value          : listened by port : 294920, 
----------------- SysRestart_Event_7_6_F        -----------
ref count      : 1
.EventCode      : send event count: 1
----------------- MezzFRUReadFailInfo           -----------
ref count      : 1
----------------- SMMRemovedInfo                -----------
ref count      : 1
----------------- M2_pca9555_hddBP              -----------
ref count      : 1
----------------- SelFilter_17_04               -----------
ref count      : 1
----------------- pwr_issue_02_exp              -----------
ref count      : 1
.Value          : listened by port : 294920, 
----------------- Disk1Listen_2-2               -----------
ref count      : 1
----------------- Sys3_3VLowInfo                -----------
ref count      : 1
----------------- FRUReadFailMntr               -----------
ref count      : 1
.State          : listened by port : 294920, 
----------------- Cpu1DdrVddq2HighMntr          -----------
ref count      : 1
.State          : listened by port : 294920, 
----------------- PS_Listen_3-5                 -----------
ref count      : 1
----------------- FIOInletLtempMInfo            -----------
ref count      : 1
----------------- LDAPCertDueStatus_exp2_3      -----------
ref count      : 1
.Value          : listened by port : 294920, 
----------------- 100M0ClockFailMntr            -----------
ref count      : 1
.State          : listened by port : 294920, 
----------------- AddInCard_Event_08_0          -----------
ref count      : 1
.EventCode      : send event count: 1
----------------- Terminator_Event_8_0          -----------
ref count      : 1
.EventCode      : send event count: 1
----------------- PsRedundancyLostInfo          -----------
ref count      : 1
----------------- Stdby3_3VHighInfo             -----------
ref count      : 1
----------------- PS_Listen_3-6                 -----------
ref count      : 1
----------------- led_HddIn1FailAryMntr-2       -----------
ref count      : 1
----------------- PCIeBandWidthMntr-901         -----------
ref count      : 1
.Mode           : send event count: 1
.Reading        : send event count: 1
.EventFRU       : send event count: 1
.SavedMode      : send event count: 1
.State          : send event count: 1 : recv event count: 1 : listened by port : 294920, 
.SubjectObj     : send event count: 1
.SavedReading   : send event count: 1
.DescriptionDynamic : send event count: 1
.ScannedCount   : send event count: 1
.PolicyObj      : send event count: 1
.SuggestionDynamic : send event count: 1
.SensorObj      : send event count: 1
.Threshold      : send event count: 1
.InformationObj : send event count: 1
.ReadingMask    : send event count: 1
.Operator       : send event count: 1
.Hysteresis     : send event count: 1
.AddInfo        : send event count: 1
.Time           : send event count: 1
----------------- AddInCard_Event_08_1          -----------
ref count      : 1
.EventCode      : send event count: 1
----------------- Terminator_Event_8_1          -----------
ref count      : 1
.EventCode      : send event count: 1
----------------- Memory100                     -----------
ref count      : 1
.FDMFault       : listened by port : 294920, 
.ReplaceFlag    : listened by port : 294920, 
----------------- 1711CoreTemp                  -----------
ref count      : 1
.SensorUnitStr  : send event count: 1
.NegativeHysteresisConvert : send event count: 1
.ReaddingConvert : send event count: 1646723
.ReadingStatus  : send event count: 1
.Number         : send event count: 1
.Health         : listened by port : 688148, 294920, 
.PositiveHysteresisConvert : send event count: 1
.TypeLengthCode : send event count: 1
----------------- RackPowCapFailMajorPlcy       -----------
ref count      : 1
----------------- BBURemLifeLowPlcy             -----------
ref count      : 1
----------------- PCIeBandWidthMntr-902         -----------
ref count      : 1
.Mode           : send event count: 1
.Reading        : send event count: 1
.EventFRU       : send event count: 1
.SavedMode      : send event count: 1
.State          : send event count: 1 : recv event count: 1 : listened by port : 294920, 
.SubjectObj     : send event count: 1
.SavedReading   : send event count: 1
.DescriptionDynamic : send event count: 1
.ScannedCount   : send event count: 1
.PolicyObj      : send event count: 1
.SuggestionDynamic : send event count: 1
.SensorObj      : send event count: 1
.Threshold      : send event count: 1
.InformationObj : send event count: 1
.ReadingMask    : send event count: 1
.Operator       : send event count: 1
.Hysteresis     : send event count: 1
.AddInfo        : send event count: 1
.Time           : send event count: 1
----------------- NPUPFAEPlcy                   -----------
ref count      : 1
----------------- 2V5_1_PwrCirAblMntr           -----------
ref count      : 1
.State          : listened by port : 294920, 
----------------- LomCardAnchor-3               -----------
ref count      : 1
----------------- SwitchBrdPSUInfo              -----------
ref count      : 1
----------------- Hdd10FlashMntr-2              -----------
ref count      : 1
.State          : listened by port : 294920, 
----------------- Common                        -----------
ref count      : 1
----------------- Hdd6RebuildEndMntr-2          -----------
ref count      : 1
.State          : send event count: 1 : recv event count: 1 : listened by port : 294920, 
----------------- SelFilter_17_08               -----------
ref count      : 1
----------------- HDDBkpVolHighMajorInfo        -----------
ref count      : 1
----------------- Memory101                     -----------
ref count      : 1
.FDMFault       : listened by port : 294920, 
.ReplaceFlag    : listened by port : 294920, 
----------------- cpu1mem345_volt_Fail          -----------
ref count      : 1
.Value          : listened by port : 294920, 
.Y              : send event count: 1
----------------- Chassis                       -----------
ref count      : 1
.ChassisNum     : listened by port : 917531, 
.Location       : listened by port : 294920, 
.ChassisName    : listened by port : 294920, 
----------------- LomCardAnchor-4               -----------
ref count      : 1
----------------- 5V0PwrCirAbl_Exp              -----------
ref count      : 1
.Value          : listened by port : 294920, 
----------------- GPUDev-802                    -----------
ref count      : 1
.Health         : recv event count: 1 : listened by port : 294920, 
----------------- RiserCard3BoardIdAccessor     -----------
ref count      : 1
----------------- BBUAccessTempFailPlcy         -----------
ref count      : 1
----------------- Cpu2TempFailedMntr            -----------
ref count      : 1
.State          : listened by port : 294920, 
----------------- Mem070ConfigErrMntr           -----------
ref count      : 1
.State          : listened by port : 294920, 
----------------- PCIeGetDimmTempFailInfo       -----------
ref count      : 1
----------------- CpuInstallInfo                -----------
ref count      : 1
----------------- Disk4Listen_6-2               -----------
ref count      : 1
----------------- HddInner2Flash_exp-2          -----------
ref count      : 1
.Value          : listened by port : 294920, 
----------------- pg_p0v9_mss_accessor-1        -----------
ref count      : 1
----------------- PCIeOverCurExp-901            -----------
ref count      : 1
.Value          : listened by port : 294920, 
----------------- Mem061ConfigErrMntr           -----------
ref count      : 1
.State          : listened by port : 294920, 
----------------- PCIeHardwareFailureInfo       -----------
ref count      : 1
----------------- Disk5StatErrExp-2             -----------
ref count      : 1
.Value          : listened by port : 294920, 
----------------- DiskExpInfo                   -----------
ref count      : 1
----------------- NICFruFailInfo                -----------
ref count      : 1
----------------- CommWithDevFailInfo           -----------
ref count      : 1
----------------- ElectValveOut12VGetFailInfo   -----------
ref count      : 1
----------------- 50MClockFailMntr              -----------
ref count      : 1
.State          : listened by port : 294920, 
----------------- PCIeOverCurExp-902            -----------
ref count      : 1
.Value          : listened by port : 294920, 
----------------- led_dimm140_mntr              -----------
ref count      : 1
----------------- BBUMOSOverTempPrtcInfo        -----------
ref count      : 1
----------------- MemUsagePlcy                  -----------
ref count      : 1
----------------- VoltMonitor:C                 -----------
ref count      : 1
----------------- FAN3RSpeedOemConfig           -----------
ref count      : 1
----------------- PwdWorkKey                    -----------
ref count      : 1
.WorkKey        : recv event count: 1 : listened by port : 131075, 851993, 294920, 655379, 589841, 
----------------- Cpu1CoreTempExpr              -----------
ref count      : 1
.Value          : send event count: 1680796 : recv event count: 1680796 : listened by port : 294920, 
----------------- Mem100InitErrorCond           -----------
ref count      : 1
----------------- STBY3V3_2V5_PWFailMntr        -----------
ref count      : 1
.State          : listened by port : 294920, 
----------------- NpuHealthMinorInfo            -----------
ref count      : 1
----------------- RackPowCapUnConfPlcy          -----------
ref count      : 1
----------------- DftItem:C                     -----------
ref count      : 1
----------------- Disk6Listen_1_Exp2-2          -----------
ref count      : 1
.Value          : listened by port : 294920, 
----------------- SECEnableExp                  -----------
ref count      : 1
.Value          : listened by port : 294920, 
----------------- dbd_contbin_H15L15            -----------
ref count      : 1
----------------- PCIeTempReadFailPlcy          -----------
ref count      : 1
----------------- CpuVDDQPlcy                   -----------
ref count      : 1
----------------- M2Disk2LocatErrMntr           -----------
ref count      : 1
.State          : listened by port : 294920, 
----------------- GPUDev-801                    -----------
ref count      : 1
.Health         : recv event count: 1 : listened by port : 294920, 
----------------- Mem010InstalledMntr           -----------
ref count      : 1
.State          : send event count: 1 : recv event count: 1 : listened by port : 294920, 
----------------- PreFailSeverityExp-5          -----------
ref count      : 1
.Value          : listened by port : 294920, 
----------------- BBUOverCurrentMajorPlcy       -----------
ref count      : 1
----------------- Hdd11RAIDPHYMntr-2            -----------
ref count      : 1
.State          : listened by port : 294920, 
----------------- Mem001InstalledMntr           -----------
ref count      : 1
.State          : send event count: 1 : recv event count: 1 : listened by port : 294920, 
----------------- 1_2V_VDDQ1                    -----------
ref count      : 1
.SensorUnitStr  : send event count: 1
.NegativeHysteresisConvert : send event count: 1
.ReaddingConvert : send event count: 4
.UpperNonrecoverableConvert : send event count: 1
.ReadingStatus  : send event count: 1
.Number         : send event count: 1
.Health         : listened by port : 688148, 294920, 
.PositiveHysteresisConvert : send event count: 1
.TypeLengthCode : send event count: 1
----------------- MainBrdOMTempReadFailPlcy     -----------
ref count      : 1
----------------- OutletTempOemConfig           -----------
ref count      : 1
----------------- PreFailSeverityExp-6          -----------
ref count      : 1
.Value          : listened by port : 294920, 
----------------- FanEvent_10                   -----------
ref count      : 1
.EventCode      : send event count: 1
----------------- Hdd1-2                        -----------
ref count      : 1
.RebuildState   : recv event count: 4 : listened by port : 294920, 
.Presence       : recv event count: 4 : listened by port : 294920, 
.Id             : listened by port : 229382, 491534, 
.ReplaceFlag    : recv event count: 2 : listened by port : 294920, 
----------------- 1_2V_VDDQ2                    -----------
ref count      : 1
.SensorUnitStr  : send event count: 1
.NegativeHysteresisConvert : send event count: 1
.ReaddingConvert : send event count: 3
.UpperNonrecoverableConvert : send event count: 1
.ReadingStatus  : send event count: 1
.Number         : send event count: 1
.Health         : listened by port : 688148, 294920, 
.PositiveHysteresisConvert : send event count: 1
.TypeLengthCode : send event count: 1
----------------- CpuBrd100MClockInfo           -----------
ref count      : 1
----------------- MainboardLOMPFAEInfo          -----------
ref count      : 1
----------------- InsecureProtocolPlcy          -----------
ref count      : 1
----------------- InletTempFailPlcy             -----------
ref count      : 1
----------------- LegacyIOResoureNotEnoughPlcy  -----------
ref count      : 1
----------------- EXInTempGetFailPlcy           -----------
ref count      : 1
----------------- AcpiEvent_0                   -----------
ref count      : 1
.EventCode      : send event count: 1
----------------- Riser1Card                    -----------
ref count      : 1
.TypeLengthCode : send event count: 1
.Health         : listened by port : 688148, 294920, 
.ReadingStatus  : send event count: 1
.AssertStatus   : send event count: 2
.Number         : send event count: 1
----------------- Sys12VGetFailMntr             -----------
ref count      : 1
.State          : listened by port : 294920, 
----------------- 1_2V_VDDQ3                    -----------
ref count      : 1
.SensorUnitStr  : send event count: 1
.NegativeHysteresisConvert : send event count: 1
.ReaddingConvert : send event count: 4
.UpperNonrecoverableConvert : send event count: 1
.ReadingStatus  : send event count: 1
.Number         : send event count: 1
.Health         : listened by port : 688148, 294920, 
.PositiveHysteresisConvert : send event count: 1
.TypeLengthCode : send event count: 1
----------------- FanEvent_11                   -----------
ref count      : 1
.EventCode      : send event count: 1
----------------- led_fan4F_status              -----------
ref count      : 1
----------------- SmtpPwdWorkKey                -----------
ref count      : 1
.WorkKey        : recv event count: 1 : listened by port : 131075, 851993, 294920, 655379, 589841, 
----------------- FruDev0-3                     -----------
ref count      : 1
.Health         : listened by port : 294920, 
----------------- AcpiEvent_1                   -----------
ref count      : 1
.EventCode      : send event count: 1
----------------- ButtonPlcy                    -----------
ref count      : 1
----------------- RiserTempMinorInfo            -----------
ref count      : 1
----------------- 1_2V_VDDQ4                    -----------
ref count      : 1
.SensorUnitStr  : send event count: 1
.NegativeHysteresisConvert : send event count: 1
.ReaddingConvert : send event count: 3
.UpperNonrecoverableConvert : send event count: 1
.ReadingStatus  : send event count: 1
.Number         : send event count: 1
.Health         : listened by port : 688148, 294920, 
.PositiveHysteresisConvert : send event count: 1
.TypeLengthCode : send event count: 1
----------------- link_listen_3-3               -----------
ref count      : 1
----------------- Disk10DevFault-2              -----------
ref count      : 1
.Value          : listened by port : 294920, 
----------------- Stby3_3VGetFailPlcy           -----------
ref count      : 1
----------------- FruDev0-4                     -----------
ref count      : 1
.Health         : listened by port : 294920, 
----------------- SYS12V_2_category_exp         -----------
ref count      : 1
.Value          : send event count: 1 : recv event count: 1 : listened by port : 294920, 
----------------- AcpiEvent_2                   -----------
ref count      : 1
.EventCode      : send event count: 1
----------------- SDCardInstalledInfo           -----------
ref count      : 1
----------------- led_HddIn2RbdEndMntr-2        -----------
ref count      : 1
----------------- pg_p3v3mr_mon-1               -----------
ref count      : 1
----------------- link_listen_3-4               -----------
ref count      : 1
----------------- DevOnlineInfo                 -----------
ref count      : 1
----------------- RegMonitor:C                  -----------
ref count      : 1
----------------- BinCpuBiosTypeExp             -----------
ref count      : 1
.Value          : send event count: 1 : recv event count: 1 : listened by port : 294920, 
----------------- Cpu2VDDQTempMinorMntr         -----------
ref count      : 1
.State          : listened by port : 294920, 
----------------- pwr_latch_issue_35_exp        -----------
ref count      : 1
.Value          : listened by port : 294920, 
----------------- AcpiEvent_3                   -----------
ref count      : 1
.EventCode      : send event count: 1
----------------- Cpu1CoreRem                   -----------
ref count      : 1
.SensorUnitStr  : send event count: 1
.NegativeHysteresisConvert : send event count: 1
.ReaddingConvert : send event count: 5494471
.UpperCriticalConvert : send event count: 1
.UpperNonrecoverableConvert : send event count: 1
.ReadingStatus  : send event count: 103
.Number         : send event count: 1
.Health         : listened by port : 688148, 294920, 
.PositiveHysteresisConvert : send event count: 1
.TypeLengthCode : send event count: 1
----------------- Memory001ReplaceMntr          -----------
ref count      : 1
.State          : listened by port : 294920, 
----------------- BMCStartACExp                 -----------
ref count      : 1
.Value          : send event count: 1 : recv event count: 1 : listened by port : 294920, 
----------------- BBUFireModuleTrigPlcy         -----------
ref count      : 1
----------------- led_Hdd2PredicFailMntr-2      -----------
ref count      : 1
----------------- AcpiEvent_4                   -----------
ref count      : 1
.EventCode      : send event count: 1
----------------- 4U_5280_present_exp           -----------
ref count      : 1
.Value          : listened by port : 294920, 
----------------- RearBackplaneIdMon            -----------
ref count      : 1
.MonSenValue    : send event count: 1 : recv event count: 1 : listened by port : 294920, 
----------------- reset_pca9545-e               -----------
ref count      : 1
----------------- AcpiEvent_5                   -----------
ref count      : 1
.EventCode      : send event count: 1
----------------- led_disp_ctrl                 -----------
ref count      : 1
.LedShowData2   : send event count: 243
.LedShowData1   : send event count: 13
.LedShowData3   : send event count: 475
----------------- FWMismatchInfo                -----------
ref count      : 1
----------------- led_Fan3FRemovedMntr          -----------
ref count      : 1
----------------- 1822Chip0V8HighInfo           -----------
ref count      : 1
----------------- Disk0Listen_0-2               -----------
ref count      : 1
----------------- AcpiEvent_6                   -----------
ref count      : 1
.EventCode      : send event count: 1
----------------- MemTempMinorInfo              -----------
ref count      : 1
----------------- VinUvWarningInfo-5            -----------
ref count      : 1
----------------- PCIeCardDimmTempInfo          -----------
ref count      : 1
----------------- FrontBckPlanePortAMntr-2      -----------
ref count      : 1
.State          : listened by port : 294920, 
----------------- pwr_latch_issue_13_exp        -----------
ref count      : 1
.Value          : listened by port : 294920, 
----------------- VirtualVPDReadFailPlcy        -----------
ref count      : 1
----------------- I2C4Test                      -----------
ref count      : 1
----------------- Mem021ConfigErrMntr           -----------
ref count      : 1
.State          : listened by port : 294920, 
----------------- pwr_latch_issue_02_exp        -----------
ref count      : 1
.Value          : listened by port : 294920, 
----------------- Mem030ConfigErrMntr           -----------
ref count      : 1
.State          : listened by port : 294920, 
----------------- AcpiEvent_7                   -----------
ref count      : 1
.EventCode      : send event count: 1
----------------- CpuNimBusPlcy                 -----------
ref count      : 1
----------------- PICCardClkLostInfo            -----------
ref count      : 1
----------------- SelFilter_12_6f               -----------
ref count      : 1
----------------- VinUvWarningInfo-6            -----------
ref count      : 1
----------------- PICCard3V3HighInfo            -----------
ref count      : 1
----------------- BusinessIntPlcy               -----------
ref count      : 1
----------------- MezzSys3_3VFailInfo           -----------
ref count      : 1
----------------- BMCMinorOverTempPlcy          -----------
ref count      : 1
----------------- lm75_inlet_temp               -----------
ref count      : 1
----------------- AcpiEvent_8                   -----------
ref count      : 1
.EventCode      : send event count: 1
----------------- Mem170InitErrorLogMntr        -----------
ref count      : 1
.State          : listened by port : 294920, 
----------------- BBULowVoltageMinorInfo        -----------
ref count      : 1
----------------- HddInner0ExpPHYMntr-2         -----------
ref count      : 1
.State          : listened by port : 294920, 
----------------- Cpu1VRDTempMinorMntr          -----------
ref count      : 1
.State          : listened by port : 294920, 
----------------- pwr_latch_issue_24_exp        -----------
ref count      : 1
.Value          : listened by port : 294920, 
----------------- M2Disk1Flash_exp              -----------
ref count      : 1
.Value          : listened by port : 294920, 
----------------- MezzSys12VFailInfo            -----------
ref count      : 1
----------------- M2Disk2Flash_exp              -----------
ref count      : 1
.Value          : listened by port : 294920, 
----------------- AcpiEvent_9                   -----------
ref count      : 1
.EventCode      : send event count: 1
----------------- BMCcom                        -----------
ref count      : 1
----------------- OutletTempExpr-901            -----------
ref count      : 1
.Value          : send event count: 87804 : recv event count: 87804 : listened by port : 294920, 
----------------- Disk10Listen_7-2              -----------
ref count      : 1
----------------- cpu2mem012_volt_exp           -----------
ref count      : 1
.Value          : send event count: 324977 : recv event count: 324976 : listened by port : 294920, 
.X              : send event count: 324977
----------------- Mem030MRCFatelErrMntr         -----------
ref count      : 1
.State          : listened by port : 294920, 
----------------- dft_item_rtc_volt             -----------
ref count      : 1
----------------- OCPPwrPlcy                    -----------
ref count      : 1
----------------- latch_error_code_accessor     -----------
ref count      : 1
----------------- LomCard-3                     -----------
ref count      : 1
.FDMFault       : listened by port : 294920, 
.Eid            : listened by port : 917531, 
.Health         : listened by port : 294920, 
.HotplugCtrlStatus : listened by port : 458765, 
.PrePlug        : listened by port : 917531, 
.ReplaceFlag    : listened by port : 294920, 
----------------- cpu1_mem_vtemp_mon            -----------
ref count      : 1
.MonSenValue    : send event count: 122334
----------------- SSLCert12CertMonitor          -----------
ref count      : 1
----------------- CpuPowerHighPlcy              -----------
ref count      : 1
----------------- BoadIdFailPlcy                -----------
ref count      : 1
----------------- VCCP_1V0_CPULowInfo           -----------
ref count      : 1
----------------- GpuCarrBdVoltHighMaintInfo    -----------
ref count      : 1
----------------- Stdby1_0V_LswHighInfo         -----------
ref count      : 1
----------------- NoPXEInfo                     -----------
ref count      : 1
----------------- LomCard-4                     -----------
ref count      : 1
.FDMFault       : listened by port : 294920, 
.Eid            : listened by port : 917531, 
.Health         : listened by port : 294920, 
.HotplugCtrlStatus : listened by port : 458765, 
.PrePlug        : listened by port : 917531, 
.ReplaceFlag    : listened by port : 294920, 
----------------- PsPredicFailureInfo           -----------
ref count      : 1
----------------- OutletTempExpr-902            -----------
ref count      : 1
.Value          : send event count: 88182 : recv event count: 88182 : listened by port : 294920, 
----------------- Hdd8FailedArrayMntr-2         -----------
ref count      : 1
.State          : listened by port : 294920, 
----------------- Cpu2VRDTempFailMntr           -----------
ref count      : 1
.State          : listened by port : 294920, 
----------------- SysVoltageLowInfo             -----------
ref count      : 1
----------------- 12V_3_Volt_Error              -----------
ref count      : 1
.Value          : listened by port : 294920, 
----------------- EventConfiguration            -----------
ref count      : 1
.CurEventNum    : send event count: 402
----------------- Mem140MRCFatelErrMntr         -----------
ref count      : 1
.State          : listened by port : 294920, 
----------------- CpuDdrVddq1FailInfo           -----------
ref count      : 1
----------------- Stdby1_8V_LswHighInfo         -----------
ref count      : 1
----------------- Mem111MRCFatelErrMntr         -----------
ref count      : 1
.State          : listened by port : 294920, 
----------------- BinZ_2_3G_exp                 -----------
ref count      : 1
.Value          : send event count: 1 : recv event count: 1 : listened by port : 294920, 
----------------- Disk6-2                       -----------
ref count      : 1
.TypeLengthCode : send event count: 1
.Health         : listened by port : 688148, 294920, 
.ReadingStatus  : send event count: 1
.AssertStatus   : send event count: 2
.Number         : send event count: 1
----------------- 1V2_H2_PwrCirAbl_Exp          -----------
ref count      : 1
.Value          : listened by port : 294920, 
----------------- AICoreTempMntrExpr-801        -----------
ref count      : 1
.Value          : send event count: 1 : recv event count: 1 : listened by port : 294920, 
----------------- BmcStartResetMntr             -----------
ref count      : 1
.State          : listened by port : 294920, 
----------------- CpuCoreIsoInfo                -----------
ref count      : 1
----------------- Cpu2TempFailedDebounce        -----------
ref count      : 1
.MonSenValue    : listened by port : 294920, 
----------------- inlet_temp_monitor            -----------
ref count      : 1
.TempValue      : send event count: 644730
.MonSenValue    : send event count: 163140
----------------- CpuVsaGetFailedInfo           -----------
ref count      : 1
----------------- led_disk14-2                  -----------
ref count      : 1
----------------- vcc_12v0_monitor2_convert     -----------
ref count      : 1
.Value          : send event count: 665052 : recv event count: 665051 : listened by port : 294920, 
----------------- CPUNumCfgErrInfo              -----------
ref count      : 1
----------------- PcieCardRemovedInfo           -----------
ref count      : 1
----------------- HardwareEventExpr-801         -----------
ref count      : 1
.Value          : listened by port : 294920, 
----------------- AICoreTempMntrExpr-802        -----------
ref count      : 1
.Value          : send event count: 1 : recv event count: 1 : listened by port : 294920, 
----------------- FanRedundancyPlcy             -----------
ref count      : 1
----------------- Mem031RemovedMntr             -----------
ref count      : 1
.State          : send event count: 1 : recv event count: 1 : listened by port : 294920, 
----------------- PowerFailEventExpr-901        -----------
ref count      : 1
.Value          : listened by port : 294920, 
----------------- HardwareEventExpr-802         -----------
ref count      : 1
.Value          : listened by port : 294920, 
----------------- Hdd11RebuildStartMntr-2       -----------
ref count      : 1
.State          : listened by port : 294920, 
----------------- lm75_temp_dev_test-8          -----------
ref count      : 1
----------------- BmcOpeLogFullMntr             -----------
ref count      : 1
.State          : listened by port : 294920, 
----------------- led_Mem020RemovedMntr         -----------
ref count      : 1
----------------- PowerFailEventExpr-902        -----------
ref count      : 1
.Value          : listened by port : 294920, 
----------------- Mem001MRCFatelErrMntr         -----------
ref count      : 1
.State          : listened by port : 294920, 
----------------- RS485Out12VHighPlcy           -----------
ref count      : 1
----------------- lm75_temp_dev_test-9          -----------
ref count      : 1
----------------- Standby2_5VLowInfo            -----------
ref count      : 1
----------------- led_Mem131RemovedMntr         -----------
ref count      : 1
----------------- Cpu1Temp_category_exp         -----------
ref count      : 1
.Value          : send event count: 1 : recv event count: 1 : listened by port : 294920, 
----------------- HddReplacePlcy                -----------
ref count      : 1
----------------- 12V0_1PwrCirAblMntr           -----------
ref count      : 1
.State          : listened by port : 294920, 
----------------- Port1BWUsageHigh_exp-3        -----------
ref count      : 1
.Value          : listened by port : 294920, 
----------------- Cpu1Listen_b                  -----------
ref count      : 1
----------------- FanPresencePlcy               -----------
ref count      : 1
----------------- PeakClippingInvalidInfo       -----------
ref count      : 1
----------------- SDCardRebuildPlcy             -----------
ref count      : 1
----------------- led_Hdd8RbdStartMntr-2        -----------
ref count      : 1
----------------- BIO3V3LowInfo                 -----------
ref count      : 1
----------------- 12V0_5PwrCirAblMntr           -----------
ref count      : 1
.State          : listened by port : 294920, 
----------------- FIOInletRTempPlcy             -----------
ref count      : 1
----------------- Port1BWUsageHigh_exp-4        -----------
ref count      : 1
.Value          : listened by port : 294920, 
----------------- RaidDev-1                     -----------
ref count      : 1
.Health         : listened by port : 294920, 
----------------- PCIeVoltageUpperPlcy          -----------
ref count      : 1
----------------- NTPSynchronizeTimeFailInfo    -----------
ref count      : 1
----------------- SPIStateErrorInfo             -----------
ref count      : 1
----------------- pca9545_chip-8                -----------
ref count      : 1
----------------- Microcontroller_1_2_ToHmm     -----------
ref count      : 1
----------------- Hdd5ExpPHYMntr-2              -----------
ref count      : 1
.State          : listened by port : 294920, 
----------------- ExpanderVoltLowInfo           -----------
ref count      : 1
----------------- PhotoLeakageInfo              -----------
ref count      : 1
----------------- pca9545_chip-9                -----------
ref count      : 1
----------------- Sys1_1VHighInfo               -----------
ref count      : 1
----------------- VmseTrainErrPlcy              -----------
ref count      : 1
----------------- Mem071ConfigErrorCond         -----------
ref count      : 1
----------------- SysRestart_Event_7_4_0        -----------
ref count      : 1
.EventCode      : send event count: 1
----------------- VoutUvFaultMntr-5             -----------
ref count      : 1
.State          : listened by port : 294920, 
----------------- PCIeInitAbnormalInfo          -----------
ref count      : 1
----------------- 0V9_1_PwrCirAbl_Exp           -----------
ref count      : 1
.Value          : listened by port : 294920, 
----------------- pwr_issue_93_exp              -----------
ref count      : 1
.Value          : listened by port : 294920, 
----------------- PCIeGetPowerFailMntr-801      -----------
ref count      : 1
.Mode           : send event count: 1
.Reading        : send event count: 1
.EventFRU       : send event count: 1
.SavedMode      : send event count: 1
.State          : send event count: 1 : recv event count: 1 : listened by port : 294920, 
.SubjectObj     : send event count: 1
.SavedReading   : send event count: 1
.DescriptionDynamic : send event count: 1
.ScannedCount   : send event count: 1
.PolicyObj      : send event count: 1
.SuggestionDynamic : send event count: 1
.SensorObj      : send event count: 1
.Threshold      : send event count: 1
.InformationObj : send event count: 1
.ReadingMask    : send event count: 1
.Operator       : send event count: 1
.Hysteresis     : send event count: 1
.AddInfo        : send event count: 1
.Time           : send event count: 1
----------------- CpuP1v8GetFailedInfo          -----------
ref count      : 1
----------------- CpuThermTripInfo              -----------
ref count      : 1
----------------- SysRestart_Event_7_4_1        -----------
ref count      : 1
.EventCode      : send event count: 1
----------------- VoutUvFaultMntr-6             -----------
ref count      : 1
.State          : listened by port : 294920, 
----------------- DiskInner3Listen_1-2          -----------
ref count      : 1
----------------- RightEarInfo                  -----------
ref count      : 1
----------------- CpuIERRPlcy                   -----------
ref count      : 1
----------------- LicenseFeatureEnableExpr      -----------
ref count      : 1
.Value          : listened by port : 294920, 
----------------- UidButtonPress                -----------
ref count      : 1
.MixPressEvent  : send event count: 1 : listened by port : 294920, 
----------------- HddInner0RemovedMntr-2        -----------
ref count      : 1
.State          : send event count: 1 : recv event count: 1 : listened by port : 294920, 
----------------- InletTemp_category            -----------
ref count      : 1
----------------- EX12_0VGetFailPlcy            -----------
ref count      : 1
----------------- Cpu2MemFailMntr               -----------
ref count      : 1
.State          : listened by port : 294920, 
----------------- Sys1_5VHighInfo               -----------
ref count      : 1
----------------- M2CardSlot2_pre_exp-8         -----------
ref count      : 1
.Value          : listened by port : 294920, 
----------------- i2c1_pca9545_chip             -----------
ref count      : 1
----------------- Memory110                     -----------
ref count      : 1
.FDMFault       : listened by port : 294920, 
.ReplaceFlag    : listened by port : 294920, 
----------------- MeshCardMPathPlcy             -----------
ref count      : 1
----------------- Memory111                     -----------
ref count      : 1
.FDMFault       : listened by port : 294920, 
.ReplaceFlag    : listened by port : 294920, 
----------------- M2CardSlot2_pre_exp-9         -----------
ref count      : 1
.Value          : listened by port : 294920, 
----------------- pwr_issue_60_exp              -----------
ref count      : 1
.Value          : listened by port : 294920, 
----------------- PCIeVoltageLowerMntr-901      -----------
ref count      : 1
.Mode           : send event count: 1
.Reading        : send event count: 1
.EventFRU       : send event count: 1
.SavedMode      : send event count: 1
.State          : send event count: 1 : recv event count: 1 : listened by port : 294920, 
.SubjectObj     : send event count: 1
.SavedReading   : send event count: 1
.DescriptionDynamic : send event count: 1
.ScannedCount   : send event count: 1
.PolicyObj      : send event count: 1
.SuggestionDynamic : send event count: 1
.SensorObj      : send event count: 1
.Threshold      : send event count: 1
.InformationObj : send event count: 1
.ReadingMask    : send event count: 1
.Operator       : send event count: 1
.Hysteresis     : send event count: 1
.AddInfo        : send event count: 1
.Time           : send event count: 1
----------------- PCIeGetPowerFailMntr-802      -----------
ref count      : 1
.Mode           : send event count: 1
.Reading        : send event count: 1
.EventFRU       : send event count: 1
.SavedMode      : send event count: 1
.State          : send event count: 1 : recv event count: 1 : listened by port : 294920, 
.SubjectObj     : send event count: 1
.SavedReading   : send event count: 1
.DescriptionDynamic : send event count: 1
.ScannedCount   : send event count: 1
.PolicyObj      : send event count: 1
.SuggestionDynamic : send event count: 1
.SensorObj      : send event count: 1
.Threshold      : send event count: 1
.InformationObj : send event count: 1
.ReadingMask    : send event count: 1
.Operator       : send event count: 1
.Hysteresis     : send event count: 1
.AddInfo        : send event count: 1
.Time           : send event count: 1
----------------- Disk2Listen_2-2               -----------
ref count      : 1
----------------- PCIeVoltageLowerMntr-902      -----------
ref count      : 1
.Mode           : send event count: 1
.Reading        : send event count: 1
.EventFRU       : send event count: 1
.SavedMode      : send event count: 1
.State          : send event count: 1 : recv event count: 1 : listened by port : 294920, 
.SubjectObj     : send event count: 1
.SavedReading   : send event count: 1
.DescriptionDynamic : send event count: 1
.ScannedCount   : send event count: 1
.PolicyObj      : send event count: 1
.SuggestionDynamic : send event count: 1
.SensorObj      : send event count: 1
.Threshold      : send event count: 1
.InformationObj : send event count: 1
.ReadingMask    : send event count: 1
.Operator       : send event count: 1
.Hysteresis     : send event count: 1
.AddInfo        : send event count: 1
.Time           : send event count: 1
----------------- M2CardSlot1_pre_exp-e         -----------
ref count      : 1
.Value          : listened by port : 294920, 
----------------- Ch5MirrorFailInfo             -----------
ref count      : 1
----------------- BBUStatus_Listen_1-1          -----------
ref count      : 1
----------------- led_Hdd11FailAryMntr-2        -----------
ref count      : 1
----------------- InletTemp_MonSenValue_exp     -----------
ref count      : 1
.Value          : send event count: 163141 : recv event count: 163141 : listened by port : 294920, 
----------------- Cpu1InstallMntr               -----------
ref count      : 1
.State          : send event count: 1 : recv event count: 1 : listened by port : 294920, 
----------------- EntityDisk3-2                 -----------
ref count      : 1
.Health         : listened by port : 294920, 
----------------- BaseLSWTempPlcy               -----------
ref count      : 1
----------------- GpuBoardPlugOutInfo           -----------
ref count      : 1
----------------- bbu_failed_exp-1              -----------
ref count      : 1
.Value          : listened by port : 294920, 
----------------- Port1LinkDownMntr-3           -----------
ref count      : 1
.State          : send event count: 109 : recv event count: 109 : listened by port : 294920, 
.SavedReading   : send event count: 107
.Time           : send event count: 108
----------------- Memory100ReplaceMntr          -----------
ref count      : 1
.State          : listened by port : 294920, 
----------------- Disk11MissingMntr-2           -----------
ref count      : 1
.State          : listened by port : 294920, 
----------------- RiserCardReplaceInfo          -----------
ref count      : 1
----------------- SysRestartByBmcInfo           -----------
ref count      : 1
----------------- MezzSys3_3VLowInfo            -----------
ref count      : 1
----------------- GpuCarrBoardStdbyVoltPlcy     -----------
ref count      : 1
----------------- Port1LinkDownMntr-4           -----------
ref count      : 1
.State          : send event count: 121 : recv event count: 121 : listened by port : 294920, 
.SavedReading   : send event count: 119
.Time           : send event count: 120
----------------- SysRestart_Event_7_4_8        -----------
ref count      : 1
.EventCode      : send event count: 1
----------------- LicenseFileErrorEvent         -----------
ref count      : 1
.State          : listened by port : 294920, 
----------------- BrdConfChangeInfo             -----------
ref count      : 1
----------------- Board_Mismatch_Event_03_1     -----------
ref count      : 1
.EventCode      : send event count: 1
----------------- Disk1Listen_1_Exp2-2          -----------
ref count      : 1
.Value          : send event count: 4 : recv event count: 4 : listened by port : 294920, 
----------------- SysFwProg_Event_0_1_ToHmm     -----------
ref count      : 1
----------------- SMezzNoMainBoardInfo          -----------
ref count      : 1
----------------- SysRestart_Event_7_A_0        -----------
ref count      : 1
.EventCode      : send event count: 1
----------------- MemCfgErrorInfo               -----------
ref count      : 1
----------------- Disk5Listen_6-2               -----------
ref count      : 1
----------------- Sys1_8VHighInfo               -----------
ref count      : 1
----------------- Disk1FailMntr-2               -----------
ref count      : 1
.State          : send event count: 2 : recv event count: 2 : listened by port : 294920, 
.SavedReading   : send event count: 2
.Time           : send event count: 2
----------------- SysRestart_Event_7_A_1        -----------
ref count      : 1
.EventCode      : send event count: 1
----------------- Disk7StatErrMntr-2            -----------
ref count      : 1
.State          : listened by port : 294920, 
----------------- led_Hdd6InsertMntr-2          -----------
ref count      : 1
----------------- NCBrdTempFailPlcy             -----------
ref count      : 1
----------------- PwrCapStatus                  -----------
ref count      : 1
.OwnerId        : send event count: 1
.TypeLengthCode : send event count: 1
.Health         : listened by port : 688148, 294920, 
.ReadingStatus  : send event count: 1
.AssertStatus   : send event count: 1
.Number         : send event count: 1
----------------- MemConfigErrInfo              -----------
ref count      : 1
----------------- dft_mcu_log_clear_test-901    -----------
ref count      : 1
----------------- Mem071InitErrorLogMntr        -----------
ref count      : 1
.State          : listened by port : 294920, 
----------------- VoltageUpperEventExpr-901     -----------
ref count      : 1
.Value          : listened by port : 294920, 
----------------- SyslogItemCfg:C               -----------
ref count      : 1
----------------- pg_p1v35_p1v5_accessor-1      -----------
ref count      : 1
----------------- SelFilter_17_0a               -----------
ref count      : 1
----------------- Cpu1TaRstFlatAcc              -----------
ref count      : 1
----------------- CpuCoreTempMinorPlcy          -----------
ref count      : 1
----------------- 12VVddqLowFailPlcy            -----------
ref count      : 1
----------------- cpu2mem345_volt_monitor       -----------
ref count      : 1
.VoltValue      : listened by port : 294920, 
.MonSenValue    : send event count: 2
----------------- Hdd8RebuildEndMntr-2          -----------
ref count      : 1
.State          : listened by port : 294920, 
----------------- PortLinkDownInfo              -----------
ref count      : 1
----------------- 33MClockFailMntr              -----------
ref count      : 1
.State          : listened by port : 294920, 
----------------- MotherBoard                   -----------
ref count      : 1
----------------- M2Disk1DevFault               -----------
ref count      : 1
.Value          : listened by port : 294920, 
----------------- dft_mcu_log_clear_test-902    -----------
ref count      : 1
----------------- LeakCardAbsAlmInfo            -----------
ref count      : 1
----------------- Stby1_0VLswCoreGetFailInfo    -----------
ref count      : 1
----------------- Mem020ECCMntr                 -----------
ref count      : 1
.State          : listened by port : 294920, 
----------------- Cpu2Listen_0_exp              -----------
ref count      : 1
.Value          : listened by port : 294920, 
----------------- SysRestartPwrBtnInfo          -----------
ref count      : 1
----------------- HPREFeatureKey                -----------
ref count      : 1
----------------- MemEvent_05_01                -----------
ref count      : 1
.EventCode      : send event count: 1
----------------- led_disk4-2                   -----------
ref count      : 1
----------------- risercard-8                   -----------
ref count      : 1
.Health         : listened by port : 294920, 
.ReplaceFlag    : listened by port : 294920, 
----------------- VersionChangePlcy             -----------
ref count      : 1
----------------- CpuMemHotPlcy                 -----------
ref count      : 1
----------------- Mem060InitErrorLogMntr        -----------
ref count      : 1
.State          : listened by port : 294920, 
----------------- PCIeOverCurrentProtectionPlcy -----------
ref count      : 1
----------------- RAIDBBURemoveInfo             -----------
ref count      : 1
----------------- NpuCoreTempMinorPlcy          -----------
ref count      : 1
----------------- Mem120ECCMntr                 -----------
ref count      : 1
.State          : listened by port : 294920, 
----------------- AICORE-901                    -----------
ref count      : 1
----------------- risercard-9                   -----------
ref count      : 1
.Health         : listened by port : 294920, 
.ReplaceFlag    : listened by port : 294920, 
----------------- Disk3StatErrMntr-2            -----------
ref count      : 1
.State          : listened by port : 294920, 
----------------- RAIDBBUFaultInfo              -----------
ref count      : 1
----------------- Hdd1WearoutExp-2              -----------
ref count      : 1
.Value          : send event count: 203 : recv event count: 203 : listened by port : 294920, 
----------------- Port2-3                       -----------
ref count      : 1
.LinkStatusBMA  : listened by port : 294920, 
.ActualMac      : listened by port : 917531, 
----------------- 12V0_1PwrCircuitAbl_Exp       -----------
ref count      : 1
.Value          : listened by port : 294920, 
----------------- FAN3FSpeedOemConfig           -----------
ref count      : 1
----------------- RackPowCapFailCriticalInfo    -----------
ref count      : 1
----------------- Hdd0MdWroutLowMntr-2          -----------
ref count      : 1
.State          : send event count: 2 : recv event count: 2 : listened by port : 294920, 
.SavedReading   : send event count: 2
.Time           : send event count: 2
----------------- PCIeHardwareFaultMajorPlcy    -----------
ref count      : 1
----------------- led_RTCBatteryMntr            -----------
ref count      : 1
----------------- BmcStartCompletePlcy          -----------
ref count      : 1
----------------- HddRebuildEndInfo             -----------
ref count      : 1
----------------- 1V2_4_PwrCirAbl_Exp           -----------
ref count      : 1
.Value          : listened by port : 294920, 
----------------- Port2-4                       -----------
ref count      : 1
.LinkStatusBMA  : listened by port : 294920, 
.ActualMac      : listened by port : 917531, 
----------------- led_Hdd4RbdStartMntr-2        -----------
ref count      : 1
----------------- AICORE-902                    -----------
ref count      : 1
----------------- 12V_Volt_LowMntr              -----------
ref count      : 1
.State          : listened by port : 294920, 
----------------- SysRestart_Event_7_A_8        -----------
ref count      : 1
.EventCode      : send event count: 1
----------------- Cpu2MemTempExpr               -----------
ref count      : 1
.Value          : send event count: 221073 : recv event count: 221073 : listened by port : 294920, 
----------------- led_RaidInitErr-1             -----------
ref count      : 1
----------------- GetServPwrInfoFailedInfo      -----------
ref count      : 1
----------------- AICoreUpperMntr-901           -----------
ref count      : 1
.Mode           : send event count: 1
.Reading        : send event count: 1
.EventFRU       : send event count: 1
.SavedMode      : send event count: 1
.State          : send event count: 1 : recv event count: 1 : listened by port : 294920, 
.SubjectObj     : send event count: 1
.SavedReading   : send event count: 1
.DescriptionDynamic : send event count: 1
.ScannedCount   : send event count: 1
.PolicyObj      : send event count: 1
.SuggestionDynamic : send event count: 1
.SensorObj      : send event count: 1
.Threshold      : send event count: 1
.InformationObj : send event count: 1
.ReadingMask    : send event count: 1
.Operator       : send event count: 1
.Hysteresis     : send event count: 1
.AddInfo        : send event count: 1
.Time           : send event count: 1
----------------- SasSlimLinePresPlcy           -----------
ref count      : 1
----------------- 3V3PwrCirAbl_Exp              -----------
ref count      : 1
.Value          : listened by port : 294920, 
----------------- AICoreUpperMntr-902           -----------
ref count      : 1
.Mode           : send event count: 1
.Reading        : send event count: 1
.EventFRU       : send event count: 1
.SavedMode      : send event count: 1
.State          : send event count: 1 : recv event count: 1 : listened by port : 294920, 
.SubjectObj     : send event count: 1
.SavedReading   : send event count: 1
.DescriptionDynamic : send event count: 1
.ScannedCount   : send event count: 1
.PolicyObj      : send event count: 1
.SuggestionDynamic : send event count: 1
.SensorObj      : send event count: 1
.Threshold      : send event count: 1
.InformationObj : send event count: 1
.ReadingMask    : send event count: 1
.Operator       : send event count: 1
.Hysteresis     : send event count: 1
.AddInfo        : send event count: 1
.Time           : send event count: 1
----------------- PCIeRaidComLossPlcy           -----------
ref count      : 1
----------------- SDCardRebuildFailedInfo       -----------
ref count      : 1
----------------- PCIeCardCpuTempAlertPlcy      -----------
ref count      : 1
----------------- CpuDDRVPP_ABHighInfo          -----------
ref count      : 1
----------------- LDAPCertMonitor6_1            -----------
ref count      : 1
----------------- Ch1MirrorFailInfo             -----------
ref count      : 1
----------------- Cooling                       -----------
ref count      : 1
----------------- VoltageUpperEventExpr-902     -----------
ref count      : 1
.Value          : listened by port : 294920, 
----------------- LDAPCertMonitor6_2            -----------
ref count      : 1
----------------- led_Mem150UncorrectMntr       -----------
ref count      : 1
----------------- InletTemp_category_accessor   -----------
ref count      : 1
----------------- OAMLinkAlarmInfo              -----------
ref count      : 1
----------------- SysRestart_Event_7_4_D        -----------
ref count      : 1
.EventCode      : send event count: 1
----------------- Memory070ReplaceMntr          -----------
ref count      : 1
.State          : listened by port : 294920, 
----------------- led_Mem141UncorrectMntr       -----------
ref count      : 1
----------------- SSLCert4CertMonitor           -----------
ref count      : 1
----------------- LDAPCertMonitor6_3            -----------
ref count      : 1
----------------- PRODUCT                       -----------
ref count      : 1
.SessionTokenLength : listened by port : 327689, 
----------------- CertSignWeakPlcy              -----------
ref count      : 1
----------------- PowerOffingInfo               -----------
ref count      : 1
----------------- Disk_Event_0                  -----------
ref count      : 1
.EventCode      : send event count: 1
----------------- Stdby5VPlcy                   -----------
ref count      : 1
----------------- SasConnectErrPlcy             -----------
ref count      : 1
----------------- SysRestart_Event_7_4_E        -----------
ref count      : 1
.EventCode      : send event count: 1
----------------- FrontDiskBPPlcy               -----------
ref count      : 1
----------------- hynix_DftBlock_exp            -----------
ref count      : 1
.Value          : listened by port : 294920, 
----------------- MezzStandby3_3VHighInfo       -----------
ref count      : 1
----------------- Fan1WarningInfo               -----------
ref count      : 1
----------------- PwrOkSigDrop                  -----------
ref count      : 1
.TypeLengthCode : send event count: 1
.Health         : listened by port : 688148, 294920, 
.ReadingStatus  : send event count: 1
.AssertStatus   : send event count: 1
.Number         : send event count: 1
----------------- led_pwr_issue08               -----------
ref count      : 1
----------------- Disk_Event_1                  -----------
ref count      : 1
.EventCode      : send event count: 1
----------------- SPITest                       -----------
ref count      : 1
----------------- Mem170InstalledMntr           -----------
ref count      : 1
.State          : send event count: 1 : recv event count: 1 : listened by port : 294920, 
----------------- SLIMCableConnectErrInfo       -----------
ref count      : 1
----------------- SysRestart_Event_7_4_F        -----------
ref count      : 1
.EventCode      : send event count: 1
----------------- EntityDimm100                 -----------
ref count      : 1
.PowerState     : send event count: 1
.EnableState    : send event count: 2
.Health         : listened by port : 294920, 
----------------- LDAPCertMonitor6_4            -----------
ref count      : 1
----------------- StringFormator:C              -----------
ref count      : 1
----------------- Pcb_Bmc_Vd_exp                -----------
ref count      : 1
.Value          : send event count: 1 : recv event count: 1 : listened by port : 294920, 
.X              : send event count: 1
----------------- 1822Chip1V8HighInfo           -----------
ref count      : 1
----------------- led_RaidTempReadFail-1        -----------
ref count      : 1
----------------- led_pwr_issue09               -----------
ref count      : 1
----------------- Disk_Event_2                  -----------
ref count      : 1
.EventCode      : send event count: 1
----------------- Disk1Listen_0-2               -----------
ref count      : 1
----------------- CpuUsageHighPlcy              -----------
ref count      : 1
----------------- EntityDimm101                 -----------
ref count      : 1
.PowerState     : send event count: 1
.EnableState    : send event count: 2
.Health         : listened by port : 294920, 
----------------- LedCtrl:C                     -----------
ref count      : 1
----------------- PS_Listen_1-5                 -----------
ref count      : 1
----------------- Sys1_1VPlcy                   -----------
ref count      : 1
----------------- M2TransformCard29555-8        -----------
ref count      : 1
----------------- cpu2vddfix_volt_Fail          -----------
ref count      : 1
.Value          : listened by port : 294920, 
.Y              : send event count: 1
----------------- Stdby12VLowInfo               -----------
ref count      : 1
----------------- IsTS2280v2-5                  -----------
ref count      : 1
.Value          : listened by port : 294920, 
----------------- Mem130RemovedMntr             -----------
ref count      : 1
.State          : send event count: 1 : recv event count: 1 : listened by port : 294920, 
----------------- Cpu1ExceptionFlag             -----------
ref count      : 1
.Value          : listened by port : 294920, 
----------------- Disk11DevFault-2              -----------
ref count      : 1
.Value          : listened by port : 294920, 
----------------- SysInitErrorInfo              -----------
ref count      : 1
----------------- DiskIn2StatErrMntr-2          -----------
ref count      : 1
.State          : listened by port : 294920, 
----------------- PS_Listen_1-6                 -----------
ref count      : 1
----------------- FabHeartAbnorPlcy             -----------
ref count      : 1
----------------- UidButtonEvent                -----------
ref count      : 1
----------------- LDAPCertMonitor6_7            -----------
ref count      : 1
----------------- IsTS2280v2-6                  -----------
ref count      : 1
.Value          : listened by port : 294920, 
----------------- AICoreTempExpr-901            -----------
ref count      : 1
.Value          : send event count: 101 : recv event count: 101 : listened by port : 294920, 
----------------- LDAPCertMonitor6_5            -----------
ref count      : 1
----------------- led_Hdd4PredicFailMntr-2      -----------
ref count      : 1
----------------- AICoreTempExpr-902            -----------
ref count      : 1
.Value          : send event count: 101 : recv event count: 101 : listened by port : 294920, 
----------------- LDAPCertMonitor6_6            -----------
ref count      : 1
----------------- LDAPCertMonitor6_8            -----------
ref count      : 1
----------------- pwr_issue_29_exp              -----------
ref count      : 1
.Value          : listened by port : 294920, 
----------------- HddInner2RAIDPHYMntr-2        -----------
ref count      : 1
.State          : listened by port : 294920, 
----------------- Disk11Listen_7-2              -----------
ref count      : 1
----------------- Cpu1CoreIsoMntr               -----------
ref count      : 1
.State          : listened by port : 294920, 
----------------- pwr_issue_18_exp              -----------
ref count      : 1
.Value          : listened by port : 294920, 
----------------- M2TransformCard29555-9        -----------
ref count      : 1
----------------- LDAPCertMonitor6_9            -----------
ref count      : 1
----------------- led_dimm051_mntr              -----------
ref count      : 1
----------------- led_Mem101ECCMntr             -----------
ref count      : 1
----------------- Disk_Event_6                  -----------
ref count      : 1
.EventCode      : send event count: 1
----------------- Cpu2VRDTempFailDebounce       -----------
ref count      : 1
.MonSenValue    : listened by port : 294920, 
----------------- RtcBatteryEvent_0             -----------
ref count      : 1
.EventCode      : send event count: 1
----------------- Fan1FStatusMntr               -----------
ref count      : 1
.State          : listened by port : 294920, 
----------------- InsufficientBBUTimeInfo       -----------
ref count      : 1
----------------- DiskPartitionUsageInfo        -----------
ref count      : 1
----------------- NPUEccCountMajorPlcy          -----------
ref count      : 1
----------------- Disk_Event_7                  -----------
ref count      : 1
.EventCode      : send event count: 1
----------------- vcc_12v0_fail4Debounce        -----------
ref count      : 1
.MonSenValue    : listened by port : 294920, 
----------------- Is1280v2Valid-1               -----------
ref count      : 1
.Value          : listened by port : 294920, 
----------------- RtcBatteryEvent_1             -----------
ref count      : 1
.EventCode      : send event count: 1
----------------- Disk7StatErrExp-2             -----------
ref count      : 1
.Value          : listened by port : 294920, 
----------------- Mem161InstalledMntr           -----------
ref count      : 1
.State          : send event count: 1 : recv event count: 1 : listened by port : 294920, 
----------------- LinkStatusEvent_0             -----------
ref count      : 1
.EventCode      : send event count: 1
----------------- AcpiEvent_a                   -----------
ref count      : 1
.EventCode      : send event count: 1
----------------- Disk_Event_8                  -----------
ref count      : 1
.EventCode      : send event count: 1
----------------- Port4LinkStatusMon-3          -----------
ref count      : 1
.MonSenValue    : send event count: 2 : recv event count: 2 : listened by port : 294920, 
----------------- BaseRestartInfo               -----------
ref count      : 1
----------------- SysRestart_Event_7_A_D        -----------
ref count      : 1
.EventCode      : send event count: 1
----------------- RtcBatteryEvent_2             -----------
ref count      : 1
.EventCode      : send event count: 1
----------------- TempEvent_1_07_01             -----------
ref count      : 1
.EventCode      : send event count: 1
----------------- AcpiEvent_b                   -----------
ref count      : 1
.EventCode      : send event count: 1
----------------- pg_pptv_debounce-1            -----------
ref count      : 1
.MonSenValue    : listened by port : 294920, 
.RegValue       : send event count: 11
----------------- Port4LinkStatusMon-4          -----------
ref count      : 1
.MonSenValue    : send event count: 2 : recv event count: 2 : listened by port : 294920, 
----------------- SysRestart_Event_7_A_E        -----------
ref count      : 1
.EventCode      : send event count: 1
----------------- led_Mem001ECCMntr             -----------
ref count      : 1
----------------- SDCardPresentPlcy             -----------
ref count      : 1
----------------- Mem150InitErrorLogMntr        -----------
ref count      : 1
.State          : listened by port : 294920, 
----------------- EntityCpu2Mem                 -----------
ref count      : 1
.PowerState     : send event count: 1
.EnableState    : send event count: 2
.Health         : listened by port : 294920, 
----------------- EHddExper                     -----------
ref count      : 1
.Value          : listened by port : 294920, 
----------------- led_Hdd0RbdStartMntr-2        -----------
ref count      : 1
----------------- AcpiEvent_c                   -----------
ref count      : 1
.EventCode      : send event count: 1
----------------- eo_sel_log_area               -----------
ref count      : 1
.Value          : send event count: 11 : recv event count: 11 : listened by port : 294920, 
----------------- PowerOnReqInfo                -----------
ref count      : 1
----------------- SysRestart_Event_7_A_F        -----------
ref count      : 1
.EventCode      : send event count: 1
----------------- bbu_failed_exp_2-1            -----------
ref count      : 1
.Value          : listened by port : 294920, 
----------------- CpuReplaceInfo                -----------
ref count      : 1
----------------- CpldBmcUpAccessor             -----------
ref count      : 1
----------------- PwrCircuitAbnormalInfo        -----------
ref count      : 1
----------------- pg_p1v8_3v3_debounce-1        -----------
ref count      : 1
.MonSenValue    : listened by port : 294920, 
.RegValue       : send event count: 1
----------------- GpuCarrBoardVoltLowInfo       -----------
ref count      : 1
----------------- DevTest:C                     -----------
ref count      : 1
----------------- PsPreFailureExp3-5            -----------
ref count      : 1
.Value          : listened by port : 294920, 
----------------- DiskRAIDPHYPlcy               -----------
ref count      : 1
----------------- ACPIPlcy                      -----------
ref count      : 1
----------------- AcpiEvent_e                   -----------
ref count      : 1
.EventCode      : send event count: 1
----------------- Mem161InitErrorLogMntr        -----------
ref count      : 1
.State          : listened by port : 294920, 
----------------- BBUCellLowTempMajPlcy         -----------
ref count      : 1
----------------- Mem160MRCFatelErrMntr         -----------
ref count      : 1
.State          : listened by port : 294920, 
----------------- CpuTempMinorPlcy              -----------
ref count      : 1
----------------- PwrOnTimeOut_Listen_0         -----------
ref count      : 1
----------------- Mem131MRCFatelErrMntr         -----------
ref count      : 1
.State          : listened by port : 294920, 
----------------- led_Mem110UncorrectMntr       -----------
ref count      : 1
----------------- RS485Out12VGetFailPlcy        -----------
ref count      : 1
----------------- Hdd6FailedArrayMntr-2         -----------
ref count      : 1
.State          : listened by port : 294920, 
----------------- OcpCardTempInfo               -----------
ref count      : 1
----------------- RepeaterUpfailInfo            -----------
ref count      : 1
----------------- led_RaidCardPCIEErr-1         -----------
ref count      : 1
----------------- PsPreFailureExp3-6            -----------
ref count      : 1
.Value          : listened by port : 294920, 
----------------- IOLostPowerPlcy               -----------
ref count      : 1
----------------- RaidBBUTempDebounce-1         -----------
ref count      : 1
.MonSenValue    : listened by port : 294920, 
----------------- cpu1_vddfix_volt_exp          -----------
ref count      : 1
.Value          : send event count: 7469439 : recv event count: 7469438 : listened by port : 294920, 
.X              : send event count: 7469439
----------------- cpu1mem012_volt_Fail          -----------
ref count      : 1
.Value          : listened by port : 294920, 
.Y              : send event count: 1
----------------- ComPowerSupply-5              -----------
ref count      : 1
.Health         : listened by port : 294920, 
----------------- HddInner3-2                   -----------
ref count      : 1
.RebuildState   : listened by port : 294920, 
.Presence       : listened by port : 294920, 
.Id             : listened by port : 229382, 491534, 
.ReplaceFlag    : listened by port : 294920, 
----------------- ComPowerSupply-6              -----------
ref count      : 1
.Health         : listened by port : 294920, 
----------------- 5V0PwrCirAblMntr              -----------
ref count      : 1
.State          : listened by port : 294920, 
----------------- PCIeGetMiHeFaMntr-901         -----------
ref count      : 1
.Mode           : send event count: 1
.Reading        : send event count: 1
.EventFRU       : send event count: 1
.SavedMode      : send event count: 1
.State          : send event count: 1 : recv event count: 1 : listened by port : 294920, 
.SubjectObj     : send event count: 1
.SavedReading   : send event count: 1
.DescriptionDynamic : send event count: 1
.ScannedCount   : send event count: 1
.PolicyObj      : send event count: 1
.SuggestionDynamic : send event count: 1
.SensorObj      : send event count: 1
.Threshold      : send event count: 1
.InformationObj : send event count: 1
.ReadingMask    : send event count: 1
.Operator       : send event count: 1
.Hysteresis     : send event count: 1
.AddInfo        : send event count: 1
.Time           : send event count: 1
----------------- Memory120                     -----------
ref count      : 1
.FDMFault       : listened by port : 294920, 
.ReplaceFlag    : listened by port : 294920, 
----------------- NCBoard_Event_1               -----------
ref count      : 1
.EventCode      : send event count: 1
----------------- InletTempCrtclInfo            -----------
ref count      : 1
----------------- STB1V8Exp                     -----------
ref count      : 1
.Value          : listened by port : 294920, 
----------------- PCIeGetMiHeFaMntr-902         -----------
ref count      : 1
.Mode           : send event count: 1
.Reading        : send event count: 1
.EventFRU       : send event count: 1
.SavedMode      : send event count: 1
.State          : send event count: 1 : recv event count: 1 : listened by port : 294920, 
.SubjectObj     : send event count: 1
.SavedReading   : send event count: 1
.DescriptionDynamic : send event count: 1
.ScannedCount   : send event count: 1
.PolicyObj      : send event count: 1
.SuggestionDynamic : send event count: 1
.SensorObj      : send event count: 1
.Threshold      : send event count: 1
.InformationObj : send event count: 1
.ReadingMask    : send event count: 1
.Operator       : send event count: 1
.Hysteresis     : send event count: 1
.AddInfo        : send event count: 1
.Time           : send event count: 1
----------------- GPUPowerShowExpr-901          -----------
ref count      : 1
.Value          : send event count: 75055 : recv event count: 75055 : listened by port : 294920, 
----------------- Mem130InstalledMntr           -----------
ref count      : 1
.State          : send event count: 1 : recv event count: 1 : listened by port : 294920, 
----------------- Sys12VHighInfo                -----------
ref count      : 1
----------------- NCBoard_Event_2               -----------
ref count      : 1
.EventCode      : send event count: 1
----------------- PCIeSwVcoreHighInfo           -----------
ref count      : 1
----------------- Memory121                     -----------
ref count      : 1
.FDMFault       : listened by port : 294920, 
.ReplaceFlag    : listened by port : 294920, 
----------------- GPUPowerShowExpr-902          -----------
ref count      : 1
.Value          : send event count: 33170 : recv event count: 33170 : listened by port : 294920, 
----------------- CpldSelfcheckPlcy             -----------
ref count      : 1
----------------- Mem050MRCFatelErrMntr         -----------
ref count      : 1
.State          : listened by port : 294920, 
----------------- PCIeFirmwareFailureInfo       -----------
ref count      : 1
----------------- volt_12v0_sensor_monitor      -----------
ref count      : 1
----------------- Mem021MRCFatelErrMntr         -----------
ref count      : 1
.State          : listened by port : 294920, 
----------------- link_listen_1-3               -----------
ref count      : 1
----------------- SysFwProgress_Listen_0_01     -----------
ref count      : 1
----------------- PCIeDisklostPlcy              -----------
ref count      : 1
----------------- IOPowerAbnorInfo              -----------
ref count      : 1
----------------- User1                         -----------
ref count      : 1
.Privilege      : listened by port : 851993, 
.IsUserEnable   : listened by port : 851993, 
.SnmpPrivProtocol : listened by port : 589841, 
.PassWord       : listened by port : 851993, 
----------------- Sys1_5VGetFailPlcy            -----------
ref count      : 1
----------------- link_listen_1-4               -----------
ref count      : 1
----------------- operate_log_mon               -----------
ref count      : 1
.MonSenValue    : listened by port : 294920, 
----------------- BBUbatterylowPlcy             -----------
ref count      : 1
----------------- Memory021ReplaceMntr          -----------
ref count      : 1
.State          : listened by port : 294920, 
----------------- PSCapacityLowPlcy             -----------
ref count      : 1
----------------- led_Hdd7RemovedMntr-2         -----------
ref count      : 1
----------------- SystemNotice                  -----------
ref count      : 1
.TypeLengthCode : send event count: 1
.Health         : listened by port : 688148, 294920, 
.ReadingStatus  : send event count: 1
.AssertStatus   : send event count: 1
.Number         : send event count: 1
----------------- cpu1_vtemp_mon                -----------
ref count      : 1
.MonSenValue    : send event count: 191588
----------------- User2                         -----------
ref count      : 1
.Privilege      : listened by port : 851993, 
.IsUserEnable   : listened by port : 851993, 
.SnmpPrivProtocol : listened by port : 589841, 
.PassWord       : listened by port : 851993, 
----------------- OcpOMTempInfo                 -----------
ref count      : 1
----------------- Pcb_Cpld_Vd_exp               -----------
ref count      : 1
.Value          : send event count: 1 : recv event count: 1 : listened by port : 294920, 
.X              : send event count: 1
----------------- M2CardSlot3_pre_exp-8         -----------
ref count      : 1
.Value          : listened by port : 294920, 
----------------- Cpu1VrdTemp                   -----------
ref count      : 1
.SensorUnitStr  : send event count: 1
.ReaddingConvert : send event count: 191589
.UpperNonrecoverableConvert : send event count: 1
.ReadingStatus  : send event count: 1
.Number         : send event count: 1
.Health         : listened by port : 688148, 294920, 
.TypeLengthCode : send event count: 1
----------------- Lom2Port3LinkAccessor-3       -----------
ref count      : 1
----------------- Hdd0InsertMntr-2              -----------
ref count      : 1
.State          : send event count: 3 : recv event count: 3 : listened by port : 294920, 
.SavedReading   : send event count: 1
.Time           : send event count: 1
----------------- NCPortPlcy                    -----------
ref count      : 1
----------------- CpuVolHighWaringInfo          -----------
ref count      : 1
----------------- lm75_temp_dev_test-e          -----------
ref count      : 1
----------------- led_Mem101UncorrectMntr       -----------
ref count      : 1
----------------- M2CardSlot3_pre_exp-9         -----------
ref count      : 1
.Value          : listened by port : 294920, 
----------------- SwitchBrdVoltFailInfo         -----------
ref count      : 1
----------------- User3                         -----------
ref count      : 1
.Privilege      : listened by port : 851993, 
.IsUserEnable   : listened by port : 851993, 
.SnmpPrivProtocol : listened by port : 589841, 
.PassWord       : listened by port : 851993, 
----------------- Lom2Port3LinkAccessor-4       -----------
ref count      : 1
----------------- NoDiskInfo                    -----------
ref count      : 1
----------------- User4                         -----------
ref count      : 1
.Privilege      : listened by port : 851993, 
.IsUserEnable   : listened by port : 851993, 
.SnmpPrivProtocol : listened by port : 589841, 
.PassWord       : listened by port : 851993, 
----------------- RaidCardBBUTempInfo           -----------
ref count      : 1
----------------- MosMajorChipFaultPlcy         -----------
ref count      : 1
----------------- led_Mem060InstalledMntr       -----------
ref count      : 1
----------------- User5                         -----------
ref count      : 1
.Privilege      : listened by port : 851993, 
.IsUserEnable   : listened by port : 851993, 
.SnmpPrivProtocol : listened by port : 589841, 
.PassWord       : listened by port : 851993, 
----------------- ChipValueReader:C             -----------
ref count      : 1
----------------- Hdd2RemovedMntr-2             -----------
ref count      : 1
.State          : send event count: 1 : recv event count: 1 : listened by port : 294920, 
----------------- BbuBatteryMinorInfo           -----------
ref count      : 1
----------------- LicenseFeatureKey             -----------
ref count      : 1
----------------- HddIn3RbdStartMntr-2          -----------
ref count      : 1
.State          : listened by port : 294920, 
----------------- led_Mem051InstalledMntr       -----------
ref count      : 1
----------------- NetBandwidthUsageInfo         -----------
ref count      : 1
----------------- succ_dev_test_pwrgd           -----------
ref count      : 1
.DevPowerStatus : send event count: 1
----------------- Hdd6RemovedMntr-2             -----------
ref count      : 1
.State          : send event count: 1 : recv event count: 1 : listened by port : 294920, 
----------------- SSDTempReadFailPlcy           -----------
ref count      : 1
----------------- 3V0_R_PwrCirAbnormal          -----------
ref count      : 1
----------------- BlueLedStateAccessor          -----------
ref count      : 1
----------------- Mem121InstalledMntr           -----------
ref count      : 1
.State          : send event count: 1 : recv event count: 1 : listened by port : 294920, 
----------------- SysFwProgress_Listen_0_07     -----------
ref count      : 1
----------------- Riser2CardRemovedMntr         -----------
ref count      : 1
.State          : send event count: 1 : recv event count: 1 : listened by port : 294920, 
----------------- User6                         -----------
ref count      : 1
.Privilege      : listened by port : 851993, 
.IsUserEnable   : listened by port : 851993, 
.SnmpPrivProtocol : listened by port : 589841, 
.PassWord       : listened by port : 851993, 
----------------- User7                         -----------
ref count      : 1
.Privilege      : listened by port : 851993, 
.IsUserEnable   : listened by port : 851993, 
.SnmpPrivProtocol : listened by port : 589841, 
.PassWord       : listened by port : 851993, 
----------------- pca9545_chip-e                -----------
ref count      : 1
----------------- led_Hdd3RemovedMntr-2         -----------
ref count      : 1
----------------- PchPrim1V05VGetFailedInfo     -----------
ref count      : 1
----------------- ComMemory000                  -----------
ref count      : 1
.Health         : listened by port : 294920, 
----------------- hb_raid_exp-1                 -----------
ref count      : 1
.Value          : listened by port : 294920, 
----------------- Mem150ConfigErrMntr           -----------
ref count      : 1
.State          : listened by port : 294920, 
----------------- User8                         -----------
ref count      : 1
.Privilege      : listened by port : 851993, 
.IsUserEnable   : listened by port : 851993, 
.SnmpPrivProtocol : listened by port : 589841, 
.PassWord       : listened by port : 851993, 
----------------- ComMemory001                  -----------
ref count      : 1
.Health         : listened by port : 294920, 
----------------- Fan4Fspeed                    -----------
ref count      : 1
.SensorUnitStr  : send event count: 1
.ReaddingConvert : send event count: 10427956
.ReadingStatus  : send event count: 1
.Number         : send event count: 1
.Health         : listened by port : 688148, 294920, 
.TypeLengthCode : send event count: 1
----------------- TPMPresenceAccessor           -----------
ref count      : 1
----------------- Stby5VGetFailPlcy             -----------
ref count      : 1
----------------- SysFwProgress_Listen_0_09     -----------
ref count      : 1
----------------- CpuMismatchInfo               -----------
ref count      : 1
----------------- Disk10LocatErrMntr-2          -----------
ref count      : 1
.State          : listened by port : 294920, 
----------------- CoolingEvent_08_00            -----------
ref count      : 1
.EventCode      : send event count: 1
----------------- User9                         -----------
ref count      : 1
.Privilege      : listened by port : 851993, 
.IsUserEnable   : listened by port : 851993, 
.SnmpPrivProtocol : listened by port : 589841, 
.PassWord       : listened by port : 851993, 
----------------- Fru0Elabel                    -----------
ref count      : 1
.MfgDateTime    : listened by port : 753686, 
.ProductAssetTag : listened by port : 294920, 
.BoardSerialNumber : recv event count: 1 : listened by port : 294920, 65537, 
.ChassisSerialNumber : listened by port : 294920, 
----------------- Disk2FailMntr-2               -----------
ref count      : 1
.State          : listened by port : 294920, 
----------------- Disk6Listen_6-2               -----------
ref count      : 1
----------------- led_dimm171_mntr              -----------
ref count      : 1
----------------- led_pwr_issue10               -----------
ref count      : 1
----------------- Disk3Listen_2-2               -----------
ref count      : 1
----------------- 12V_2_Volt                    -----------
ref count      : 1
.DebounceValue  : send event count: 21735660
.RawValue       : send event count: 1
----------------- M2CardSlot2_pre_exp-e         -----------
ref count      : 1
.Value          : listened by port : 294920, 
----------------- MaxValueMonitor:C             -----------
ref count      : 1
----------------- led_dimm101_mntr              -----------
ref count      : 1
----------------- RiserCardAnchor-8             -----------
ref count      : 1
----------------- Disk11Listen_1_Exp-2          -----------
ref count      : 1
.Value          : listened by port : 294920, 
----------------- EntityDisk10-2                -----------
ref count      : 1
.Health         : send event count: 2 : recv event count: 2 : listened by port : 294920, 
.CurrentScore   : send event count: 2
----------------- led_pwr_issue11               -----------
ref count      : 1
----------------- BaseLSWOvertempMajorInfo      -----------
ref count      : 1
----------------- Disk4-2                       -----------
ref count      : 1
.TypeLengthCode : send event count: 1
.Health         : listened by port : 688148, 294920, 
.ReadingStatus  : send event count: 1
.AssertStatus   : send event count: 2
.Number         : send event count: 1
----------------- led_Mem050ECCMntr             -----------
ref count      : 1
----------------- ACPIPowerOnInfo               -----------
ref count      : 1
----------------- VerChangeEvt_0                -----------
ref count      : 1
.EventCode      : send event count: 1
----------------- RiserCardAnchor-9             -----------
ref count      : 1
----------------- led_Cpu1MemCfgErrorMntr       -----------
ref count      : 1
----------------- Hdd4Flash_exp-2               -----------
ref count      : 1
.Value          : listened by port : 294920, 
----------------- led_pwr_issue12               -----------
ref count      : 1
----------------- Cpu1TbRstFlatAcc              -----------
ref count      : 1
----------------- HddInner2ExpPHYMntr-2         -----------
ref count      : 1
.State          : listened by port : 294920, 
----------------- Riser3Card9555                -----------
ref count      : 1
----------------- NandBlockInfo                 -----------
ref count      : 1
----------------- led_disk12-2                  -----------
ref count      : 1
----------------- PortInstalledInfo             -----------
ref count      : 1
----------------- SlotNumberFailInfo            -----------
ref count      : 1
----------------- UidButton                     -----------
ref count      : 1
.TypeLengthCode : send event count: 1
.Health         : listened by port : 688148, 294920, 
.ReadingStatus  : send event count: 1
.AssertStatus   : send event count: 1
.Number         : send event count: 1
----------------- Mem051RemovedMntr             -----------
ref count      : 1
.State          : send event count: 1 : recv event count: 1 : listened by port : 294920, 
----------------- sys_total_power               -----------
ref count      : 1
.Value          : send event count: 18917931 : recv event count: 18917931 : listened by port : 294920, 
----------------- led_pwr_issue13               -----------
ref count      : 1
----------------- led_cpu1_mntr                 -----------
ref count      : 1
----------------- Sys5VGetFailPlcy              -----------
ref count      : 1
----------------- GetInfoFailMntr-801           -----------
ref count      : 1
.Mode           : send event count: 1
.Reading        : send event count: 1
.EventFRU       : send event count: 1
.SavedMode      : send event count: 1
.State          : send event count: 1 : recv event count: 1 : listened by port : 294920, 
.SubjectObj     : send event count: 1
.SavedReading   : send event count: 1
.DescriptionDynamic : send event count: 1
.ScannedCount   : send event count: 1
.PolicyObj      : send event count: 1
.SuggestionDynamic : send event count: 1
.SensorObj      : send event count: 1
.Threshold      : send event count: 1
.InformationObj : send event count: 1
.ReadingMask    : send event count: 1
.Operator       : send event count: 1
.Hysteresis     : send event count: 1
.AddInfo        : send event count: 1
.Time           : send event count: 1
----------------- LowlevelCondition             -----------
ref count      : 1
----------------- FabricLSWVoltFailInfo         -----------
ref count      : 1
----------------- led_Mem150ECCMntr             -----------
ref count      : 1
----------------- MainboardLOMAERInfo           -----------
ref count      : 1
----------------- VerChangeEvt_2                -----------
ref count      : 1
.EventCode      : send event count: 1
----------------- led_Mem040RemovedMntr         -----------
ref count      : 1
----------------- ChassisLcdFailPlcy            -----------
ref count      : 1
----------------- led_pwr_issue14               -----------
ref count      : 1
----------------- Mem141ConfigErrMntr           -----------
ref count      : 1
.State          : listened by port : 294920, 
----------------- GetInfoFailMntr-802           -----------
ref count      : 1
.Mode           : send event count: 1
.Reading        : send event count: 1
.EventFRU       : send event count: 1
.SavedMode      : send event count: 1
.State          : send event count: 1 : recv event count: 1 : listened by port : 294920, 
.SubjectObj     : send event count: 1
.SavedReading   : send event count: 1
.DescriptionDynamic : send event count: 1
.ScannedCount   : send event count: 1
.PolicyObj      : send event count: 1
.SuggestionDynamic : send event count: 1
.SensorObj      : send event count: 1
.Threshold      : send event count: 1
.InformationObj : send event count: 1
.ReadingMask    : send event count: 1
.Operator       : send event count: 1
.Hysteresis     : send event count: 1
.AddInfo        : send event count: 1
.Time           : send event count: 1
----------------- cpu1mem012_volt_value         -----------
ref count      : 1
.Value          : send event count: 2 : recv event count: 2 : listened by port : 294920, 
----------------- VinUvFaultMntr-5              -----------
ref count      : 1
.State          : listened by port : 294920, 
----------------- CpuDDRVddPlcy                 -----------
ref count      : 1
----------------- VerChangeEvt_3                -----------
ref count      : 1
.EventCode      : send event count: 1
----------------- FabricPowerOningInfo          -----------
ref count      : 1
----------------- led_Mem071ConfigErrMntr       -----------
ref count      : 1
----------------- OperationLogFull              -----------
ref count      : 1
.TypeLengthCode : send event count: 1
.Health         : listened by port : 688148, 294920, 
.ReadingStatus  : send event count: 1
.AssertStatus   : send event count: 1
.Number         : send event count: 1
----------------- led_pwr_issue15               -----------
ref count      : 1
----------------- pwr_latch_issue_18_exp        -----------
ref count      : 1
.Value          : listened by port : 294920, 
----------------- led_Mem151RemovedMntr         -----------
ref count      : 1
----------------- Redundancy_Event_1            -----------
ref count      : 1
.EventCode      : send event count: 1
----------------- BackPlaneStatusMon            -----------
ref count      : 1
.Value          : send event count: 1 : recv event count: 1 : listened by port : 294920, 
----------------- VinUvFaultMntr-6              -----------
ref count      : 1
.State          : listened by port : 294920, 
----------------- ntp_deassert_exp              -----------
ref count      : 1
.Value          : send event count: 1 : recv event count: 1 : listened by port : 294920, 
----------------- FRUReadFailPlcy               -----------
ref count      : 1
----------------- pwr_latch_issue_07_exp        -----------
ref count      : 1
.Value          : listened by port : 294920, 
----------------- Eth2Test                      -----------
ref count      : 1
----------------- pwr_latch_issue_29_exp        -----------
ref count      : 1
.Value          : listened by port : 294920, 
----------------- Cpu2RemovedMntr               -----------
ref count      : 1
.State          : send event count: 1 : recv event count: 1 : listened by port : 294920, 
----------------- led_pwr_issue16               -----------
ref count      : 1
----------------- 0V85_1_PwrCirAbl_Exp          -----------
ref count      : 1
.Value          : listened by port : 294920, 
----------------- PciePwrFailPlcy               -----------
ref count      : 1
----------------- PcieOverCurrentInfo           -----------
ref count      : 1
----------------- led_pwr_issue17               -----------
ref count      : 1
----------------- Hdd7ExpPHYMntr-2              -----------
ref count      : 1
.State          : listened by port : 294920, 
----------------- MemInitErrorInfo              -----------
ref count      : 1
----------------- PICCard12VFailInfo            -----------
ref count      : 1
----------------- led_Hdd11RbdStartMntr-2       -----------
ref count      : 1
----------------- SecurityLogFull_listen_8      -----------
ref count      : 1
----------------- 1V2_H2_PwrCirAblMntr          -----------
ref count      : 1
.State          : listened by port : 294920, 
----------------- TempEvent_10                  -----------
ref count      : 1
.EventCode      : send event count: 1
----------------- RaidTempReadFailPlcy          -----------
ref count      : 1
----------------- led_pwr_issue18               -----------
ref count      : 1
----------------- cpu1mem345_volt_value         -----------
ref count      : 1
.Value          : send event count: 2 : recv event count: 2 : listened by port : 294920, 
----------------- SysFwProgress_Listen_0_0C     -----------
ref count      : 1
----------------- EntityDimm110                 -----------
ref count      : 1
.PowerState     : send event count: 1
.EnableState    : send event count: 2
.Health         : listened by port : 294920, 
----------------- MemMinorPrefailurePlcy        -----------
ref count      : 1
----------------- led_Mem020InstalledMntr       -----------
ref count      : 1
----------------- TempEvent_11                  -----------
ref count      : 1
.EventCode      : send event count: 1
----------------- led_pwr_issue19               -----------
ref count      : 1
----------------- CpuVddfixHighInfo             -----------
ref count      : 1
----------------- SysRestart_Event_7_2_0        -----------
ref count      : 1
.EventCode      : send event count: 1
----------------- led_Mem011InstalledMntr       -----------
ref count      : 1
----------------- EntityDimm111                 -----------
ref count      : 1
.PowerState     : send event count: 1
.EnableState    : send event count: 2
.Health         : listened by port : 294920, 
----------------- led_pwr_issue64-2             -----------
ref count      : 1
----------------- Hdd6FlashMntr-2               -----------
ref count      : 1
.State          : listened by port : 294920, 
----------------- pg_p1v2_exp-1                 -----------
ref count      : 1
.Value          : send event count: 1 : recv event count: 1 : listened by port : 294920, 
----------------- SysRestart_Event_7_2_1        -----------
ref count      : 1
.EventCode      : send event count: 1
----------------- Mem040InitErrorLogMntr        -----------
ref count      : 1
.State          : listened by port : 294920, 
----------------- SramTest                      -----------
ref count      : 1
----------------- MemNVDIMMSlotInfo             -----------
ref count      : 1
----------------- EiuaVoltGetFailInfo           -----------
ref count      : 1
----------------- Hdd2MdWroutLowMntr-2          -----------
ref count      : 1
.State          : listened by port : 294920, 
----------------- PCIeCardVoltageLowPlcy        -----------
ref count      : 1
----------------- LM75B_TE-801                  -----------
ref count      : 1
----------------- OcpBandWidthDecreasePlcy      -----------
ref count      : 1
----------------- CpuMemTempFailInfo            -----------
ref count      : 1
----------------- led_Mem040ConfigErrMntr       -----------
ref count      : 1
----------------- Mem110ConfigErrMntr           -----------
ref count      : 1
.State          : listened by port : 294920, 
----------------- M2Disk1StatErrMntr            -----------
ref count      : 1
.State          : listened by port : 294920, 
----------------- ComCPU1Memory                 -----------
ref count      : 1
.Health         : listened by port : 294920, 
----------------- Mem050UncorrectMntr           -----------
ref count      : 1
.State          : listened by port : 294920, 
----------------- PCIeCardBatteryInfo           -----------
ref count      : 1
----------------- EX12VPlcy                     -----------
ref count      : 1
----------------- BasePSFaultInfo               -----------
ref count      : 1
----------------- PCIeGetSwFailPlcy             -----------
ref count      : 1
----------------- VinOvWarningMntr-5            -----------
ref count      : 1
.State          : listened by port : 294920, 
----------------- env_record                    -----------
ref count      : 1
----------------- PU_Event_0                    -----------
ref count      : 1
.EventCode      : send event count: 1
----------------- Mem041UncorrectMntr           -----------
ref count      : 1
.State          : listened by port : 294920, 
----------------- Mem051InitErrorLogMntr        -----------
ref count      : 1
.State          : listened by port : 294920, 
----------------- RtcTimeInfo                   -----------
ref count      : 1
----------------- Stdby1_5VLowInfo              -----------
ref count      : 1
----------------- STBY3V3_2V5_PWFailPlcy        -----------
ref count      : 1
----------------- Disk2Listen_0-2               -----------
ref count      : 1
----------------- MosVolFailInfo                -----------
ref count      : 1
----------------- risercard-e                   -----------
ref count      : 1
.Health         : listened by port : 294920, 
.ReplaceFlag    : listened by port : 294920, 
----------------- VinOvWarningMntr-6            -----------
ref count      : 1
.State          : listened by port : 294920, 
----------------- BrdInstallNoProInfo           -----------
ref count      : 1
----------------- 0V85_1_PwrCirAbnormal         -----------
ref count      : 1
----------------- raid_pres_mon                 -----------
ref count      : 1
.MonSenValue    : send event count: 1 : recv event count: 1 : listened by port : 294920, 
----------------- LeftEarAccessor               -----------
ref count      : 1
----------------- Microcontroller_16_3          -----------
ref count      : 1
.EventCode      : send event count: 1
----------------- LM75B_TE-802                  -----------
ref count      : 1
----------------- AEPMemoryMajorInfo            -----------
ref count      : 1
----------------- PU_Event_1                    -----------
ref count      : 1
.EventCode      : send event count: 1
----------------- GetMiniFailEventExpr-801      -----------
ref count      : 1
.Value          : listened by port : 294920, 
----------------- BBUOverVoltageMajorPlcy       -----------
ref count      : 1
----------------- BmcStartACMntr                -----------
ref count      : 1
.State          : send event count: 1 : recv event count: 1 : listened by port : 294920, 
.SavedReading   : send event count: 1
.Time           : send event count: 1
----------------- I2CTest-8                     -----------
ref count      : 1
----------------- PU_Event_2                    -----------
ref count      : 1
.EventCode      : send event count: 1
----------------- LeftEar_present_mon           -----------
ref count      : 1
.MonSenValue    : listened by port : 294920, 
.RegValue       : send event count: 1
----------------- LswOutPortLinkDownInfo        -----------
ref count      : 1
----------------- Sys12VGetFail5Mntr            -----------
ref count      : 1
.State          : listened by port : 294920, 
----------------- led_ComMemory100              -----------
ref count      : 1
----------------- SasCableCErrInLoop-e          -----------
ref count      : 1
.Value          : listened by port : 294920, 
----------------- GetMiniFailEventExpr-802      -----------
ref count      : 1
.Value          : listened by port : 294920, 
----------------- EntityDisk1-2                 -----------
ref count      : 1
.Health         : send event count: 4 : recv event count: 4 : listened by port : 294920, 
.CurrentScore   : send event count: 4
----------------- Port2BWUsage_exp-4            -----------
ref count      : 1
.Value          : listened by port : 294920, 
----------------- I2CTest-9                     -----------
ref count      : 1
----------------- BbuCtlBoardMinorInfo          -----------
ref count      : 1
----------------- Memory120ReplaceMntr          -----------
ref count      : 1
.State          : listened by port : 294920, 
----------------- PU_Event_3                    -----------
ref count      : 1
.EventCode      : send event count: 1
----------------- BBUProtectInfo                -----------
ref count      : 1
----------------- gpio31_bus                    -----------
ref count      : 1
----------------- led_ComMemory101              -----------
ref count      : 1
----------------- PCIePowerUpDownMntr-801       -----------
ref count      : 1
.Mode           : send event count: 1
.Reading        : send event count: 1
.EventFRU       : send event count: 1
.SavedMode      : send event count: 1
.State          : send event count: 1 : recv event count: 1 : listened by port : 294920, 
.SubjectObj     : send event count: 1
.SavedReading   : send event count: 1
.DescriptionDynamic : send event count: 1
.ScannedCount   : send event count: 1
.PolicyObj      : send event count: 1
.SuggestionDynamic : send event count: 1
.SensorObj      : send event count: 1
.Threshold      : send event count: 1
.InformationObj : send event count: 1
.ReadingMask    : send event count: 1
.Operator       : send event count: 1
.Hysteresis     : send event count: 1
.AddInfo        : send event count: 1
.Time           : send event count: 1
----------------- Mem031ECCMntr                 -----------
ref count      : 1
.State          : listened by port : 294920, 
----------------- cpu1vddfix_volt_value         -----------
ref count      : 1
.Value          : send event count: 67189 : recv event count: 67189 : listened by port : 294920, 
----------------- adc_dev_test_stdby            -----------
ref count      : 1
----------------- dft_item_pca9555_nic-3        -----------
ref count      : 1
----------------- PU_Event_4                    -----------
ref count      : 1
.EventCode      : send event count: 1
----------------- PCIePowerUpDownMntr-802       -----------
ref count      : 1
.Mode           : send event count: 1
.Reading        : send event count: 1
.EventFRU       : send event count: 1
.SavedMode      : send event count: 1
.State          : send event count: 1 : recv event count: 1 : listened by port : 294920, 
.SubjectObj     : send event count: 1
.SavedReading   : send event count: 1
.DescriptionDynamic : send event count: 1
.ScannedCount   : send event count: 1
.PolicyObj      : send event count: 1
.SuggestionDynamic : send event count: 1
.SensorObj      : send event count: 1
.Threshold      : send event count: 1
.InformationObj : send event count: 1
.ReadingMask    : send event count: 1
.Operator       : send event count: 1
.Hysteresis     : send event count: 1
.AddInfo        : send event count: 1
.Time           : send event count: 1
----------------- PysicalLedTest                -----------
ref count      : 1
----------------- M2Disk2FailMntr               -----------
ref count      : 1
.State          : listened by port : 294920, 
----------------- 0V9_1_PwrCirAblMntr           -----------
ref count      : 1
.State          : listened by port : 294920, 
----------------- SysRestart_Event_7_2_8        -----------
ref count      : 1
.EventCode      : send event count: 1
----------------- Riser3V3EventAccessor-8       -----------
ref count      : 1
----------------- PU_Event_5                    -----------
ref count      : 1
.EventCode      : send event count: 1
----------------- dft_item_pca9555_nic-4        -----------
ref count      : 1
----------------- 100M0ClockAccessor            -----------
ref count      : 1
----------------- led_Mem031ConfigErrMntr       -----------
ref count      : 1
----------------- GPUOutletTemp-801             -----------
ref count      : 1
.DeassertionMask : send event count: 1
.LowerNonrecoverable : send event count: 1
.NormalMax      : send event count: 1
.AssertionMask  : send event count: 1
.BaseUnit       : send event count: 1
.OwnerLun       : send event count: 1
.SensorTypeStr  : send event count: 1
.UpperCritical  : send event count: 1
.NominalReading : send event count: 1
.SensorUnitStr  : send event count: 2
.SensorType     : send event count: 1
.NegativeHysteresisConvert : send event count: 1
.DeassertStatus : send event count: 1
.LowerCritical  : send event count: 1
.M              : send event count: 1
.B              : send event count: 1
.LowerNonrecoverableConvert : send event count: 1
.ReaddingConvert : send event count: 85449
.LowerCriticalConvert : send event count: 1
.ReadingRaw     : send event count: 1
.LowerNoncritical : send event count: 1
.Function       : send event count: 1
.UpperCriticalConvert : send event count: 1
.PositiveHysteresis : send event count: 1
.UpperNonrecoverableConvert : send event count: 1
.DiscreteReadingMask : send event count: 1
.UpperNoncriticalConvert : send event count: 1
.EventReadingType : send event count: 1
.MinReading     : send event count: 1
.Capabilities   : send event count: 1
.SensorUnit     : send event count: 1
.ReadingStatus  : send event count: 102
.AssertStatus   : send event count: 1
.AnalogFlags    : send event count: 1
.SensorName     : send event count: 2
.Tolerance      : send event count: 1
.Number         : send event count: 2
.Health         : send event count: 1 : recv event count: 1 : listened by port : 688148, 294920, 
.InnerName      : send event count: 1
.EntityInstance : send event count: 1
.AccuracyExp    : send event count: 1
.PositiveHysteresisConvert : send event count: 1
.RBExp          : send event count: 1
.NormalMin      : send event count: 1
.Initialization : send event count: 1
.ModifierUnit   : send event count: 1
.LowerNoncriticalConvert : send event count: 1
.EntityId       : send event count: 1
.UpperNoncritical : send event count: 1
.UpperNonrecoverable : send event count: 1
.OwnerId        : send event count: 1
.Accuracy       : send event count: 1
.MaxReading     : send event count: 1
.TypeLengthCode : send event count: 2
.NegativeHysteresis : send event count: 1
----------------- FIOInletMTempPlcy             -----------
ref count      : 1
----------------- Mem101ConfigErrMntr           -----------
ref count      : 1
.State          : listened by port : 294920, 
----------------- led_dimm040_mntr              -----------
ref count      : 1
----------------- HMMVersionLowInfo             -----------
ref count      : 1
----------------- BBUControllerMajorInfo        -----------
ref count      : 1
----------------- Sys12VGetFailPlcy             -----------
ref count      : 1
----------------- Riser3V3EventAccessor-9       -----------
ref count      : 1
----------------- MezzTempGetFailPlcy           -----------
ref count      : 1
----------------- CpuJCTempPlcy                 -----------
ref count      : 1
----------------- PU_Event_6                    -----------
ref count      : 1
.EventCode      : send event count: 1
----------------- Hdd4RAIDPHYMntr-2             -----------
ref count      : 1
.State          : listened by port : 294920, 
----------------- NpuHealthCriticalPlcy         -----------
ref count      : 1
----------------- GPUOutletTemp-802             -----------
ref count      : 1
.DeassertionMask : send event count: 1
.LowerNonrecoverable : send event count: 1
.NormalMax      : send event count: 1
.AssertionMask  : send event count: 1
.BaseUnit       : send event count: 1
.OwnerLun       : send event count: 1
.SensorTypeStr  : send event count: 1
.UpperCritical  : send event count: 1
.NominalReading : send event count: 1
.SensorUnitStr  : send event count: 2
.SensorType     : send event count: 1
.NegativeHysteresisConvert : send event count: 1
.DeassertStatus : send event count: 1
.LowerCritical  : send event count: 1
.M              : send event count: 1
.B              : send event count: 1
.LowerNonrecoverableConvert : send event count: 1
.ReaddingConvert : send event count: 87680
.LowerCriticalConvert : send event count: 1
.ReadingRaw     : send event count: 1
.LowerNoncritical : send event count: 1
.Function       : send event count: 1
.UpperCriticalConvert : send event count: 1
.PositiveHysteresis : send event count: 1
.UpperNonrecoverableConvert : send event count: 1
.DiscreteReadingMask : send event count: 1
.UpperNoncriticalConvert : send event count: 1
.EventReadingType : send event count: 1
.MinReading     : send event count: 1
.Capabilities   : send event count: 1
.SensorUnit     : send event count: 1
.ReadingStatus  : send event count: 102
.AssertStatus   : send event count: 1
.AnalogFlags    : send event count: 1
.SensorName     : send event count: 2
.Tolerance      : send event count: 1
.Number         : send event count: 2
.Health         : send event count: 1 : recv event count: 1 : listened by port : 688148, 294920, 
.InnerName      : send event count: 1
.EntityInstance : send event count: 1
.AccuracyExp    : send event count: 1
.PositiveHysteresisConvert : send event count: 1
.RBExp          : send event count: 1
.NormalMin      : send event count: 1
.Initialization : send event count: 1
.ModifierUnit   : send event count: 1
.LowerNoncriticalConvert : send event count: 1
.EntityId       : send event count: 1
.UpperNoncritical : send event count: 1
.UpperNonrecoverable : send event count: 1
.OwnerId        : send event count: 1
.Accuracy       : send event count: 1
.MaxReading     : send event count: 1
.TypeLengthCode : send event count: 2
.NegativeHysteresis : send event count: 1
----------------- PchVolHighMajorInfo           -----------
ref count      : 1
----------------- PcieFruFailPlcy               -----------
ref count      : 1
----------------- StandbyBoardFaultInfo         -----------
ref count      : 1
----------------- SelFilter_1C_04               -----------
ref count      : 1
----------------- Hdd8RAIDPHYMntr-2             -----------
ref count      : 1
.State          : listened by port : 294920, 
----------------- PU_Event_7                    -----------
ref count      : 1
.EventCode      : send event count: 1
----------------- EventDescpCfgToHmm:C          -----------
ref count      : 1
----------------- led_Fan2FInstallMntr          -----------
ref count      : 1
----------------- Disk7LocatErrMntr-2           -----------
ref count      : 1
.State          : listened by port : 294920, 
----------------- cpu1_mem012_vrd_temp          -----------
ref count      : 1
----------------- cpu1mem01_volt_test           -----------
ref count      : 1
----------------- Disk8Listen_1_Exp-2           -----------
ref count      : 1
.Value          : send event count: 2 : recv event count: 2 : listened by port : 294920, 
----------------- localbus1                     -----------
ref count      : 1
----------------- NpuTempFailedPlcy             -----------
ref count      : 1
----------------- Mem131ECCMntr                 -----------
ref count      : 1
.State          : listened by port : 294920, 
----------------- pwr_issue_65_exp              -----------
ref count      : 1
.Value          : listened by port : 294920, 
----------------- SYS12V_category_exp           -----------
ref count      : 1
.Value          : send event count: 1 : recv event count: 1 : listened by port : 294920, 
----------------- M2TransformCard29555-e        -----------
ref count      : 1
----------------- Memory130                     -----------
ref count      : 1
.FDMFault       : listened by port : 294920, 
.ReplaceFlag    : listened by port : 294920, 
----------------- Port2BWUsage_exp-3            -----------
ref count      : 1
.Value          : listened by port : 294920, 
----------------- pwr_issue_54_exp              -----------
ref count      : 1
.Value          : listened by port : 294920, 
----------------- cpu1vddfix_volt_FailDebounce  -----------
ref count      : 1
.MonSenValue    : listened by port : 294920, 
----------------- PsInstallInfo                 -----------
ref count      : 1
----------------- Cpu1Vddq1LowWarningMntr       -----------
ref count      : 1
.State          : listened by port : 294920, 
----------------- Disk1MissingMntr-2            -----------
ref count      : 1
.State          : listened by port : 294920, 
----------------- MemBakPlcy                    -----------
ref count      : 1
----------------- Cpu2MemTempMinorMntr          -----------
ref count      : 1
.State          : listened by port : 294920, 
----------------- cpu1_mem345_vrd_temp_exp      -----------
ref count      : 1
.Value          : send event count: 327016 : recv event count: 327015 : listened by port : 294920, 
.X              : send event count: 3040179
----------------- SysRaidGetFailPlcy            -----------
ref count      : 1
----------------- SwitchBrdClkPSUPlcy           -----------
ref count      : 1
----------------- 12V0_4PwrCirAbnormal          -----------
ref count      : 1
----------------- CpuVRDTempMinorPlcy           -----------
ref count      : 1
----------------- CpuNimbusHighInfo             -----------
ref count      : 1
----------------- OMVccAlarmInfo                -----------
ref count      : 1
----------------- CPUJCFaultPlcy                -----------
ref count      : 1
----------------- led_disk2-2                   -----------
ref count      : 1
----------------- Disk9MissingMntr-2            -----------
ref count      : 1
.State          : listened by port : 294920, 
----------------- Disk7Listen_1_Exp1-2          -----------
ref count      : 1
.Value          : listened by port : 294920, 
----------------- PcieSerialCableInfo           -----------
ref count      : 1
----------------- Memory131                     -----------
ref count      : 1
.FDMFault       : listened by port : 294920, 
.ReplaceFlag    : listened by port : 294920, 
----------------- ps_CompStatus_exp-6           -----------
ref count      : 1
.Value          : send event count: 1 : recv event count: 1 : listened by port : 294920, 
----------------- AcSpCollectSysRestartInfo     -----------
ref count      : 1
----------------- SelFilter_1C_08               -----------
ref count      : 1
----------------- 50MClockAccessor              -----------
ref count      : 1
----------------- ps_CompStatus_exp-5           -----------
ref count      : 1
.Value          : send event count: 1 : recv event count: 1 : listened by port : 294920, 
----------------- PCIePowerUpRePlcy             -----------
ref count      : 1
----------------- CpuJCTempMajorInfo            -----------
ref count      : 1
----------------- CpuBrdTempMinorPlcy           -----------
ref count      : 1
----------------- LomCardAERMntr-3              -----------
ref count      : 1
.State          : listened by port : 294920, 
----------------- Hdd0RAIDPHYMntr-2             -----------
ref count      : 1
.State          : listened by port : 294920, 
----------------- pwr_issue_32_exp              -----------
ref count      : 1
.Value          : listened by port : 294920, 
----------------- ComFan1                       -----------
ref count      : 1
.Health         : listened by port : 294920, 
----------------- OcpTempReadFailInfo           -----------
ref count      : 1
----------------- 1822Chip1V8GetFailInfo        -----------
ref count      : 1
----------------- Cpu:C                         -----------
ref count      : 1
----------------- FIOClkPSUPlcy                 -----------
ref count      : 1
----------------- led_Hdd8InsertMntr-2          -----------
ref count      : 1
----------------- SysNoMemMntr                  -----------
ref count      : 1
.State          : listened by port : 294920, 
----------------- 4NVME_accessor                -----------
ref count      : 1
----------------- LomCardAERMntr-4              -----------
ref count      : 1
.State          : listened by port : 294920, 
----------------- CpuMemVpp2failInfo            -----------
ref count      : 1
----------------- CpuDDRVPPPlcy                 -----------
ref count      : 1
----------------- led_Mem000ConfigErrMntr       -----------
ref count      : 1
----------------- Cpu1ProcHotAccessor           -----------
ref count      : 1
----------------- Disk5MissingMntr-2            -----------
ref count      : 1
.State          : listened by port : 294920, 
----------------- UpgradeFileWorkKey            -----------
ref count      : 1
.WorkKey        : recv event count: 1 : listened by port : 131075, 851993, 294920, 655379, 589841, 
----------------- ComFan2                       -----------
ref count      : 1
.Health         : listened by port : 294920, 
----------------- ComFan3                       -----------
ref count      : 1
.Health         : listened by port : 294920, 
----------------- Mem010UncorrectMntr           -----------
ref count      : 1
.State          : listened by port : 294920, 
----------------- led_Hdd6PredicFailMntr-2      -----------
ref count      : 1
----------------- Hdd10WearoutExp-2             -----------
ref count      : 1
.Value          : send event count: 6 : recv event count: 6 : listened by port : 294920, 
----------------- Port0-4                       -----------
ref count      : 1
.LinkStatusBMA  : listened by port : 294920, 
.ActualMac      : listened by port : 917531, 
----------------- InsertStatusLedCtrl:C         -----------
ref count      : 1
----------------- TempEvent_07_02               -----------
ref count      : 1
.EventCode      : send event count: 1
----------------- 12V_Volt_Error                -----------
ref count      : 1
.Value          : listened by port : 294920, 
----------------- Mem001UncorrectMntr           -----------
ref count      : 1
.State          : listened by port : 294920, 
----------------- cpu2_vsa_volt_exp             -----------
ref count      : 1
.Value          : send event count: 16698819 : recv event count: 16698818 : listened by port : 294920, 
.X              : send event count: 16698819
----------------- HddIn3FailAryMntr-2           -----------
ref count      : 1
.State          : listened by port : 294920, 
----------------- ComFan4                       -----------
ref count      : 1
.Health         : listened by port : 294920, 
----------------- Hdd11Flash_exp-2              -----------
ref count      : 1
.Value          : listened by port : 294920, 
----------------- LDAPCertMonitor3_10           -----------
ref count      : 1
----------------- pwr_issue_10_exp              -----------
ref count      : 1
.Value          : listened by port : 294920, 
----------------- Disk2ForeignMntr-2            -----------
ref count      : 1
.State          : listened by port : 294920, 
----------------- Fan4FPresence_Listen_0        -----------
ref count      : 1
----------------- CpuDdrVddq1HighInfo           -----------
ref count      : 1
----------------- lm75_outlet_temp              -----------
ref count      : 1
----------------- pwr_issue_21_exp              -----------
ref count      : 1
.Value          : listened by port : 294920, 
----------------- pwr_issue_43_exp              -----------
ref count      : 1
.Value          : listened by port : 294920, 
----------------- cpu1_vsa_volt_monitor         -----------
ref count      : 1
.VoltValue      : listened by port : 294920, 
.MonSenValue    : send event count: 1970069
----------------- Disk6ForeignMntr-2            -----------
ref count      : 1
.State          : listened by port : 294920, 
----------------- Port0-3                       -----------
ref count      : 1
.LinkStatusBMA  : listened by port : 294920, 
.ActualMac      : listened by port : 917531, 
----------------- MemConfigErrLogPlcy           -----------
ref count      : 1
----------------- EntityMainBoard               -----------
ref count      : 1
.PowerState     : send event count: 1
.EnableState    : send event count: 2
.Health         : send event count: 101 : recv event count: 101 : listened by port : 294920, 
.CurrentScore   : send event count: 101
----------------- RAIDArrayFailedMntr           -----------
ref count      : 1
.State          : send event count: 6 : recv event count: 6 : listened by port : 294920, 
.SavedReading   : send event count: 6
.Time           : send event count: 6
----------------- 2V5_2_PwrCirAbnormal          -----------
ref count      : 1
----------------- FIO3V3Plcy                    -----------
ref count      : 1
----------------- Sys5VHighInfo                 -----------
ref count      : 1
----------------- Mem141InitErrorLogMntr        -----------
ref count      : 1
.State          : listened by port : 294920, 
----------------- Fan4FSpeed_category           -----------
ref count      : 1
----------------- MezzSys3_3VHighInfo           -----------
ref count      : 1
----------------- led_HddIn3RemovedMntr-2       -----------
ref count      : 1
----------------- vcc_12v0_volt_test            -----------
ref count      : 1
.VoltValue      : send event count: 1
----------------- CpuMatchCfgErrInfo            -----------
ref count      : 1
----------------- cpu2_vtemp_mon                -----------
ref count      : 1
.MonSenValue    : send event count: 218431
----------------- SysRestart_Event_7_2_D        -----------
ref count      : 1
.EventCode      : send event count: 1
----------------- LDAPCertMonitor4_1            -----------
ref count      : 1
----------------- BasePlanePowerOffingInfo      -----------
ref count      : 1
----------------- ComMemory010                  -----------
ref count      : 1
.Health         : listened by port : 294920, 
----------------- Cpu1VddqTempExpr              -----------
ref count      : 1
.Value          : send event count: 113145 : recv event count: 113145 : listened by port : 294920, 
----------------- MezzSys12VHighInfo            -----------
ref count      : 1
----------------- PsIin-5                       -----------
ref count      : 1
.SensorUnitStr  : send event count: 1
.ReaddingConvert : send event count: 5713866
.ReadingStatus  : send event count: 1
.SensorName     : send event count: 1
.Number         : send event count: 1
.Health         : listened by port : 688148, 294920, 
.InnerName      : send event count: 1
.TypeLengthCode : send event count: 1
----------------- led_Hdd1RebuildEndMntr-2      -----------
ref count      : 1
----------------- User:C                        -----------
ref count      : 1
----------------- SysRestart_Event_7_2_E        -----------
ref count      : 1
.EventCode      : send event count: 1
----------------- Hdd3WearoutExp-2              -----------
ref count      : 1
.Value          : send event count: 107 : recv event count: 107 : listened by port : 294920, 
----------------- CpuVmcpLowInfo                -----------
ref count      : 1
----------------- ComMemory011                  -----------
ref count      : 1
.Health         : listened by port : 294920, 
----------------- LDAPCertMonitor4_4            -----------
ref count      : 1
----------------- Mem050InitErrorCond           -----------
ref count      : 1
----------------- PsIin-6                       -----------
ref count      : 1
.SensorUnitStr  : send event count: 1
.ReaddingConvert : send event count: 5763333
.ReadingStatus  : send event count: 1
.SensorName     : send event count: 1
.Number         : send event count: 1
.Health         : listened by port : 688148, 294920, 
.InnerName      : send event count: 1
.TypeLengthCode : send event count: 1
----------------- LDAPCertMonitor4_3            -----------
ref count      : 1
----------------- LDAPCertMonitor4_2            -----------
ref count      : 1
----------------- dft_item_cpu1mem23_volt       -----------
ref count      : 1
----------------- SysRestart_Event_7_2_F        -----------
ref count      : 1
.EventCode      : send event count: 1
----------------- Mem070MRCFatelErrMntr         -----------
ref count      : 1
.State          : listened by port : 294920, 
----------------- PCIeMemoryFailureInfo         -----------
ref count      : 1
----------------- 12V_4_Volt_LowMntr            -----------
ref count      : 1
.State          : listened by port : 294920, 
----------------- Mem041MRCFatelErrMntr         -----------
ref count      : 1
.State          : listened by port : 294920, 
----------------- ComHdd8-2                     -----------
ref count      : 1
.Health         : recv event count: 2 : listened by port : 294920, 
----------------- Disk3LocatErrMntr-2           -----------
ref count      : 1
.State          : listened by port : 294920, 
----------------- led_HddIn2RbdStartMntr-2      -----------
ref count      : 1
----------------- Mem130InitErrorLogMntr        -----------
ref count      : 1
.State          : listened by port : 294920, 
----------------- PowerCappingMntr              -----------
ref count      : 1
.State          : listened by port : 294920, 
----------------- led_InletTempFailMntr         -----------
ref count      : 1
----------------- Fan2FPresence_Listen_0        -----------
ref count      : 1
----------------- DiskInner0Listen_1_Exp-2      -----------
ref count      : 1
.Value          : listened by port : 294920, 
----------------- PowerSignalMonitor:C          -----------
ref count      : 1
----------------- Mem150RemovedMntr             -----------
ref count      : 1
.State          : send event count: 1 : recv event count: 1 : listened by port : 294920, 
----------------- SASRedriverUpfailPlcy         -----------
ref count      : 1
----------------- LDAPCertMonitor4_6            -----------
ref count      : 1
----------------- led_pwr_issue20               -----------
ref count      : 1
----------------- cpu2_mem345_vrd_temp_exp      -----------
ref count      : 1
.Value          : send event count: 389131 : recv event count: 389130 : listened by port : 294920, 
.X              : send event count: 2851021
----------------- CpuCoremTobjRangeExp          -----------
ref count      : 1
.Value          : send event count: 1 : recv event count: 1 : listened by port : 294920, 
----------------- Mem041InitErrorCond           -----------
ref count      : 1
----------------- 1V2_4_PwrCirAblMntr           -----------
ref count      : 1
.State          : listened by port : 294920, 
----------------- BmcOpeLogFullPlcy             -----------
ref count      : 1
----------------- LDAPCertMonitor4_7            -----------
ref count      : 1
----------------- inlet_temp_accessor           -----------
ref count      : 1
----------------- AddInCard_Event_04_1          -----------
ref count      : 1
.EventCode      : send event count: 1
----------------- Terminator_Event_4_1          -----------
ref count      : 1
.EventCode      : send event count: 1
----------------- Mem151MRCFatelErrMntr         -----------
ref count      : 1
.State          : listened by port : 294920, 
----------------- led_pwr_issue21               -----------
ref count      : 1
----------------- Stby1_8VLswGetFailInfo        -----------
ref count      : 1
----------------- Disk4Listen_1_Exp-2           -----------
ref count      : 1
.Value          : listened by port : 294920, 
----------------- MemNVDIMMErrorPlcy            -----------
ref count      : 1
----------------- LDAPCertMonitor4_8            -----------
ref count      : 1
----------------- 3V3PwrCirAblMntr              -----------
ref count      : 1
.State          : listened by port : 294920, 
----------------- ExpRAIDPHYPlcy                -----------
ref count      : 1
----------------- led_pwr_issue22               -----------
ref count      : 1
----------------- Stby12VGetFailInfo            -----------
ref count      : 1
----------------- Cpu1PFAEMntr                  -----------
ref count      : 1
.State          : listened by port : 294920, 
----------------- Hdd4FailedArrayMntr-2         -----------
ref count      : 1
.State          : listened by port : 294920, 
----------------- Cpu2Listen_0                  -----------
ref count      : 1
----------------- LeftEarMntr                   -----------
ref count      : 1
.State          : listened by port : 294920, 
----------------- PCIeCpuFailureInfo            -----------
ref count      : 1
----------------- LDAPCertMonitor4_5            -----------
ref count      : 1
----------------- LDAPCertMonitor4_9            -----------
ref count      : 1
----------------- led_pwr_issue23               -----------
ref count      : 1
----------------- PSFanFailurePlcy              -----------
ref count      : 1
----------------- Component:C                   -----------
ref count      : 1
----------------- PchVpvnnVHighInfo             -----------
ref count      : 1
----------------- Cpu2Listen_1                  -----------
ref count      : 1
----------------- PowerSupplyAnchor-5           -----------
ref count      : 1
----------------- DiskIn1ForeignMntr-2          -----------
ref count      : 1
.State          : listened by port : 294920, 
----------------- NoBootPartitionMntr           -----------
ref count      : 1
.State          : listened by port : 294920, 
----------------- PowerSupplyGetFailInfo        -----------
ref count      : 1
----------------- led_pwr_issue24               -----------
ref count      : 1
----------------- error_code_accessor           -----------
ref count      : 1
----------------- Disk4Listen_2-2               -----------
ref count      : 1
----------------- DiskIn0MissingMntr-2          -----------
ref count      : 1
.State          : listened by port : 294920, 
----------------- Cpu2Listen_2                  -----------
ref count      : 1
----------------- Stdby3_3V_LswClockHighInfo    -----------
ref count      : 1
----------------- ExpCommInfo                   -----------
ref count      : 1
----------------- Disk3FailMntr-2               -----------
ref count      : 1
.State          : listened by port : 294920, 
----------------- led_InletTempUpperMinorMntr   -----------
ref count      : 1
----------------- led_pwr_issue25               -----------
ref count      : 1
----------------- VRDBomIdCpldAccessor          -----------
ref count      : 1
----------------- led_dimm160_mntr              -----------
ref count      : 1
----------------- Hdd_BomId_exp                 -----------
ref count      : 1
.Value          : listened by port : 294920, 
----------------- UIDButtonInfo                 -----------
ref count      : 1
----------------- PowerSupplyAnchor-6           -----------
ref count      : 1
----------------- MosTempHighMinorInfo          -----------
ref count      : 1
----------------- InletTempExpr-802             -----------
ref count      : 1
.Value          : send event count: 87255 : recv event count: 87255 : listened by port : 294920, 
----------------- led_pwr_issue26               -----------
ref count      : 1
----------------- led_dimm000                   -----------
ref count      : 1
----------------- NetCard:C                     -----------
ref count      : 1
----------------- Stby3_3V_LswClockGetFailInfo  -----------
ref count      : 1
----------------- Cpu2HccsLinkMntr              -----------
ref count      : 1
.State          : listened by port : 294920, 
----------------- PcieSlot8SlotId               -----------
ref count      : 1
.Value          : send event count: 1 : recv event count: 1 : listened by port : 294920, 
----------------- NodeBMCHeartBeatPlcy          -----------
ref count      : 1
----------------- led_pwr_issue27               -----------
ref count      : 1
----------------- GpuBoardClockOffsetInfo       -----------
ref count      : 1
----------------- led_dimm001                   -----------
ref count      : 1
----------------- Cpu1V7Plcy                    -----------
ref count      : 1
----------------- HddInner0FlashMntr-2          -----------
ref count      : 1
.State          : listened by port : 294920, 
----------------- AEPThermtripPlcy              -----------
ref count      : 1
----------------- led_pwr_issue28               -----------
ref count      : 1
----------------- SMS:C                         -----------
ref count      : 1
----------------- M2Disk1RebuildEndMntr         -----------
ref count      : 1
.State          : listened by port : 294920, 
----------------- Sys1_1VGetFailInfo            -----------
ref count      : 1
----------------- PowerButtonInfo               -----------
ref count      : 1
----------------- PsPreFailureExp1-5            -----------
ref count      : 1
.Value          : listened by port : 294920, 
----------------- EntityDimm120                 -----------
ref count      : 1
.PowerState     : send event count: 1
.EnableState    : send event count: 2
.Health         : listened by port : 294920, 
----------------- HDDBackplane:C                -----------
ref count      : 1
----------------- 0V8_VDD2_PwrCirAbnormal       -----------
ref count      : 1
----------------- ComPort3-4                    -----------
ref count      : 1
.Health         : listened by port : 294920, 
----------------- led_pwr_issue29               -----------
ref count      : 1
----------------- LDAPWorkKey                   -----------
ref count      : 1
.WorkKey        : recv event count: 1 : listened by port : 131075, 851993, 294920, 655379, 589841, 
----------------- ComPort3-3                    -----------
ref count      : 1
.Health         : listened by port : 294920, 
----------------- PsPreFailureExp1-6            -----------
ref count      : 1
.Value          : listened by port : 294920, 
----------------- Disk7Listen_6-2               -----------
ref count      : 1
----------------- EntityDimm121                 -----------
ref count      : 1
.PowerState     : send event count: 1
.EnableState    : send event count: 2
.Health         : listened by port : 294920, 
----------------- HDDBackplanePresenceAccessor  -----------
ref count      : 1
----------------- Cpu2Listen_7                  -----------
ref count      : 1
----------------- WOLSignalErrorInfo            -----------
ref count      : 1
----------------- PCIeFirmSelfHealInfo          -----------
ref count      : 1
----------------- 1822Chip1V2LowInfo            -----------
ref count      : 1
----------------- SFPTempTempMinorMntr          -----------
ref count      : 1
.State          : listened by port : 294920, 
----------------- Hdd9RebuildStartMntr-2        -----------
ref count      : 1
.State          : listened by port : 294920, 
----------------- VrdV180CpldExp                -----------
ref count      : 1
.Value          : listened by port : 294920, 
----------------- Disk9StatErrExp-2             -----------
ref count      : 1
.Value          : listened by port : 294920, 
----------------- HddInner1-2                   -----------
ref count      : 1
.RebuildState   : listened by port : 294920, 
.Presence       : listened by port : 294920, 
.Id             : listened by port : 229382, 491534, 
.ReplaceFlag    : listened by port : 294920, 
----------------- pwr_latch_issue_32_exp        -----------
ref count      : 1
.Value          : listened by port : 294920, 
----------------- NICVoltFailInfo               -----------
ref count      : 1
----------------- PcbV180CpldExp                -----------
ref count      : 1
.Value          : listened by port : 294920, 
----------------- PchTempFailPlcy               -----------
ref count      : 1
----------------- Stdby1_0V_LswCoreHighInfo     -----------
ref count      : 1
----------------- InletTempExpr-801             -----------
ref count      : 1
.Value          : send event count: 90762 : recv event count: 90762 : listened by port : 294920, 
----------------- PowerIin16_result_exp-5       -----------
ref count      : 1
.Value          : send event count: 5713866 : recv event count: 5713866 : listened by port : 294920, 
----------------- Mem010InitErrorCond           -----------
ref count      : 1
----------------- led_Cpu1ProchotMntr           -----------
ref count      : 1
----------------- RaidCardRemovedMntr           -----------
ref count      : 1
.State          : send event count: 1 : recv event count: 1 : listened by port : 294920, 
----------------- CdTest                        -----------
ref count      : 1
----------------- SDCardFaultInfo               -----------
ref count      : 1
----------------- Mem001InitErrorCond           -----------
ref count      : 1
----------------- CpuNumExp                     -----------
ref count      : 1
.Value          : listened by port : 294920, 
----------------- RiserCardAnchor-e             -----------
ref count      : 1
----------------- PowerIin16_result_exp-6       -----------
ref count      : 1
.Value          : send event count: 5763333 : recv event count: 5763333 : listened by port : 294920, 
----------------- hb_raid_debounce-1            -----------
ref count      : 1
.MonSenValue    : send event count: 2 : recv event count: 2 : listened by port : 294920, 
.RegValue       : send event count: 102
----------------- BladeRemovedInfo              -----------
ref count      : 1
----------------- NandLifeInfo                  -----------
ref count      : 1
----------------- RFBAFailurePlcy               -----------
ref count      : 1
----------------- pcbid_range                   -----------
ref count      : 1
.Value          : listened by port : 294920, 
.X              : send event count: 1
----------------- Memory041ReplaceMntr          -----------
ref count      : 1
.State          : listened by port : 294920, 
----------------- ComHddInner2-2                -----------
ref count      : 1
.Health         : listened by port : 294920, 
----------------- RaidInitErrPlcy               -----------
ref count      : 1
----------------- ComPS                         -----------
ref count      : 1
.Health         : listened by port : 294920, 
----------------- led_Mem161ECCMntr             -----------
ref count      : 1
----------------- led_ComMemory110              -----------
ref count      : 1
----------------- Hdd7RebuildStartMntr-2        -----------
ref count      : 1
.State          : send event count: 1 : recv event count: 1 : listened by port : 294920, 
----------------- Hdd2InsertMntr-2              -----------
ref count      : 1
.State          : send event count: 1 : recv event count: 1 : listened by port : 294920, 
----------------- lm75_outlet_temp_dev_test     -----------
ref count      : 1
----------------- Hdd0PredicFailMntr-2          -----------
ref count      : 1
.State          : listened by port : 294920, 
----------------- SelStatus_listen_5            -----------
ref count      : 1
----------------- SDCardRebuildDoneInfo         -----------
ref count      : 1
----------------- PchVpvnnVGetFailedInfo        -----------
ref count      : 1
----------------- pwr_latch_issue_21_exp        -----------
ref count      : 1
.Value          : listened by port : 294920, 
----------------- ps_inlet_temp_exp-5           -----------
ref count      : 1
.Value          : send event count: 2566710 : recv event count: 2566710 : listened by port : 294920, 
----------------- led_ComMemory111              -----------
ref count      : 1
----------------- ps_inlet_temp_exp-6           -----------
ref count      : 1
.Value          : send event count: 3269319 : recv event count: 3269319 : listened by port : 294920, 
----------------- pwr_latch_issue_10_exp        -----------
ref count      : 1
.Value          : listened by port : 294920, 
----------------- Disk0Listen_1_Exp-2           -----------
ref count      : 1
.Value          : send event count: 2 : recv event count: 2 : listened by port : 294920, 
----------------- Watchdog2                     -----------
ref count      : 1
.TypeLengthCode : send event count: 1
.Health         : listened by port : 688148, 294920, 
.ReadingStatus  : send event count: 1
.AssertStatus   : send event count: 1
.Number         : send event count: 1
----------------- RaidIdAccessor_8              -----------
ref count      : 1
----------------- Ps-5                          -----------
ref count      : 1
----------------- M2Disk1StatErrExp             -----------
ref count      : 1
.Value          : listened by port : 294920, 
----------------- BoardIdExpr-802               -----------
ref count      : 1
.Value          : recv event count: 1 : listened by port : 294920, 
----------------- NoBootDeviceInfo              -----------
ref count      : 1
----------------- OCPPowerOffInfo               -----------
ref count      : 1
----------------- Ps-6                          -----------
ref count      : 1
----------------- Mem101RemovedMntr             -----------
ref count      : 1
.State          : send event count: 1 : recv event count: 1 : listened by port : 294920, 
----------------- FabricLSWVoltPlcy             -----------
ref count      : 1
----------------- UidButton_Listen_0            -----------
ref count      : 1
----------------- SelFilter_10_07               -----------
ref count      : 1
----------------- BoardIdExpr-801               -----------
ref count      : 1
.Value          : recv event count: 1 : listened by port : 294920, 
----------------- CpuVddfixLowInfo              -----------
ref count      : 1
----------------- PcieBBULowInfo                -----------
ref count      : 1
----------------- led_Mem061ECCMntr             -----------
ref count      : 1
----------------- PsVin-5                       -----------
ref count      : 1
.SensorUnitStr  : send event count: 1
.ReaddingConvert : send event count: 12954
.ReadingStatus  : send event count: 1
.SensorName     : send event count: 1
.Number         : send event count: 1
.Health         : listened by port : 688148, 294920, 
.InnerName      : send event count: 1
.TypeLengthCode : send event count: 1
----------------- DiskStatErrPlcy               -----------
ref count      : 1
----------------- I2CDeviceAccessFailInfo       -----------
ref count      : 1
----------------- CrlOverDueInfo                -----------
ref count      : 1
----------------- FAN2F_Sta_Listen_0            -----------
ref count      : 1
----------------- 1822Chip0V8GetFailPlcy        -----------
ref count      : 1
----------------- led_Cpu2InstallMntr           -----------
ref count      : 1
----------------- Hdd4MdWroutLowMntr-2          -----------
ref count      : 1
.State          : listened by port : 294920, 
----------------- SysCfgErrorLogInfo            -----------
ref count      : 1
----------------- PsVin-6                       -----------
ref count      : 1
.SensorUnitStr  : send event count: 1
.ReaddingConvert : send event count: 36878
.ReadingStatus  : send event count: 1
.SensorName     : send event count: 1
.Number         : send event count: 1
.Health         : listened by port : 688148, 294920, 
.InnerName      : send event count: 1
.TypeLengthCode : send event count: 1
----------------- PcieSlotExp2-8                -----------
ref count      : 1
.Value          : send event count: 1 : recv event count: 1 : listened by port : 294920, 
----------------- Hdd5RebuildStartMntr-2        -----------
ref count      : 1
.State          : send event count: 1 : recv event count: 1 : listened by port : 294920, 
----------------- RiserCardVoltHighInfo         -----------
ref count      : 1
----------------- EnvTempPlcy                   -----------
ref count      : 1
----------------- RDEFeatureKey                 -----------
ref count      : 1
----------------- HddInner0ReplaceMntr-2        -----------
ref count      : 1
.State          : listened by port : 294920, 
----------------- PCIeGetMiniFailPlcy           -----------
ref count      : 1
----------------- PcieSlotExp2-9                -----------
ref count      : 1
.Value          : send event count: 1 : recv event count: 1 : listened by port : 294920, 
----------------- led_Mem171InstalledMntr       -----------
ref count      : 1
----------------- Memory140                     -----------
ref count      : 1
.FDMFault       : listened by port : 294920, 
.ReplaceFlag    : recv event count: 2 : listened by port : 294920, 
----------------- HighPerformMarginObjTemp      -----------
ref count      : 1
.Value          : listened by port : 294920, 
----------------- lom1_port2_link_mon-3         -----------
ref count      : 1
.MonSenValue    : send event count: 1 : recv event count: 1 : listened by port : 294920, 
----------------- EiuaVoltLowInfo               -----------
ref count      : 1
----------------- NPUUnderVoltageInfo           -----------
ref count      : 1
----------------- Memory141                     -----------
ref count      : 1
.FDMFault       : listened by port : 294920, 
.ReplaceFlag    : listened by port : 294920, 
----------------- Mem031InitErrorLogMntr        -----------
ref count      : 1
.State          : listened by port : 294920, 
----------------- lom1_port2_link_mon-4         -----------
ref count      : 1
.MonSenValue    : send event count: 1 : recv event count: 1 : listened by port : 294920, 
----------------- Disk2Listen_1_Exp1-2          -----------
ref count      : 1
.Value          : listened by port : 294920, 
----------------- SSLCertOverDueMntr            -----------
ref count      : 1
.State          : listened by port : 294920, 
----------------- Disk3Listen_0-2               -----------
ref count      : 1
----------------- MainBdVoltHighMaintInfo       -----------
ref count      : 1
----------------- NetCardPFAEPlcy               -----------
ref count      : 1
----------------- LED2StateAccessor             -----------
ref count      : 1
----------------- RiserTempFailInfo             -----------
ref count      : 1
----------------- M2Disk2MissingMntr            -----------
ref count      : 1
.State          : listened by port : 294920, 
----------------- cpu2mem012_volt_FailDebounce  -----------
ref count      : 1
.MonSenValue    : listened by port : 294920, 
----------------- Disk2-2                       -----------
ref count      : 1
.TypeLengthCode : send event count: 1
.Health         : listened by port : 688148, 294920, 
.ReadingStatus  : send event count: 1
.AssertStatus   : send event count: 2
.Number         : send event count: 1
----------------- SasCableErrInLoop             -----------
ref count      : 1
.Value          : listened by port : 294920, 
----------------- Cpu1DdrVddq2LowMntr           -----------
ref count      : 1
.State          : listened by port : 294920, 
----------------- Hdd11MdWroutLowMntr-2         -----------
ref count      : 1
.State          : listened by port : 294920, 
----------------- Mem071RemovedMntr             -----------
ref count      : 1
.State          : send event count: 1 : recv event count: 1 : listened by port : 294920, 
----------------- led_disk10-2                  -----------
ref count      : 1
----------------- HDDBkpFailPlcy                -----------
ref count      : 1
----------------- CpuEvent_05_01                -----------
ref count      : 1
.EventCode      : send event count: 1
----------------- Mem020InitErrorLogMntr        -----------
ref count      : 1
.State          : listened by port : 294920, 
----------------- led_Mem060RemovedMntr         -----------
ref count      : 1
----------------- I2CBusNum-8                   -----------
ref count      : 1
.Value          : listened by port : 294920, 
----------------- I2CTest-e                     -----------
ref count      : 1
----------------- EventPolicy:C                 -----------
ref count      : 1
----------------- Cpu1MemTemp_category          -----------
ref count      : 1
----------------- NMISwitchTest                 -----------
ref count      : 1
----------------- led_Mem171RemovedMntr         -----------
ref count      : 1
----------------- 12VPowerFailedPlcy            -----------
ref count      : 1
----------------- hddBP_present_mon             -----------
ref count      : 1
.MonSenValue    : listened by port : 294920, 
----------------- I2CBusNum-9                   -----------
ref count      : 1
.Value          : listened by port : 294920, 
----------------- NC12VPlcy                     -----------
ref count      : 1
----------------- LicenseOverDuePlcy            -----------
ref count      : 1
----------------- FIO3V3LowInfo                 -----------
ref count      : 1
----------------- PMemoryMajorPlcy              -----------
ref count      : 1
----------------- RaidTempReadFailMntr-1        -----------
ref count      : 1
.State          : listened by port : 294920, 
----------------- dft_item_led_test-901         -----------
ref count      : 1
----------------- PCIeChipStatusAbnormalPlcy    -----------
ref count      : 1
----------------- 33MClockAccessor              -----------
ref count      : 1
----------------- dft_item_led_test-902         -----------
ref count      : 1
----------------- Riser3V3EventAccessor-e       -----------
ref count      : 1
----------------- ComMemory020                  -----------
ref count      : 1
.Health         : listened by port : 294920, 
----------------- Hdd9ExpPHYMntr-2              -----------
ref count      : 1
.State          : listened by port : 294920, 
----------------- ProcessorMissExp-5            -----------
ref count      : 1
.Value          : listened by port : 294920, 
----------------- SSDCardTempPlcy               -----------
ref count      : 1
----------------- pwr_issue_90_exp              -----------
ref count      : 1
.Value          : listened by port : 294920, 
----------------- ComMemory021                  -----------
ref count      : 1
.Health         : listened by port : 294920, 
----------------- BootErrorAssert3_Exp          -----------
ref count      : 1
.Value          : listened by port : 294920, 
----------------- eo_sel_almost_full            -----------
ref count      : 1
.Value          : listened by port : 294920, 
----------------- Hdd3RebuildStartMntr-2        -----------
ref count      : 1
.State          : send event count: 1 : recv event count: 1 : listened by port : 294920, 
----------------- NCBrdStat2Info                -----------
ref count      : 1
----------------- FanInstallInfo                -----------
ref count      : 1
----------------- ProcessorMissExp-6            -----------
ref count      : 1
.Value          : listened by port : 294920, 
----------------- PCIeSwUpdatefailInfo          -----------
ref count      : 1
----------------- SMezzPowerOningInfo           -----------
ref count      : 1
----------------- cpu2_vsa_volt_accessor        -----------
ref count      : 1
----------------- MezzTempMajorInfo             -----------
ref count      : 1
----------------- 0V6_2_PwrCirAbl_Exp           -----------
ref count      : 1
.Value          : listened by port : 294920, 
----------------- SysRestart_Event_7_0_0        -----------
ref count      : 1
.EventCode      : send event count: 1
----------------- Cpu2Status                    -----------
ref count      : 1
.TypeLengthCode : send event count: 1
.Health         : listened by port : 688148, 294920, 
.ReadingStatus  : send event count: 1
.AssertStatus   : send event count: 2
.Number         : send event count: 1
----------------- IoutOcWarningMntr-5           -----------
ref count      : 1
.State          : listened by port : 294920, 
----------------- led_cpu1_prochot              -----------
ref count      : 1
----------------- HddIn3PredFailMntr-2          -----------
ref count      : 1
.State          : listened by port : 294920, 
----------------- raid_err0_mon-1               -----------
ref count      : 1
.MonSenValue    : send event count: 2 : recv event count: 2 : listened by port : 294920, 
----------------- dft_item_cpu2mem23_volt       -----------
ref count      : 1
----------------- led_pwr_issue30               -----------
ref count      : 1
----------------- IsTS1280v2-3                  -----------
ref count      : 1
.Value          : listened by port : 294920, 
----------------- SysRestart_Event_7_0_1        -----------
ref count      : 1
.EventCode      : send event count: 1
----------------- Disk8Listen_1_Exp2-2          -----------
ref count      : 1
.Value          : send event count: 2 : recv event count: 2 : listened by port : 294920, 
----------------- PefFilter:C                   -----------
ref count      : 1
----------------- IoutOcWarningMntr-6           -----------
ref count      : 1
.State          : listened by port : 294920, 
----------------- SMezzPowerOffInfo             -----------
ref count      : 1
----------------- EventConfiguration:C          -----------
ref count      : 1
----------------- rtc_volt_threshold_assert     -----------
ref count      : 1
----------------- led_pwr_issue31               -----------
ref count      : 1
----------------- IsTS1280v2-4                  -----------
ref count      : 1
.Value          : listened by port : 294920, 
----------------- led_Mem140InstalledMntr       -----------
ref count      : 1
----------------- led_Hdd8PredicFailMntr-2      -----------
ref count      : 1
----------------- MutualAuthRootCertMonitor1    -----------
ref count      : 1
----------------- OtWarningInfo-5               -----------
ref count      : 1
----------------- ComLcd                        -----------
ref count      : 1
.Health         : listened by port : 294920, 
----------------- led_pwr_issue32               -----------
ref count      : 1
----------------- IsTS1280v2-5                  -----------
ref count      : 1
.Value          : listened by port : 294920, 
----------------- MutualAuthRootCertMonitor2    -----------
ref count      : 1
----------------- OtWarningInfo-6               -----------
ref count      : 1
----------------- led_Mem000ECCMntr             -----------
ref count      : 1
----------------- led_Hdd8FailAryMntr-2         -----------
ref count      : 1
----------------- Hdd1RebuildStartMntr-2        -----------
ref count      : 1
.State          : send event count: 5 : recv event count: 5 : listened by port : 294920, 
.SavedReading   : send event count: 4
.Time           : send event count: 2
----------------- PCIeCardPowerInfo             -----------
ref count      : 1
----------------- led_pwr_issue33               -----------
ref count      : 1
----------------- IsTS1280v2-6                  -----------
ref count      : 1
.Value          : listened by port : 294920, 
----------------- Riser2_present_mon            -----------
ref count      : 1
.MonSenValue    : send event count: 1 : recv event count: 1 : listened by port : 294920, 
.RegValue       : send event count: 1
----------------- 0V85_1_PwrCirAblMntr          -----------
ref count      : 1
.State          : listened by port : 294920, 
----------------- CPLDTest                      -----------
ref count      : 1
----------------- MutualAuthRootCertMonitor3    -----------
ref count      : 1
----------------- SysTotalPower                 -----------
ref count      : 1
.SensorUnitStr  : send event count: 1
.ReaddingConvert : send event count: 18917931
.ReadingStatus  : send event count: 1
.Number         : send event count: 1
.Health         : listened by port : 688148, 294920, 
.TypeLengthCode : send event count: 1
----------------- PCIeSwUpFilefailInfo          -----------
ref count      : 1
----------------- led_pwr_issue34               -----------
ref count      : 1
----------------- HddInsertInfo                 -----------
ref count      : 1
----------------- TimOutPwrOffInfo              -----------
ref count      : 1
----------------- MutualAuthRootCertMonitor4    -----------
ref count      : 1
----------------- Mem170UncorrectMntr           -----------
ref count      : 1
.State          : listened by port : 294920, 
----------------- pg_p3v3mr_debounce-1          -----------
ref count      : 1
.MonSenValue    : listened by port : 294920, 
.RegValue       : send event count: 1
----------------- MemEvent_10                   -----------
ref count      : 1
.EventCode      : send event count: 1
----------------- led_Mem100ECCMntr             -----------
ref count      : 1
----------------- led_pwr_issue35               -----------
ref count      : 1
----------------- Cpu1VrdTempExpr               -----------
ref count      : 1
.Value          : send event count: 176681 : recv event count: 176681 : listened by port : 294920, 
----------------- MutualAuthRootCertMonitor5    -----------
ref count      : 1
----------------- led_Hdd3RebuildEndMntr-2      -----------
ref count      : 1
----------------- RaidCardTempInfo              -----------
ref count      : 1
----------------- MezzStandby3_3VLowInfo        -----------
ref count      : 1
----------------- led_pwr_issue36               -----------
ref count      : 1
----------------- led_dimm010                   -----------
ref count      : 1
----------------- SystemNoticeListen_8          -----------
ref count      : 1
----------------- MutualAuthRootCertMonitor6    -----------
ref count      : 1
----------------- RemoteHttpsCertMonitor1       -----------
ref count      : 1
----------------- BBUCellOverTemMinPlcy         -----------
ref count      : 1
----------------- led_pwr_issue37               -----------
ref count      : 1
----------------- led_dimm011                   -----------
ref count      : 1
----------------- SwiInstallInfo                -----------
ref count      : 1
----------------- SysRestart_Event_7_0_8        -----------
ref count      : 1
.EventCode      : send event count: 1
----------------- led_Hdd0FailAryMntr-2         -----------
ref count      : 1
----------------- MutualAuthRootCertMonitor7    -----------
ref count      : 1
----------------- Dimm000                       -----------
ref count      : 1
.TypeLengthCode : send event count: 1
.Health         : listened by port : 688148, 294920, 
.ReadingStatus  : send event count: 1
.AssertStatus   : send event count: 2
.Number         : send event count: 1
----------------- Disk4FailMntr-2               -----------
ref count      : 1
.State          : listened by port : 294920, 
----------------- PcieCompAbsentPlcy            -----------
ref count      : 1
----------------- led_Mem131InstalledMntr       -----------
ref count      : 1
----------------- led_Hdd4FailAryMntr-2         -----------
ref count      : 1
----------------- SysRaidFailInfo               -----------
ref count      : 1
----------------- RemoteHttpsCertMonitor2       -----------
ref count      : 1
----------------- led_Fan2FStatusMntr           -----------
ref count      : 1
----------------- Disk5Listen_2-2               -----------
ref count      : 1
----------------- PCIeAirFailMntr-902           -----------
ref count      : 1
.Mode           : send event count: 1
.Reading        : send event count: 1
.EventFRU       : send event count: 1
.SavedMode      : send event count: 1
.State          : send event count: 1 : recv event count: 1 : listened by port : 294920, 
.SubjectObj     : send event count: 1
.SavedReading   : send event count: 1
.DescriptionDynamic : send event count: 1
.ScannedCount   : send event count: 1
.PolicyObj      : send event count: 1
.SuggestionDynamic : send event count: 1
.SensorObj      : send event count: 1
.Threshold      : send event count: 1
.InformationObj : send event count: 1
.ReadingMask    : send event count: 1
.Operator       : send event count: 1
.Hysteresis     : send event count: 1
.AddInfo        : send event count: 1
.Time           : send event count: 1
----------------- HddIn1MdWroutLowMntr-2        -----------
ref count      : 1
.State          : listened by port : 294920, 
----------------- EntityDimm130                 -----------
ref count      : 1
.PowerState     : send event count: 1
.EnableState    : send event count: 2
.Health         : listened by port : 294920, 
----------------- NICErrorPlcy                  -----------
ref count      : 1
----------------- Cpu1VsaHighWaringMntr         -----------
ref count      : 1
.State          : listened by port : 294920, 
----------------- BBUMOSOverTempInfo            -----------
ref count      : 1
----------------- RaidFru-1                     -----------
ref count      : 1
----------------- Mem110InitErrorLogMntr        -----------
ref count      : 1
.State          : listened by port : 294920, 
----------------- MemNVDIMMCapAbsentInfo        -----------
ref count      : 1
----------------- led_Fan4FInstallMntr          -----------
ref count      : 1
----------------- PCIeRaidInitErrInfo           -----------
ref count      : 1
----------------- Dimm001                       -----------
ref count      : 1
.TypeLengthCode : send event count: 1
.Health         : listened by port : 688148, 294920, 
.ReadingStatus  : send event count: 1
.AssertStatus   : send event count: 1
.Number         : send event count: 1
----------------- EntityDimm131                 -----------
ref count      : 1
.PowerState     : send event count: 1
.EnableState    : send event count: 2
.Health         : listened by port : 294920, 
----------------- Mem171MRCFatelErrMntr         -----------
ref count      : 1
.State          : listened by port : 294920, 
----------------- Port0BWUsageMntr-3            -----------
ref count      : 1
.State          : listened by port : 294920, 
----------------- led_Mem160ConfigErrMntr       -----------
ref count      : 1
----------------- DiskInner0Listen_6-2          -----------
ref count      : 1
----------------- SwitchBrdVoltHighInfo         -----------
ref count      : 1
----------------- RemoteHttpsCertMonitor4       -----------
ref count      : 1
----------------- DevOfflinePlcy                -----------
ref count      : 1
----------------- PwrCapErrInfo                 -----------
ref count      : 1
----------------- PCIeCardTempInfo              -----------
ref count      : 1
----------------- led_Mem151ConfigErrMntr       -----------
ref count      : 1
----------------- MezzCardPFAEInfo              -----------
ref count      : 1
----------------- HddUncorrectInfo              -----------
ref count      : 1
----------------- Port0BWUsageMntr-4            -----------
ref count      : 1
.State          : listened by port : 294920, 
----------------- Memory140ReplaceMntr          -----------
ref count      : 1
.State          : send event count: 2 : recv event count: 2 : listened by port : 294920, 
.Time           : send event count: 1
----------------- M2Disk1ForeignMntr            -----------
ref count      : 1
.State          : listened by port : 294920, 
----------------- led_Mem011RemovedMntr         -----------
ref count      : 1
----------------- Mem121InitErrorLogMntr        -----------
ref count      : 1
.State          : listened by port : 294920, 
----------------- Mem161UncorrectMntr           -----------
ref count      : 1
.State          : listened by port : 294920, 
----------------- SSHDWorkKey                   -----------
ref count      : 1
.WorkKey        : recv event count: 1 : listened by port : 131075, 851993, 294920, 655379, 589841, 
----------------- MutualAuthRootCertMonitor9    -----------
ref count      : 1
----------------- Standby1VLowInfo              -----------
ref count      : 1
----------------- pca9545_chan4-9               -----------
ref count      : 1
----------------- MutualAuthRootCertMonitor8    -----------
ref count      : 1
----------------- RemoteHttpsCertMonitor6       -----------
ref count      : 1
----------------- ps2_present_mon               -----------
ref count      : 1
.MonSenValue    : listened by port : 294920, 
----------------- led_Hdd11PredFailMntr-2       -----------
ref count      : 1
----------------- Stby1_2VGetFailInfo           -----------
ref count      : 1
----------------- HddBackCardID                 -----------
ref count      : 1
.Value          : listened by port : 294920, 
----------------- Hdd2FailedArrayMntr-2         -----------
ref count      : 1
.State          : listened by port : 294920, 
----------------- Mem100ConfigErrorCond         -----------
ref count      : 1
----------------- Fan1FRemovedMntr              -----------
ref count      : 1
.State          : send event count: 1 : recv event count: 1 : listened by port : 294920, 
----------------- pca9545_chan4-8               -----------
ref count      : 1
----------------- 12V0_4PwrCirAbl_Exp           -----------
ref count      : 1
.Value          : listened by port : 294920, 
----------------- led_disk0-2                   -----------
ref count      : 1
----------------- Mem000PFAEMntr                -----------
ref count      : 1
.State          : listened by port : 294920, 
----------------- RaidCardBBUTempMntr-1         -----------
ref count      : 1
.State          : listened by port : 294920, 
----------------- SysHDDMaxTmp                  -----------
ref count      : 1
.SensorUnitStr  : send event count: 1
.ReaddingConvert : send event count: 51814
.ReadingStatus  : send event count: 103
.Number         : send event count: 1
.Health         : listened by port : 688148, 294920, 
.TypeLengthCode : send event count: 1
----------------- PortPresentPlcy               -----------
ref count      : 1
----------------- Mem061MRCFatelErrMntr         -----------
ref count      : 1
.State          : listened by port : 294920, 
----------------- Disk8Listen_6-2               -----------
ref count      : 1
----------------- BasePlaneNotInstallInfo       -----------
ref count      : 1
----------------- SSLCert7CertMonitor           -----------
ref count      : 1
----------------- led_SasConnectErrMntr         -----------
ref count      : 1
----------------- NC12VLowInfo                  -----------
ref count      : 1
----------------- NpuVoltagePlcy                -----------
ref count      : 1
----------------- SysRestartWDTInfo             -----------
ref count      : 1
----------------- RaidCardPCIEErrInfo           -----------
ref count      : 1
----------------- SelFilter_14_03               -----------
ref count      : 1
----------------- Fan4FStatus                   -----------
ref count      : 1
.TypeLengthCode : send event count: 1
.Health         : listened by port : 688148, 294920, 
.ReadingStatus  : send event count: 1
.AssertStatus   : send event count: 1
.Number         : send event count: 1
----------------- CpuDdrVddq2FailInfo           -----------
ref count      : 1
----------------- ProductIdCpldAccessor         -----------
ref count      : 1
----------------- MeshCardSD6603CoreTempInfo    -----------
ref count      : 1
----------------- led_Hdd10RbdEndMntr-2         -----------
ref count      : 1
----------------- RemoteHttpsCertMonitor3       -----------
ref count      : 1
----------------- led_ComMemory120              -----------
ref count      : 1
----------------- Mem010PFAEMntr                -----------
ref count      : 1
.State          : listened by port : 294920, 
----------------- BaseCPUTempPlcy               -----------
ref count      : 1
----------------- led_Mem100InstalledMntr       -----------
ref count      : 1
----------------- CpuDTSGetFailPlcy             -----------
ref count      : 1
----------------- MemCfgErrorLogInfo            -----------
ref count      : 1
----------------- VinOvFaultInfo                -----------
ref count      : 1
----------------- Cpu1CoreTempMinorMntr         -----------
ref count      : 1
.State          : listened by port : 294920, 
----------------- led_ComMemory121              -----------
ref count      : 1
----------------- Mem040PFAEMntr                -----------
ref count      : 1
.State          : listened by port : 294920, 
----------------- RemoteHttpsCertMonitor7       -----------
ref count      : 1
----------------- vcc_12v0_monitor3_convert     -----------
ref count      : 1
.Value          : send event count: 330 : recv event count: 329 : listened by port : 294920, 
----------------- ElectValveOut12VLowPlcy       -----------
ref count      : 1
----------------- AirFailEventExpr-901          -----------
ref count      : 1
.Value          : listened by port : 294920, 
----------------- PCIeAirFailMntr-901           -----------
ref count      : 1
.Mode           : send event count: 1
.Reading        : send event count: 1
.EventFRU       : send event count: 1
.SavedMode      : send event count: 1
.State          : send event count: 1 : recv event count: 1 : listened by port : 294920, 
.SubjectObj     : send event count: 1
.SavedReading   : send event count: 1
.DescriptionDynamic : send event count: 1
.ScannedCount   : send event count: 1
.PolicyObj      : send event count: 1
.SuggestionDynamic : send event count: 1
.SensorObj      : send event count: 1
.Threshold      : send event count: 1
.InformationObj : send event count: 1
.ReadingMask    : send event count: 1
.Operator       : send event count: 1
.Hysteresis     : send event count: 1
.AddInfo        : send event count: 1
.Time           : send event count: 1
----------------- BootError                     -----------
ref count      : 1
.TypeLengthCode : send event count: 1
.Health         : listened by port : 688148, 294920, 
.ReadingStatus  : send event count: 1
.AssertStatus   : send event count: 1
.Number         : send event count: 1
----------------- RemoteHttpsCertMonitor5       -----------
ref count      : 1
----------------- DiskIn0LocatErrMntr-2         -----------
ref count      : 1
.State          : listened by port : 294920, 
----------------- RemoteHttpsCertMonitor8       -----------
ref count      : 1
----------------- Mem020PFAEMntr                -----------
ref count      : 1
.State          : listened by port : 294920, 
----------------- AirFailEventExpr-902          -----------
ref count      : 1
.Value          : listened by port : 294920, 
----------------- DiskBkpPwrPlcy                -----------
ref count      : 1
----------------- LDAPCertMonitor2_1            -----------
ref count      : 1
----------------- RackPowCapFailMajorInfo       -----------
ref count      : 1
----------------- Mem050PFAEMntr                -----------
ref count      : 1
.State          : listened by port : 294920, 
----------------- BBURemLifeLowInfo             -----------
ref count      : 1
----------------- MainboardTempMajorInfo        -----------
ref count      : 1
----------------- ConnectEvent_0_9              -----------
ref count      : 1
.EventCode      : send event count: 1
----------------- led_HddIn1InsertMntr-2        -----------
ref count      : 1
----------------- NPUPFAEInfo                   -----------
ref count      : 1
----------------- Mem130UncorrectMntr           -----------
ref count      : 1
.State          : listened by port : 294920, 
----------------- Hdd11FailedArrayMntr-2        -----------
ref count      : 1
.State          : listened by port : 294920, 
----------------- led_Mem060UncorrectMntr       -----------
ref count      : 1
----------------- MezzOpaSvidFaild              -----------
ref count      : 1
----------------- Hdd5WearoutExp-2              -----------
ref count      : 1
.Value          : send event count: 3 : recv event count: 3 : listened by port : 294920, 
----------------- SelFilter_16_3                -----------
ref count      : 1
----------------- SysRestart_Event_7_0_D        -----------
ref count      : 1
.EventCode      : send event count: 1
----------------- Mem030PFAEMntr                -----------
ref count      : 1
.State          : listened by port : 294920, 
----------------- Cpu2Listen_b                  -----------
ref count      : 1
----------------- LDAPCertMonitor2_3            -----------
ref count      : 1
----------------- led_dimm001_mntr              -----------
ref count      : 1
----------------- LDAPCertMonitor2_2            -----------
ref count      : 1
----------------- BBUAccessTempFailInfo         -----------
ref count      : 1
----------------- Mem060PFAEMntr                -----------
ref count      : 1
.State          : listened by port : 294920, 
----------------- SysRestart_Event_7_0_E        -----------
ref count      : 1
.EventCode      : send event count: 1
----------------- CpuVCoreFailInfo              -----------
ref count      : 1
----------------- SdrDev                        -----------
ref count      : 1
.SensorErrorMix : send event count: 404 : recv event count: 404 : listened by port : 294920, 
.SdrType12RecId : send event count: 2 : listened by port : 229382, 
----------------- CPU1CoreRemOemConfig          -----------
ref count      : 1
----------------- Fan4FStatusMntr               -----------
ref count      : 1
.State          : listened by port : 294920, 
----------------- lom2_port0_link_mon-3         -----------
ref count      : 1
.MonSenValue    : send event count: 126 : recv event count: 126 : listened by port : 294920, 
.RegValue       : send event count: 255
----------------- Fan3FSpeed_category_exp       -----------
ref count      : 1
.Value          : send event count: 1 : recv event count: 1 : listened by port : 294920, 
----------------- M2Disk2StatErrExp             -----------
ref count      : 1
.Value          : listened by port : 294920, 
----------------- pwr_issue_59_exp              -----------
ref count      : 1
.Value          : listened by port : 294920, 
----------------- LDAPCertMonitor2_4            -----------
ref count      : 1
----------------- SysRestart_Event_7_0_F        -----------
ref count      : 1
.EventCode      : send event count: 1
----------------- VideoCtrlFailPlcy             -----------
ref count      : 1
----------------- ComHdd6-2                     -----------
ref count      : 1
.Health         : listened by port : 294920, 
----------------- Memory150                     -----------
ref count      : 1
.FDMFault       : listened by port : 294920, 
.ReplaceFlag    : listened by port : 294920, 
----------------- FSReadonlyPlcy                -----------
ref count      : 1
----------------- lom2_port0_link_mon-4         -----------
ref count      : 1
.MonSenValue    : send event count: 120 : recv event count: 120 : listened by port : 294920, 
.RegValue       : send event count: 253
----------------- HDDBkpVolPlcy2                -----------
ref count      : 1
----------------- pwr_issue_37_exp              -----------
ref count      : 1
.Value          : listened by port : 294920, 
----------------- Mem170RemovedMntr             -----------
ref count      : 1
.State          : send event count: 1 : recv event count: 1 : listened by port : 294920, 
----------------- LDAPCertMonitor2_5            -----------
ref count      : 1
----------------- Mem070PFAEMntr                -----------
ref count      : 1
.State          : listened by port : 294920, 
----------------- MemUsageInfo                  -----------
ref count      : 1
----------------- PCIeCardTempAlertPlcy         -----------
ref count      : 1
----------------- NoMainBoardInfo               -----------
ref count      : 1
----------------- pwr_issue_26_exp              -----------
ref count      : 1
.Value          : listened by port : 294920, 
----------------- MemMRCFatalErrInfo            -----------
ref count      : 1
----------------- Memory151                     -----------
ref count      : 1
.FDMFault       : listened by port : 294920, 
.ReplaceFlag    : listened by port : 294920, 
----------------- pwr_issue_15_exp              -----------
ref count      : 1
.Value          : listened by port : 294920, 
----------------- LDAPCertMonitor2_6            -----------
ref count      : 1
----------------- RaidBBUTempReadFailInfo       -----------
ref count      : 1
----------------- pwr_issue_48_exp              -----------
ref count      : 1
.Value          : listened by port : 294920, 
----------------- RackPowCapUnConfInfo          -----------
ref count      : 1
----------------- LDAPCertMonitor2_7            -----------
ref count      : 1
----------------- led_Mem120ConfigErrMntr       -----------
ref count      : 1
----------------- DiskInner0Lsn_1_e2-2          -----------
ref count      : 1
.Value          : listened by port : 294920, 
----------------- Hdd2PredicFailMntr-2          -----------
ref count      : 1
.State          : listened by port : 294920, 
----------------- PICCard12VHighInfo            -----------
ref count      : 1
----------------- BaseboardConnector            -----------
ref count      : 1
----------------- Mem161InitErrorCond           -----------
ref count      : 1
----------------- Hdd:C                         -----------
ref count      : 1
----------------- led_Mem111ConfigErrMntr       -----------
ref count      : 1
----------------- SelFilter_1b_04               -----------
ref count      : 1
----------------- RaidCardReplaceInfo           -----------
ref count      : 1
----------------- LDAPCertMonitor2_8            -----------
ref count      : 1
----------------- led_Mem051UncorrectMntr       -----------
ref count      : 1
----------------- GetInfoFailExpr-801           -----------
ref count      : 1
.Value          : listened by port : 294920, 
----------------- Mem121UncorrectMntr           -----------
ref count      : 1
.State          : listened by port : 294920, 
----------------- led_dimm071_mntr              -----------
ref count      : 1
----------------- PCIeTempReadFailInfo          -----------
ref count      : 1
----------------- FabricCPUTempMajorInfo        -----------
ref count      : 1
----------------- PwrIin16_coefficient2-5       -----------
ref count      : 1
.Value          : send event count: 9892720 : recv event count: 9892720 : listened by port : 294920, 
----------------- PCIeGetMiniFailMntr-902       -----------
ref count      : 1
.Mode           : send event count: 1
.Reading        : send event count: 1
.EventFRU       : send event count: 1
.SavedMode      : send event count: 1
.State          : send event count: 1 : recv event count: 1 : listened by port : 294920, 
.SubjectObj     : send event count: 1
.SavedReading   : send event count: 1
.DescriptionDynamic : send event count: 1
.ScannedCount   : send event count: 1
.PolicyObj      : send event count: 1
.SuggestionDynamic : send event count: 1
.SensorObj      : send event count: 1
.Threshold      : send event count: 1
.InformationObj : send event count: 1
.ReadingMask    : send event count: 1
.Operator       : send event count: 1
.Hysteresis     : send event count: 1
.AddInfo        : send event count: 1
.Time           : send event count: 1
----------------- LDAPCertMonitor2_9            -----------
ref count      : 1
----------------- PchPvnnVolLowWaringInfo       -----------
ref count      : 1
----------------- FabricLSWVoltHighInfo         -----------
ref count      : 1
----------------- GetInfoFailExpr-802           -----------
ref count      : 1
.Value          : listened by port : 294920, 
----------------- Hdd10-2                       -----------
ref count      : 1
.RebuildState   : listened by port : 294920, 
.Presence       : recv event count: 3 : listened by port : 294920, 
.Id             : listened by port : 229382, 491534, 
.ReplaceFlag    : recv event count: 2 : listened by port : 294920, 
----------------- PwrIin16_coefficient2-6       -----------
ref count      : 1
.Value          : send event count: 10069407 : recv event count: 10069407 : listened by port : 294920, 
----------------- BBUOverCurrentMajorInfo       -----------
ref count      : 1
----------------- LDAPCrlMonitor1               -----------
ref count      : 1
----------------- MainBrdOMTempReadFailInfo     -----------
ref count      : 1
----------------- FabricSWOverTempMajorInfo     -----------
ref count      : 1
----------------- PCIeGetMiniFailMntr-901       -----------
ref count      : 1
.Mode           : send event count: 1
.Reading        : send event count: 1
.EventFRU       : send event count: 1
.SavedMode      : send event count: 1
.State          : send event count: 1 : recv event count: 1 : listened by port : 294920, 
.SubjectObj     : send event count: 1
.SavedReading   : send event count: 1
.DescriptionDynamic : send event count: 1
.ScannedCount   : send event count: 1
.PolicyObj      : send event count: 1
.SuggestionDynamic : send event count: 1
.SensorObj      : send event count: 1
.Threshold      : send event count: 1
.InformationObj : send event count: 1
.ReadingMask    : send event count: 1
.Operator       : send event count: 1
.Hysteresis     : send event count: 1
.AddInfo        : send event count: 1
.Time           : send event count: 1
----------------- Disk4Listen_0-2               -----------
ref count      : 1
----------------- Mem071InstalledMntr           -----------
ref count      : 1
.State          : send event count: 1 : recv event count: 1 : listened by port : 294920, 
----------------- LDAPCrlMonitor2               -----------
ref count      : 1
----------------- Hdd2ReplaceMntr-2             -----------
ref count      : 1
.State          : listened by port : 294920, 
----------------- FloatLeakagePlcy              -----------
ref count      : 1
----------------- MemRemovedInfo                -----------
ref count      : 1
----------------- CpuVccanaGetFailedInfo        -----------
ref count      : 1
----------------- NoSDCardPlcy                  -----------
ref count      : 1
----------------- InsecureProtocolInfo          -----------
ref count      : 1
----------------- Cpu2BistFailMntr              -----------
ref count      : 1
.State          : listened by port : 294920, 
----------------- LegacyIOResoureNotEnoughInfo  -----------
ref count      : 1
----------------- HotPlugEvent_0                -----------
ref count      : 1
.EventCode      : send event count: 1
----------------- InletTempFailInfo             -----------
ref count      : 1
----------------- BbuCapacityLowPlcy            -----------
ref count      : 1
----------------- LDAPCrlMonitor3               -----------
ref count      : 1
----------------- Hdd6ReplaceMntr-2             -----------
ref count      : 1
.State          : listened by port : 294920, 
----------------- led_Sys12VHighMntr            -----------
ref count      : 1
----------------- ZIPEnableExp                  -----------
ref count      : 1
.Value          : listened by port : 294920, 
----------------- Cpu1VsaLowWaringMntr          -----------
ref count      : 1
.State          : listened by port : 294920, 
----------------- FanType8038+                  -----------
ref count      : 1
----------------- HotPlugEvent_1                -----------
ref count      : 1
.EventCode      : send event count: 1
----------------- Led_LomCardAERMntr-3          -----------
ref count      : 1
----------------- RaidCardInstalledMntr         -----------
ref count      : 1
.State          : send event count: 1 : recv event count: 1 : listened by port : 294920, 
----------------- LDAPCrlMonitor4               -----------
ref count      : 1
----------------- ComMemory030                  -----------
ref count      : 1
.Health         : listened by port : 294920, 
----------------- EntityPcie                    -----------
ref count      : 1
.PowerState     : send event count: 1
.EnableState    : send event count: 2
.Health         : listened by port : 294920, 
----------------- Stby3_3VGetFailInfo           -----------
ref count      : 1
----------------- HotPlugEvent_2                -----------
ref count      : 1
.EventCode      : send event count: 1
----------------- Led_LomCardAERMntr-4          -----------
ref count      : 1
----------------- LDAPCrlMonitor5               -----------
ref count      : 1
----------------- M2Disk2FailedArrayMntr        -----------
ref count      : 1
.State          : listened by port : 294920, 
----------------- PwrOnTimeOutPlcy              -----------
ref count      : 1
----------------- led_HddIn2PredFailMntr-2      -----------
ref count      : 1
----------------- Upgrade                       -----------
ref count      : 1
.UpgradeFileMasterKeyId : listened by port : 851993, 
.Degrade        : listened by port : 557072, 
.UpgradedFlag   : listened by port : 753686, 131075, 851993, 294920, 425996, 655379, 589841, 
.PreRollbackFlag : listened by port : 753686, 131075, 851993, 294920, 425996, 655379, 589841, 
----------------- Sys5VLowInfo                  -----------
ref count      : 1
----------------- ComPort1-3                    -----------
ref count      : 1
.Health         : listened by port : 294920, 
----------------- SelFilter_09_6f               -----------
ref count      : 1
----------------- HotPlugEvent_3                -----------
ref count      : 1
.EventCode      : send event count: 1
----------------- PCIeSwTempMinorInfo           -----------
ref count      : 1
----------------- SFPTempTempThre               -----------
ref count      : 1
.Value          : send event count: 1 : recv event count: 1 : listened by port : 294920, 
----------------- pcbid_cpld_accessor           -----------
ref count      : 1
----------------- PCIeVoltageUpperMntr-902      -----------
ref count      : 1
.Mode           : send event count: 1
.Reading        : send event count: 1
.EventFRU       : send event count: 1
.SavedMode      : send event count: 1
.State          : send event count: 1 : recv event count: 1 : listened by port : 294920, 
.SubjectObj     : send event count: 1
.SavedReading   : send event count: 1
.DescriptionDynamic : send event count: 1
.ScannedCount   : send event count: 1
.PolicyObj      : send event count: 1
.SuggestionDynamic : send event count: 1
.SensorObj      : send event count: 1
.Threshold      : send event count: 1
.InformationObj : send event count: 1
.ReadingMask    : send event count: 1
.Operator       : send event count: 1
.Hysteresis     : send event count: 1
.AddInfo        : send event count: 1
.Time           : send event count: 1
----------------- Entity:C                      -----------
ref count      : 1
----------------- Mem170InitErrorCond           -----------
ref count      : 1
----------------- MeshCardVoltPlcy              -----------
ref count      : 1
----------------- TimOutNoActInfo               -----------
ref count      : 1
----------------- ComPort1-4                    -----------
ref count      : 1
.Health         : listened by port : 294920, 
----------------- BBUFireModuleTrigInfo         -----------
ref count      : 1
----------------- HotPlugEvent_4                -----------
ref count      : 1
.EventCode      : send event count: 1
----------------- LDAPCrlMonitor6               -----------
ref count      : 1
----------------- PCIeVoltageUpperMntr-901      -----------
ref count      : 1
.Mode           : send event count: 1
.Reading        : send event count: 1
.EventFRU       : send event count: 1
.SavedMode      : send event count: 1
.State          : send event count: 1 : recv event count: 1 : listened by port : 294920, 
.SubjectObj     : send event count: 1
.SavedReading   : send event count: 1
.DescriptionDynamic : send event count: 1
.ScannedCount   : send event count: 1
.PolicyObj      : send event count: 1
.SuggestionDynamic : send event count: 1
.SensorObj      : send event count: 1
.Threshold      : send event count: 1
.InformationObj : send event count: 1
.ReadingMask    : send event count: 1
.Operator       : send event count: 1
.Hysteresis     : send event count: 1
.AddInfo        : send event count: 1
.Time           : send event count: 1
----------------- Slimline_ComType              -----------
ref count      : 1
.Value          : send event count: 1 : recv event count: 1 : listened by port : 294920, 
----------------- UidButton:C                   -----------
ref count      : 1
----------------- LM75A_TE-802                  -----------
ref count      : 1
----------------- Cpu2DdrVddq1FailMntr          -----------
ref count      : 1
.State          : listened by port : 294920, 
----------------- 0V8_1_PwrCirAbnormal          -----------
ref count      : 1
----------------- HotPlugEvent_5                -----------
ref count      : 1
.EventCode      : send event count: 1
----------------- Disk3Listen_1_Exp2-2          -----------
ref count      : 1
.Value          : listened by port : 294920, 
----------------- DiskExpPHYPlcy                -----------
ref count      : 1
----------------- dft_item_cpu1mem01_volt       -----------
ref count      : 1
----------------- HardwareAddrErrPlcy           -----------
ref count      : 1
----------------- Hdd6MdWroutLowMntr-2          -----------
ref count      : 1
.State          : listened by port : 294920, 
----------------- PCIeLinkDownPlcy              -----------
ref count      : 1
----------------- ComMemory031                  -----------
ref count      : 1
.Health         : listened by port : 294920, 
----------------- HotPlugEvent_6                -----------
ref count      : 1
.EventCode      : send event count: 1
----------------- EiuaVoltPlcy                  -----------
ref count      : 1
----------------- VirtualVPDReadFailInfo        -----------
ref count      : 1
----------------- FANClass:C                    -----------
ref count      : 1
----------------- Cpu2MemTempFailDebounce       -----------
ref count      : 1
.MonSenValue    : listened by port : 294920, 
----------------- IOPresentExp                  -----------
ref count      : 1
.Value          : send event count: 1 : recv event count: 1 : listened by port : 294920, 
.Z              : send event count: 1
----------------- VRDBomIdCpldExp               -----------
ref count      : 1
.Value          : listened by port : 294920, 
----------------- PowerCapping:C                -----------
ref count      : 1
----------------- HotPlugEvent_7                -----------
ref count      : 1
.EventCode      : send event count: 1
----------------- M2Disk2DevFault               -----------
ref count      : 1
.Value          : listened by port : 294920, 
----------------- LM75A_TE-801                  -----------
ref count      : 1
----------------- Mem000InitErrorLogMntr        -----------
ref count      : 1
.State          : listened by port : 294920, 
----------------- Cpu2Vddq2LowWarningMntr       -----------
ref count      : 1
.State          : listened by port : 294920, 
----------------- Ps2InstallMntr                -----------
ref count      : 1
.State          : send event count: 1 : recv event count: 1 : listened by port : 294920, 
----------------- BusinessIntInfo               -----------
ref count      : 1
----------------- VerChangeEvt_1_0              -----------
ref count      : 1
.EventCode      : send event count: 1
----------------- MemMajorPrefailurePlcy        -----------
ref count      : 1
----------------- BMCMinorOverTempInfo          -----------
ref count      : 1
----------------- PCIeRetimerUpfailInfo         -----------
ref count      : 1
----------------- Memory061ReplaceMntr          -----------
ref count      : 1
.State          : listened by port : 294920, 
----------------- MbdMosDrop2MajorInfo          -----------
ref count      : 1
----------------- IOnotPresentExp               -----------
ref count      : 1
.Value          : send event count: 1 : recv event count: 1 : listened by port : 294920, 
.Z              : send event count: 1
----------------- Lom1Port1LinkAccessor-3       -----------
ref count      : 1
----------------- RiserCardStbyGetFailPlcy      -----------
ref count      : 1
----------------- Mem030ECCMntr                 -----------
ref count      : 1
.State          : listened by port : 294920, 
----------------- ComHddInner0-2                -----------
ref count      : 1
.Health         : listened by port : 294920, 
----------------- LedTest:C                     -----------
ref count      : 1
----------------- Mem130InitErrorCond           -----------
ref count      : 1
----------------- Lom1Port1LinkAccessor-4       -----------
ref count      : 1
----------------- Mem130ECCMntr                 -----------
ref count      : 1
.State          : listened by port : 294920, 
----------------- VerChangeEvt_1_2              -----------
ref count      : 1
.EventCode      : send event count: 1
----------------- led_Mem020UncorrectMntr       -----------
ref count      : 1
----------------- MAClientCertOverDueMntr_1     -----------
ref count      : 1
.State          : listened by port : 294920, 
----------------- ChassisLcdPrePlcy             -----------
ref count      : 1
----------------- I2CBusNum-e                   -----------
ref count      : 1
.Value          : listened by port : 294920, 
----------------- Mem011InitErrorLogMntr        -----------
ref count      : 1
.State          : listened by port : 294920, 
----------------- CpuPowerHighInfo              -----------
ref count      : 1
----------------- BoadIdFailInfo                -----------
ref count      : 1
----------------- led_Mem011UncorrectMntr       -----------
ref count      : 1
----------------- PCIeCompAbsentNormInfo        -----------
ref count      : 1
----------------- RaidComLossPlcy               -----------
ref count      : 1
----------------- led_HddIn0FailAryMntr-2       -----------
ref count      : 1
----------------- MAClientCertOverDueMntr_2     -----------
ref count      : 1
.State          : listened by port : 294920, 
----------------- led_dimm020                   -----------
ref count      : 1
----------------- Mem010RemovedMntr             -----------
ref count      : 1
.State          : send event count: 1 : recv event count: 1 : listened by port : 294920, 
----------------- Mem121InitErrorCond           -----------
ref count      : 1
----------------- NoBackPlaneStatusAccessor     -----------
ref count      : 1
----------------- Stby2_5VFailPlcy              -----------
ref count      : 1
----------------- ChassisFanStatusPlcy          -----------
ref count      : 1
----------------- led_dimm121_mntr              -----------
ref count      : 1
----------------- Hdd11InsertMntr-2             -----------
ref count      : 1
.State          : send event count: 1 : recv event count: 1 : listened by port : 294920, 
----------------- Mem121RemovedMntr             -----------
ref count      : 1
.State          : send event count: 1 : recv event count: 1 : listened by port : 294920, 
----------------- led_dimm021                   -----------
ref count      : 1
----------------- MAClientCertOverDueMntr_3     -----------
ref count      : 1
.State          : listened by port : 294920, 
----------------- Mem040InstalledMntr           -----------
ref count      : 1
.State          : send event count: 1 : recv event count: 1 : listened by port : 294920, 
----------------- PCIeCardFaultMntr-801         -----------
ref count      : 1
.Mode           : send event count: 1
.Reading        : send event count: 1
.EventFRU       : send event count: 1
.SavedMode      : send event count: 1
.State          : send event count: 1 : recv event count: 1 : listened by port : 294920, 
.SubjectObj     : send event count: 1
.SavedReading   : send event count: 1
.DescriptionDynamic : send event count: 1
.ScannedCount   : send event count: 1
.PolicyObj      : send event count: 1
.SuggestionDynamic : send event count: 1
.SensorObj      : send event count: 1
.Threshold      : send event count: 1
.InformationObj : send event count: 1
.ReadingMask    : send event count: 1
.Operator       : send event count: 1
.Hysteresis     : send event count: 1
.AddInfo        : send event count: 1
.Time           : send event count: 1
----------------- Dimm010                       -----------
ref count      : 1
.TypeLengthCode : send event count: 1
.Health         : listened by port : 688148, 294920, 
.ReadingStatus  : send event count: 1
.AssertStatus   : send event count: 2
.Number         : send event count: 1
----------------- MainBoardOMTempPlcy           -----------
ref count      : 1
----------------- cpu1_vrd2_chip                -----------
ref count      : 1
----------------- led_Mem110RemovedMntr         -----------
ref count      : 1
----------------- CpuVDDQTempMajorInfo          -----------
ref count      : 1
----------------- MAClientCertOverDueMntr_4     -----------
ref count      : 1
.State          : listened by port : 294920, 
----------------- led_pwr_issue48               -----------
ref count      : 1
----------------- Mem031InstalledMntr           -----------
ref count      : 1
.State          : send event count: 1 : recv event count: 1 : listened by port : 294920, 
----------------- Wdt2Event_0                   -----------
ref count      : 1
.EventCode      : send event count: 1
----------------- LedBrdTempPlcy                -----------
ref count      : 1
----------------- Dimm011                       -----------
ref count      : 1
.TypeLengthCode : send event count: 1
.Health         : listened by port : 688148, 294920, 
.ReadingStatus  : send event count: 1
.AssertStatus   : send event count: 1
.Number         : send event count: 1
----------------- EntityDimm140                 -----------
ref count      : 1
.PowerState     : send event count: 1
.EnableState    : send event count: 2
.Health         : listened by port : 294920, 
----------------- InsertInvalidSlotPlcy         -----------
ref count      : 1
----------------- Disk0DevFault-2               -----------
ref count      : 1
.Value          : listened by port : 294920, 
----------------- MAClientCertOverDueMntr_5     -----------
ref count      : 1
.State          : listened by port : 294920, 
----------------- led_pwr_issue49               -----------
ref count      : 1
----------------- Hdd7Flash_exp-2               -----------
ref count      : 1
.Value          : listened by port : 294920, 
----------------- 12V_5_Volt                    -----------
ref count      : 1
.DebounceValue  : send event count: 21612536
.RawValue       : send event count: 1
----------------- Wdt2Event_1                   -----------
ref count      : 1
.EventCode      : send event count: 1
----------------- Riser3Card                    -----------
ref count      : 1
.TypeLengthCode : send event count: 1
.Health         : listened by port : 688148, 294920, 
.ReadingStatus  : send event count: 1
.AssertStatus   : send event count: 2
.Number         : send event count: 1
----------------- EntityDimm141                 -----------
ref count      : 1
.PowerState     : send event count: 1
.EnableState    : send event count: 2
.Health         : listened by port : 294920, 
----------------- PCIeSwVDDLowerInfo            -----------
ref count      : 1
----------------- PSCableInfo                   -----------
ref count      : 1
----------------- VCPU_VCC_Plcy                 -----------
ref count      : 1
----------------- led_ComCpu1                   -----------
ref count      : 1
----------------- MAClientCertOverDueMntr_6     -----------
ref count      : 1
.State          : listened by port : 294920, 
----------------- vcc_12v2_volt_test            -----------
ref count      : 1
.VoltValue      : send event count: 1
----------------- FanRedundancyInfo             -----------
ref count      : 1
----------------- LicenseOverDueEvent           -----------
ref count      : 1
.State          : listened by port : 294920, 
----------------- Wdt2Event_2                   -----------
ref count      : 1
.EventCode      : send event count: 1
----------------- DDRCalibrationPlcy            -----------
ref count      : 1
----------------- CpuVDDQ_ABHighInfo            -----------
ref count      : 1
----------------- IbmcStartedPlcy               -----------
ref count      : 1
----------------- Hdd9FlashMntr-2               -----------
ref count      : 1
.State          : listened by port : 294920, 
----------------- MngmntHealth_Listen_0         -----------
ref count      : 1
----------------- Hdd4InsertMntr-2              -----------
ref count      : 1
.State          : send event count: 1 : recv event count: 1 : listened by port : 294920, 
----------------- MAClientCertOverDueMntr_7     -----------
ref count      : 1
.State          : listened by port : 294920, 
----------------- Disk10Listen_1-2              -----------
ref count      : 1
----------------- RS485Out12VHighInfo           -----------
ref count      : 1
----------------- SysNoMemPlcy                  -----------
ref count      : 1
----------------- FabricPowerOffingInfo         -----------
ref count      : 1
----------------- Wdt2Event_3                   -----------
ref count      : 1
.EventCode      : send event count: 1
----------------- cpu2mem23_volt_test           -----------
ref count      : 1
----------------- SystemNoticeMntr              -----------
ref count      : 1
.State          : listened by port : 294920, 
----------------- Port1BWUsageHighMon-3         -----------
ref count      : 1
.MonSenValue    : listened by port : 294920, 
----------------- HddReplaceInfo                -----------
ref count      : 1
----------------- RDEEnableExp                  -----------
ref count      : 1
.Value          : listened by port : 294920, 
----------------- MAClientCertOverDueMntr_8     -----------
ref count      : 1
.State          : listened by port : 294920, 
----------------- LegacyOPROMResoureNotEnoughPlcy-----------
ref count      : 1
----------------- IPMBLinkEvent_0               -----------
ref count      : 1
.EventCode      : send event count: 1
----------------- led_ComCpu2                   -----------
ref count      : 1
----------------- Disk6Listen_2-2               -----------
ref count      : 1
----------------- SDCardRebuildInfo             -----------
ref count      : 1
----------------- Stdby1_5V_LswLowInfo          -----------
ref count      : 1
----------------- RemoteHttpsCrlOverDueMntr_1   -----------
ref count      : 1
.State          : listened by port : 294920, 
----------------- Port1BWUsageHighMon-4         -----------
ref count      : 1
.MonSenValue    : listened by port : 294920, 
----------------- Microcontroller_1_0           -----------
ref count      : 1
.EventCode      : send event count: 1
----------------- pwr_latch_issue_37_exp        -----------
ref count      : 1
.Value          : listened by port : 294920, 
----------------- MAClientCertOverDueMntr_9     -----------
ref count      : 1
.State          : listened by port : 294920, 
----------------- DiceCertMonitor               -----------
ref count      : 1
----------------- IPMBLinkEvent_1               -----------
ref count      : 1
.EventCode      : send event count: 1
----------------- FIOInletLTempFailPlcy         -----------
ref count      : 1
----------------- RemoteHttpsCrlOverDueMntr_2   -----------
ref count      : 1
.State          : listened by port : 294920, 
----------------- 0V8_2_PwrCirAbl_Exp           -----------
ref count      : 1
.Value          : listened by port : 294920, 
----------------- PCIeVoltageUpperInfo          -----------
ref count      : 1
----------------- 1822Chip0V8LowPlcy            -----------
ref count      : 1
----------------- Microcontroller_1_1           -----------
ref count      : 1
.EventCode      : send event count: 1
----------------- psu1_opok_status_mon          -----------
ref count      : 1
.MonSenValue    : listened by port : 294920, 
.RegValue       : send event count: 1
----------------- Button_Event_03_1             -----------
ref count      : 1
.EventCode      : send event count: 1
----------------- DiskInner1Listen_6-2          -----------
ref count      : 1
----------------- AssetLocateReplaceInfo        -----------
ref count      : 1
----------------- IPMBLinkEvent_2               -----------
ref count      : 1
.EventCode      : send event count: 1
----------------- Disk0-2                       -----------
ref count      : 1
.TypeLengthCode : send event count: 1
.Health         : send event count: 2 : recv event count: 2 : listened by port : 688148, 294920, 
.ReadingStatus  : send event count: 1
.AssertStatus   : send event count: 10
.Number         : send event count: 1
----------------- RemoteHttpsCrlOverDueMntr_3   -----------
ref count      : 1
.State          : listened by port : 294920, 
----------------- Disk_Event_2_ToHmm            -----------
ref count      : 1
----------------- MngmntHealth_Listen_5         -----------
ref count      : 1
----------------- RAIDArrayFailedPlcy           -----------
ref count      : 1
----------------- Microcontroller_1_2           -----------
ref count      : 1
.EventCode      : send event count: 1
----------------- led_ComMemory130              -----------
ref count      : 1
----------------- pwr_latch_issue_26_exp        -----------
ref count      : 1
.Value          : listened by port : 294920, 
----------------- IPMBLinkEvent_3               -----------
ref count      : 1
.EventCode      : send event count: 1
----------------- Hdd10RAIDPHYMntr-2            -----------
ref count      : 1
.State          : listened by port : 294920, 
----------------- SysRAIDNumErrPlcy             -----------
ref count      : 1
----------------- RemoteHttpsCrlOverDueMntr_4   -----------
ref count      : 1
.State          : listened by port : 294920, 
----------------- HddIn1RbdEndMntr-2            -----------
ref count      : 1
.State          : listened by port : 294920, 
----------------- Cpu1TempFailedMntr            -----------
ref count      : 1
.State          : listened by port : 294920, 
----------------- Mem060ConfigErrMntr           -----------
ref count      : 1
.State          : listened by port : 294920, 
----------------- Cpu0Channel0FaultMntr         -----------
ref count      : 1
.State          : listened by port : 294920, 
----------------- OemSdr:C                      -----------
ref count      : 1
----------------- led_ComMemory131              -----------
ref count      : 1
----------------- EthHeartAbnorPlcy             -----------
ref count      : 1
----------------- GpuBoardTempGetFailPlcy       -----------
ref count      : 1
----------------- led_Mem111ECCMntr             -----------
ref count      : 1
----------------- Wdt2Event_8                   -----------
ref count      : 1
.EventCode      : send event count: 1
----------------- Mem051ConfigErrMntr           -----------
ref count      : 1
.State          : listened by port : 294920, 
----------------- Disk0Listen_7-2               -----------
ref count      : 1
----------------- AlertString:C                 -----------
ref count      : 1
----------------- 1822Chip1V8LowPlcy            -----------
ref count      : 1
----------------- Hdd8-2                        -----------
ref count      : 1
.RebuildState   : listened by port : 294920, 
.Presence       : recv event count: 3 : listened by port : 294920, 
.Id             : listened by port : 229382, 491534, 
.ReplaceFlag    : recv event count: 2 : listened by port : 294920, 
----------------- InletTemp                     -----------
ref count      : 1
.SensorUnitStr  : send event count: 1
.ReaddingConvert : send event count: 163141
.UpperNonrecoverableConvert : send event count: 1
.ReadingStatus  : send event count: 1
.Number         : send event count: 1
.Health         : listened by port : 688148, 294920, 
.TypeLengthCode : send event count: 1
----------------- BmcEventSelFullMntr           -----------
ref count      : 1
.State          : listened by port : 294920, 
----------------- MeshCardNpPortLinkPlcy        -----------
ref count      : 1
----------------- CpuIERRInfo                   -----------
ref count      : 1
----------------- RemoteHttpsCrlOverDueMntr_5   -----------
ref count      : 1
.State          : listened by port : 294920, 
----------------- RemoteHttpsCrlOverDueMntr_6   -----------
ref count      : 1
.State          : listened by port : 294920, 
----------------- Disk5FailMntr-2               -----------
ref count      : 1
.State          : listened by port : 294920, 
----------------- SYS12V_2_category             -----------
ref count      : 1
----------------- Disk9Listen_6-2               -----------
ref count      : 1
----------------- NICPowerAbnormalPlcy          -----------
ref count      : 1
----------------- Mem100PFAEMntr                -----------
ref count      : 1
.State          : listened by port : 294920, 
----------------- Sys1_5VLowInfo                -----------
ref count      : 1
----------------- DiskForeignPlcy               -----------
ref count      : 1
----------------- Cpu0Channel1FaultMntr         -----------
ref count      : 1
.State          : listened by port : 294920, 
----------------- BMCBootup                     -----------
ref count      : 1
.TypeLengthCode : send event count: 1
.Health         : listened by port : 688148, 294920, 
.ReadingStatus  : send event count: 1
.AssertStatus   : send event count: 2
.Number         : send event count: 1
----------------- ComPcieRiser1                 -----------
ref count      : 1
.Health         : listened by port : 294920, 
----------------- RemoteHttpsCrlOverDueMntr_7   -----------
ref count      : 1
.State          : listened by port : 294920, 
----------------- MeshCardMPathInfo             -----------
ref count      : 1
----------------- Hdd2FlashMntr-2               -----------
ref count      : 1
.State          : listened by port : 294920, 
----------------- Stdby1_1VPlcy                 -----------
ref count      : 1
----------------- PriorityFanPresencePlcy       -----------
ref count      : 1
----------------- Standby2_5VPlcy               -----------
ref count      : 1
----------------- ComPcieRiser3                 -----------
ref count      : 1
.Health         : listened by port : 294920, 
----------------- vcc_12v0_fail5Debounce        -----------
ref count      : 1
.MonSenValue    : listened by port : 294920, 
----------------- Mem110PFAEMntr                -----------
ref count      : 1
.State          : listened by port : 294920, 
----------------- SYS12V_3_category             -----------
ref count      : 1
----------------- ComPcieRiser2                 -----------
ref count      : 1
.Health         : listened by port : 294920, 
----------------- RearBP_present_mon            -----------
ref count      : 1
.MonSenValue    : send event count: 1 : recv event count: 1 : listened by port : 294920, 
.RegValue       : send event count: 1
----------------- outlet_temp_accessor          -----------
ref count      : 1
----------------- DiskLinkPlcy                  -----------
ref count      : 1
----------------- RemoteHttpsCrlOverDueMntr_8   -----------
ref count      : 1
.State          : listened by port : 294920, 
----------------- Cpu2QPIPFAPort0Mntr           -----------
ref count      : 1
.State          : listened by port : 294920, 
----------------- led_Hdd5RebuildEndMntr-2      -----------
ref count      : 1
----------------- led_Mem011ECCMntr             -----------
ref count      : 1
----------------- pwr_latch_issue_04_exp        -----------
ref count      : 1
.Value          : listened by port : 294920, 
----------------- Cpu0Channel2FaultMntr         -----------
ref count      : 1
.State          : listened by port : 294920, 
----------------- Cpu1VddqTempFailDebounce      -----------
ref count      : 1
.MonSenValue    : listened by port : 294920, 
----------------- PwrSplyFailedDeb-5            -----------
ref count      : 1
.MonSenValue    : listened by port : 294920, 
----------------- pwr_latch_issue_15_exp        -----------
ref count      : 1
.Value          : listened by port : 294920, 
----------------- PowerUpDownEventExpr-902      -----------
ref count      : 1
.Value          : listened by port : 294920, 
----------------- Mem101InitErrorLogMntr        -----------
ref count      : 1
.State          : listened by port : 294920, 
----------------- BMC:C                         -----------
ref count      : 1
----------------- IOBoardTempInfo               -----------
ref count      : 1
----------------- led_Sys12VHighMntr2           -----------
ref count      : 1
----------------- SYSNoOperableMemCondition     -----------
ref count      : 1
----------------- Mem000InstalledMntr           -----------
ref count      : 1
.State          : send event count: 1 : recv event count: 1 : listened by port : 294920, 
----------------- Mem120PFAEMntr                -----------
ref count      : 1
.State          : listened by port : 294920, 
----------------- CpuDdrVddq2LowInfo            -----------
ref count      : 1
----------------- PwrSplyFailedDeb-6            -----------
ref count      : 1
.MonSenValue    : listened by port : 294920, 
----------------- HddIn3MdWroutLowMntr-2        -----------
ref count      : 1
.State          : listened by port : 294920, 
----------------- GpuBrdMosOverTempInfo         -----------
ref count      : 1
----------------- LeftEarPlcy                   -----------
ref count      : 1
----------------- Memory160                     -----------
ref count      : 1
.FDMFault       : listened by port : 294920, 
.ReplaceFlag    : listened by port : 294920, 
----------------- SYS12V_4_category             -----------
ref count      : 1
----------------- led_Sys12VHighMntr3           -----------
ref count      : 1
----------------- OutletTempMntrExpr-801        -----------
ref count      : 1
.Value          : send event count: 85359 : recv event count: 85359 : listened by port : 294920, 
----------------- EnvRecord:C                   -----------
ref count      : 1
----------------- Memory161                     -----------
ref count      : 1
.FDMFault       : listened by port : 294920, 
.ReplaceFlag    : listened by port : 294920, 
----------------- Cpu0Channel3FaultMntr         -----------
ref count      : 1
.State          : listened by port : 294920, 
----------------- ComPS1                        -----------
ref count      : 1
.Health         : listened by port : 294920, 
----------------- DefaultInletConidtion         -----------
ref count      : 1
.Value          : send event count: 1 : recv event count: 1 : listened by port : 294920, 
----------------- SecureBootFailedPlcy          -----------
ref count      : 1
----------------- led_Sys12VHighMntr4           -----------
ref count      : 1
----------------- Cpu0Channel6FaultMntr         -----------
ref count      : 1
.State          : listened by port : 294920, 
----------------- FIOClkPlcy                    -----------
ref count      : 1
----------------- Cpu2VddqTempFailDebounce      -----------
ref count      : 1
.MonSenValue    : listened by port : 294920, 
----------------- SysRestartCmdInfo             -----------
ref count      : 1
----------------- PSUSingleInLowVolInfoPlcy     -----------
ref count      : 1
----------------- Mem130PFAEMntr                -----------
ref count      : 1
.State          : listened by port : 294920, 
----------------- SYS12V_5_category             -----------
ref count      : 1
----------------- ComPS2                        -----------
ref count      : 1
.Health         : listened by port : 294920, 
----------------- ComM2Disk1                    -----------
ref count      : 1
.Health         : listened by port : 294920, 
----------------- PCIeCardFaultMntr-802         -----------
ref count      : 1
.Mode           : send event count: 1
.Reading        : send event count: 1
.EventFRU       : send event count: 1
.SavedMode      : send event count: 1
.State          : send event count: 1 : recv event count: 1 : listened by port : 294920, 
.SubjectObj     : send event count: 1
.SavedReading   : send event count: 1
.DescriptionDynamic : send event count: 1
.ScannedCount   : send event count: 1
.PolicyObj      : send event count: 1
.SuggestionDynamic : send event count: 1
.SensorObj      : send event count: 1
.Threshold      : send event count: 1
.InformationObj : send event count: 1
.ReadingMask    : send event count: 1
.Operator       : send event count: 1
.Hysteresis     : send event count: 1
.AddInfo        : send event count: 1
.Time           : send event count: 1
----------------- led_Sys12VHighMntr5           -----------
ref count      : 1
----------------- BaseboardId                   -----------
ref count      : 1
----------------- PICCardPSFaultInfo            -----------
ref count      : 1
----------------- Mem160PFAEMntr                -----------
ref count      : 1
.State          : listened by port : 294920, 
----------------- Mem010ConfigErrorCond         -----------
ref count      : 1
----------------- led_dimm060_mntr              -----------
ref count      : 1
----------------- Cpu0Channel4FaultMntr         -----------
ref count      : 1
.State          : listened by port : 294920, 
----------------- gpio72_bus                    -----------
ref count      : 1
----------------- InletTempFailExpr             -----------
ref count      : 1
.Value          : listened by port : 294920, 
----------------- ComM2Disk2                    -----------
ref count      : 1
.Health         : listened by port : 294920, 
----------------- PowerUpDownEventExpr-901      -----------
ref count      : 1
.Value          : listened by port : 294920, 
----------------- Cpu2VddfixLowWaringMntr       -----------
ref count      : 1
.State          : listened by port : 294920, 
----------------- AEPMemoryMinorPlcy            -----------
ref count      : 1
----------------- CardExp-902                   -----------
ref count      : 1
.Value          : recv event count: 2 : listened by port : 294920, 
----------------- Cpu0Channel7FaultMntr         -----------
ref count      : 1
.State          : listened by port : 294920, 
----------------- Sys12VGetFail2Mntr            -----------
ref count      : 1
.State          : listened by port : 294920, 
----------------- OutletTEUpperMntr-901         -----------
ref count      : 1
.Mode           : send event count: 1
.Reading        : send event count: 1
.EventFRU       : send event count: 1
.SavedMode      : send event count: 1
.State          : send event count: 1 : recv event count: 1 : listened by port : 294920, 
.SubjectObj     : send event count: 1
.SavedReading   : send event count: 1
.DescriptionDynamic : send event count: 1
.ScannedCount   : send event count: 1
.PolicyObj      : send event count: 1
.SuggestionDynamic : send event count: 1
.SensorObj      : send event count: 1
.Threshold      : send event count: 1
.InformationObj : send event count: 1
.ReadingMask    : send event count: 1
.Operator       : send event count: 1
.Hysteresis     : send event count: 1
.AddInfo        : send event count: 1
.Time           : send event count: 1
----------------- Sys12VPlcy_2                  -----------
ref count      : 1
----------------- Mem140PFAEMntr                -----------
ref count      : 1
.State          : listened by port : 294920, 
----------------- MutualAuthRootCertMonitor12   -----------
ref count      : 1
----------------- OutletTEUpperMntr-902         -----------
ref count      : 1
.Mode           : send event count: 1
.Reading        : send event count: 1
.EventFRU       : send event count: 1
.SavedMode      : send event count: 1
.State          : send event count: 1 : recv event count: 1 : listened by port : 294920, 
.SubjectObj     : send event count: 1
.SavedReading   : send event count: 1
.DescriptionDynamic : send event count: 1
.ScannedCount   : send event count: 1
.PolicyObj      : send event count: 1
.SuggestionDynamic : send event count: 1
.SensorObj      : send event count: 1
.Threshold      : send event count: 1
.InformationObj : send event count: 1
.ReadingMask    : send event count: 1
.Operator       : send event count: 1
.Hysteresis     : send event count: 1
.AddInfo        : send event count: 1
.Time           : send event count: 1
----------------- NCBrdTempFailInfo             -----------
ref count      : 1
----------------- SysRestart_Event_0            -----------
ref count      : 1
.EventCode      : send event count: 1
----------------- MutualAuthRootCertMonitor10   -----------
ref count      : 1
----------------- Mem170PFAEMntr                -----------
ref count      : 1
.State          : listened by port : 294920, 
----------------- BoardIDPlcy                   -----------
ref count      : 1
----------------- Cpu0Channel5FaultMntr         -----------
ref count      : 1
.State          : listened by port : 294920, 
----------------- MutualAuthRootCertMonitor13   -----------
ref count      : 1
----------------- OutletTempMntrExpr-802        -----------
ref count      : 1
.Value          : send event count: 87585 : recv event count: 87585 : listened by port : 294920, 
----------------- Mem120ConfigErrorCond         -----------
ref count      : 1
----------------- SysRestart_Event_1            -----------
ref count      : 1
.EventCode      : send event count: 1
----------------- NICVoltHighInfo               -----------
ref count      : 1
----------------- 12VVddqLowFailInfo            -----------
ref count      : 1
----------------- Hdd0FailedArrayMntr-2         -----------
ref count      : 1
.State          : send event count: 2 : recv event count: 2 : listened by port : 294920, 
.SavedReading   : send event count: 2
.Time           : send event count: 2
----------------- CpuCoreTempMinorInfo          -----------
ref count      : 1
----------------- PsRemovedPlcy                 -----------
ref count      : 1
----------------- MutualAuthRootCertMonitor14   -----------
ref count      : 1
----------------- Mem150PFAEMntr                -----------
ref count      : 1
.State          : listened by port : 294920, 
----------------- HddbdPowerFailedInfo          -----------
ref count      : 1
----------------- Fan1FPresence                 -----------
ref count      : 1
.TypeLengthCode : send event count: 1
.Health         : listened by port : 688148, 294920, 
.ReadingStatus  : send event count: 1
.AssertStatus   : send event count: 1
.Number         : send event count: 1
----------------- volt_12v2_sensor_monitor      -----------
ref count      : 1
----------------- SysRestart_Event_2            -----------
ref count      : 1
.EventCode      : send event count: 1
----------------- DiskInner1Lsn_1_e2-2          -----------
ref count      : 1
.Value          : listened by port : 294920, 
----------------- SYS12V_5_category_exp         -----------
ref count      : 1
.Value          : send event count: 1 : recv event count: 1 : listened by port : 294920, 
----------------- MutualAuthRootCertMonitor15   -----------
ref count      : 1
----------------- OcpCardPFAEPlcy               -----------
ref count      : 1
----------------- Hdd0Flash_exp-2               -----------
ref count      : 1
.Value          : listened by port : 294920, 
----------------- SysRestart_Event_3            -----------
ref count      : 1
.EventCode      : send event count: 1
----------------- MezzCardPresentPlcy           -----------
ref count      : 1
----------------- VersionChangeInfo             -----------
ref count      : 1
----------------- CpuMemHotInfo                 -----------
ref count      : 1
----------------- Mem020ConfigErrMntr           -----------
ref count      : 1
.State          : listened by port : 294920, 
----------------- M2Disk1MediaLowMntr           -----------
ref count      : 1
.State          : listened by port : 294920, 
----------------- MutualAuthRootCertMonitor16   -----------
ref count      : 1
----------------- PCIeOverCurrentProtectionInfo -----------
ref count      : 1
----------------- 0V6_2_PwrCirAblMntr           -----------
ref count      : 1
.State          : listened by port : 294920, 
----------------- Fan2FPresence                 -----------
ref count      : 1
.TypeLengthCode : send event count: 1
.Health         : listened by port : 688148, 294920, 
.ReadingStatus  : send event count: 1
.AssertStatus   : send event count: 1
.Number         : send event count: 1
----------------- NpuCoreTempMinorInfo          -----------
ref count      : 1
----------------- SysRestart_Event_4            -----------
ref count      : 1
.EventCode      : send event count: 1
----------------- Mem011ConfigErrMntr           -----------
ref count      : 1
.State          : listened by port : 294920, 
----------------- PCIePowerUpPeakPlcy           -----------
ref count      : 1
----------------- led_fan1F_pres                -----------
ref count      : 1
----------------- RtcClockInfo                  -----------
ref count      : 1
----------------- RearBackplanePortBMntr-e      -----------
ref count      : 1
.State          : listened by port : 294920, 
----------------- FanRedundancyExpr             -----------
ref count      : 1
.Value          : send event count: 1 : recv event count: 1 : listened by port : 294920, 
----------------- LedTestAccessor               -----------
ref count      : 1
----------------- pg_p1v35_p1v5_mon-1           -----------
ref count      : 1
----------------- RaidCardRemovedPlcy           -----------
ref count      : 1
----------------- Disk5Listen_0-2               -----------
ref count      : 1
----------------- PsStatus-5                    -----------
ref count      : 1
.InnerName      : send event count: 1
.TypeLengthCode : send event count: 1
.SensorName     : send event count: 1
.Health         : listened by port : 688148, 294920, 
.ReadingStatus  : send event count: 1
.AssertStatus   : send event count: 2
.Number         : send event count: 1
----------------- InletTempMntrExpr-801         -----------
ref count      : 1
.Value          : send event count: 90674 : recv event count: 90674 : listened by port : 294920, 
----------------- PCIeOMTempPlcy                -----------
ref count      : 1
----------------- PCIeHardwareFaultMajorInfo    -----------
ref count      : 1
----------------- SysRestart_Event_5            -----------
ref count      : 1
.EventCode      : send event count: 1
----------------- MutualAuthRootCertMonitor11   -----------
ref count      : 1
----------------- pwr_issue_51_exp              -----------
ref count      : 1
.Value          : listened by port : 294920, 
----------------- ComMemory041                  -----------
ref count      : 1
.Health         : listened by port : 294920, 
----------------- InletTempMntrExpr-802         -----------
ref count      : 1
.Value          : send event count: 87163 : recv event count: 87163 : listened by port : 294920, 
----------------- SysRestart_Event_6            -----------
ref count      : 1
.EventCode      : send event count: 1
----------------- PsStatus-6                    -----------
ref count      : 1
.InnerName      : send event count: 1
.TypeLengthCode : send event count: 1
.SensorName     : send event count: 1
.Health         : listened by port : 688148, 294920, 
.ReadingStatus  : send event count: 1
.AssertStatus   : send event count: 2
.Number         : send event count: 1
----------------- Fan3FPresence                 -----------
ref count      : 1
.TypeLengthCode : send event count: 1
.Health         : listened by port : 688148, 294920, 
.ReadingStatus  : send event count: 1
.AssertStatus   : send event count: 1
.Number         : send event count: 1
----------------- FdmWebConfig                  -----------
ref count      : 1
----------------- pwr_issue_40_exp              -----------
ref count      : 1
.Value          : listened by port : 294920, 
----------------- pwr_issue_62_exp              -----------
ref count      : 1
.Value          : listened by port : 294920, 
----------------- ComMemory040                  -----------
ref count      : 1
.Health         : listened by port : 294920, 
----------------- led_pwr_issue50               -----------
ref count      : 1
----------------- Memory160ReplaceMntr          -----------
ref count      : 1
.State          : listened by port : 294920, 
----------------- SasSlimLinePresInfo           -----------
ref count      : 1
----------------- led_Mem031RemovedMntr         -----------
ref count      : 1
----------------- VDDFIX_VOLT_CPU1              -----------
ref count      : 1
.SensorUnitStr  : send event count: 1
.NegativeHysteresisConvert : send event count: 1
.ReaddingConvert : send event count: 122890
.ReadingStatus  : send event count: 1
.Number         : send event count: 1
.Health         : listened by port : 688148, 294920, 
.PositiveHysteresisConvert : send event count: 1
.TypeLengthCode : send event count: 1
----------------- pca9545_chan2-8               -----------
ref count      : 1
----------------- PCIeRaidComLossInfo           -----------
ref count      : 1
----------------- HddBkpReplaceMntr-2           -----------
ref count      : 1
.State          : listened by port : 294920, 
----------------- PCIeCardCpuTempAlertInfo      -----------
ref count      : 1
----------------- IntrusionEvent_0              -----------
ref count      : 1
.EventCode      : send event count: 1
----------------- led_pwr_issue51               -----------
ref count      : 1
----------------- 1V2_H1_PwrCirAbl_Exp          -----------
ref count      : 1
.Value          : listened by port : 294920, 
----------------- VDDFIX_VOLT_CPU2              -----------
ref count      : 1
.SensorUnitStr  : send event count: 1
.NegativeHysteresisConvert : send event count: 1
.ReaddingConvert : send event count: 142196
.ReadingStatus  : send event count: 1
.Number         : send event count: 1
.Health         : listened by port : 688148, 294920, 
.PositiveHysteresisConvert : send event count: 1
.TypeLengthCode : send event count: 1
----------------- Fan4FPresence                 -----------
ref count      : 1
.TypeLengthCode : send event count: 1
.Health         : listened by port : 688148, 294920, 
.ReadingStatus  : send event count: 1
.AssertStatus   : send event count: 1
.Number         : send event count: 1
----------------- pca9545_chan2-9               -----------
ref count      : 1
----------------- HddMediaWearoutLowPolicy      -----------
ref count      : 1
----------------- Fan3FRemovedMntr              -----------
ref count      : 1
.State          : send event count: 1 : recv event count: 1 : listened by port : 294920, 
----------------- led_pwr_issue52               -----------
ref count      : 1
----------------- 1V2_H2_PwrCirAbnormal         -----------
ref count      : 1
----------------- dft_item_mcu_selftest-801     -----------
ref count      : 1
----------------- Cpu1QPIPFAPort1Mntr           -----------
ref count      : 1
.State          : listened by port : 294920, 
----------------- led_pwr_issue53               -----------
ref count      : 1
----------------- CertSignWeakInfo              -----------
ref count      : 1
----------------- BaseCPULowInfo                -----------
ref count      : 1
----------------- FrontDiskBPInfo               -----------
ref count      : 1
----------------- SasConnectErrInfo             -----------
ref count      : 1
----------------- Port4LinkDownMntr-3           -----------
ref count      : 1
.State          : send event count: 2 : recv event count: 2 : listened by port : 294920, 
.Time           : send event count: 1
----------------- led_pwr_issue54               -----------
ref count      : 1
----------------- ComButton                     -----------
ref count      : 1
.Health         : listened by port : 294920, 
----------------- FabricLSWTempMajorInfo        -----------
ref count      : 1
----------------- lm75_MB_temp                  -----------
ref count      : 1
----------------- dft_item_mcu_selftest-802     -----------
ref count      : 1
----------------- dft_item_cpu2mem01_volt       -----------
ref count      : 1
----------------- led_Mem060ECCMntr             -----------
ref count      : 1
----------------- Port4LinkDownMntr-4           -----------
ref count      : 1
.State          : send event count: 2 : recv event count: 2 : listened by port : 294920, 
.Time           : send event count: 1
----------------- led_pwr_issue55               -----------
ref count      : 1
----------------- Hdd11PredicFailMntr-2         -----------
ref count      : 1
.State          : listened by port : 294920, 
----------------- MutualAuthRootCrlMonitor1     -----------
ref count      : 1
----------------- Hdd4PredicFailMntr-2          -----------
ref count      : 1
.State          : listened by port : 294920, 
----------------- CpuUsageHighInfo              -----------
ref count      : 1
----------------- LedTubeDftTest                -----------
ref count      : 1
----------------- MutualAuthRootCrlMonitor2     -----------
ref count      : 1
----------------- SystemError                   -----------
ref count      : 1
.TypeLengthCode : send event count: 1
.Health         : listened by port : 688148, 294920, 
.ReadingStatus  : send event count: 1
.AssertStatus   : send event count: 1
.Number         : send event count: 1
----------------- led_dimm030                   -----------
ref count      : 1
----------------- CardExp-901                   -----------
ref count      : 1
.Value          : recv event count: 2 : listened by port : 294920, 
----------------- ScanAfterBios                 -----------
ref count      : 1
----------------- led_dimm110_mntr              -----------
ref count      : 1
----------------- RiserCardVoltLowInfo          -----------
ref count      : 1
----------------- CpuDDRVPP_ABLowInfo           -----------
ref count      : 1
----------------- HddInner1Flash_exp-2          -----------
ref count      : 1
.Value          : listened by port : 294920, 
----------------- FabHeartAbnorInfo             -----------
ref count      : 1
----------------- led_Mem160ECCMntr             -----------
ref count      : 1
----------------- USBIoutOcFaultInfo            -----------
ref count      : 1
----------------- MezzVoltPlcy                  -----------
ref count      : 1
----------------- i2c4_pca9545_chip             -----------
ref count      : 1
----------------- LSWFaultPlcy                  -----------
ref count      : 1
----------------- led_HddIn3InsertMntr-2        -----------
ref count      : 1
----------------- Dimm020                       -----------
ref count      : 1
.TypeLengthCode : send event count: 1
.Health         : listened by port : 688148, 294920, 
.ReadingStatus  : send event count: 1
.AssertStatus   : send event count: 2
.Number         : send event count: 1
----------------- HddInner3RemovedMntr-2        -----------
ref count      : 1
.State          : send event count: 1 : recv event count: 1 : listened by port : 294920, 
----------------- OutletTempMinorInfo           -----------
ref count      : 1
----------------- SasCableMixLoopExp            -----------
ref count      : 1
.Value          : listened by port : 294920, 
----------------- Hdd7WearoutExp-2              -----------
ref count      : 1
.Value          : send event count: 1 : recv event count: 1 : listened by port : 294920, 
----------------- led_dimm031                   -----------
ref count      : 1
----------------- 12V0_4PwrCirAblMntr           -----------
ref count      : 1
.State          : listened by port : 294920, 
----------------- MutualAuthRootCrlMonitor4     -----------
ref count      : 1
----------------- PsPresencePlcy                -----------
ref count      : 1
----------------- RaidBoardIDPlcy               -----------
ref count      : 1
----------------- EntityDimm150                 -----------
ref count      : 1
.PowerState     : send event count: 1
.EnableState    : send event count: 2
.Health         : listened by port : 294920, 
----------------- Dimm021                       -----------
ref count      : 1
.TypeLengthCode : send event count: 1
.Health         : listened by port : 688148, 294920, 
.ReadingStatus  : send event count: 1
.AssertStatus   : send event count: 1
.Number         : send event count: 1
----------------- PU_Pre_Event_0                -----------
ref count      : 1
.EventCode      : send event count: 1
----------------- MutualAuthRootCrlMonitor5     -----------
ref count      : 1
----------------- Cpu1PresencePlcy              -----------
ref count      : 1
----------------- PwrFaultMntr65-2              -----------
ref count      : 1
.State          : listened by port : 294920, 
----------------- Hdd8MdWroutLowMntr-2          -----------
ref count      : 1
.State          : listened by port : 294920, 
----------------- 0V6_1_PwrCirAbnormal          -----------
ref count      : 1
----------------- EntityDimm151                 -----------
ref count      : 1
.PowerState     : send event count: 1
.EnableState    : send event count: 2
.Health         : listened by port : 294920, 
----------------- MRCFatalErrInfo               -----------
ref count      : 1
----------------- 100M1ClockMonitor             -----------
ref count      : 1
.MonSenValue    : listened by port : 294920, 
----------------- dft_item_button_test-802      -----------
ref count      : 1
----------------- MutualAuthRootCrlMonitor6     -----------
ref count      : 1
----------------- NPUEccCountMajorInfo          -----------
ref count      : 1
----------------- link_status_3-3               -----------
ref count      : 1
.TypeLengthCode : send event count: 1
.SensorName     : send event count: 1
.Health         : listened by port : 688148, 294920, 
.ReadingStatus  : send event count: 1
.AssertStatus   : send event count: 2
.Number         : send event count: 1
----------------- RaidCardBBUTempExpr-1         -----------
ref count      : 1
.Value          : send event count: 62509 : recv event count: 62509 : listened by port : 294920, 
----------------- SYSMemCfgErrorCond            -----------
ref count      : 1
----------------- Cpu1Vddq1HighWarningMntr      -----------
ref count      : 1
.State          : listened by port : 294920, 
----------------- MutualAuthRootCrlMonitor7     -----------
ref count      : 1
----------------- 0V9_2_PwrCirAbnormal          -----------
ref count      : 1
----------------- Cpu1DdrVddq1LowMntr           -----------
ref count      : 1
.State          : listened by port : 294920, 
----------------- link_status_3-4               -----------
ref count      : 1
.TypeLengthCode : send event count: 1
.SensorName     : send event count: 1
.Health         : listened by port : 688148, 294920, 
.ReadingStatus  : send event count: 1
.AssertStatus   : send event count: 2
.Number         : send event count: 1
----------------- ASICEvent_1                   -----------
ref count      : 1
.EventCode      : send event count: 1
----------------- ComHdd4-2                     -----------
ref count      : 1
.Health         : listened by port : 294920, 
----------------- PCIePowerSupplyAbnPlcy        -----------
ref count      : 1
----------------- Cpu2Temp_category             -----------
ref count      : 1
----------------- Disk10MissingMntr-2           -----------
ref count      : 1
.State          : listened by port : 294920, 
----------------- 0V8_VDD2_PwrCirAbl_Exp        -----------
ref count      : 1
.Value          : listened by port : 294920, 
----------------- cpu2_vrd2_chip                -----------
ref count      : 1
----------------- BasePlanePowerOnReqInfo       -----------
ref count      : 1
----------------- LedTubeIntelligenceDftTest    -----------
ref count      : 1
----------------- CpuPFAEPlcy                   -----------
ref count      : 1
----------------- MutualAuthRootCrlMonitor8     -----------
ref count      : 1
----------------- PwrOkSigDrop_Listen_0         -----------
ref count      : 1
----------------- VoutOvFaultInfo               -----------
ref count      : 1
----------------- NCCDRCfgPlcy                  -----------
ref count      : 1
----------------- MeInfo                        -----------
ref count      : 1
.CpuTjmax       : listened by port : 688148, 
----------------- RackPwrCapHighLoadPlcy        -----------
ref count      : 1
----------------- PICCard1VFailInfo             -----------
ref count      : 1
----------------- SD6603TempPlcy                -----------
ref count      : 1
----------------- BmcEventSelClearedMntr        -----------
ref count      : 1
.State          : listened by port : 294920, 
----------------- GpuCarrBrdHddVoltFailPlcy     -----------
ref count      : 1
----------------- Cpu2Vddq1HighWarningMntr      -----------
ref count      : 1
.State          : listened by port : 294920, 
----------------- led_Hdd7RbdStartMntr-2        -----------
ref count      : 1
----------------- MutualAuthRootCrlMonitor3     -----------
ref count      : 1
----------------- vcc_12v3_volt_test            -----------
ref count      : 1
.VoltValue      : send event count: 1
----------------- TimOutRestartInfo             -----------
ref count      : 1
----------------- HddInner3FlashMntr-2          -----------
ref count      : 1
.State          : listened by port : 294920, 
----------------- DiskRAIDPHYInfo               -----------
ref count      : 1
----------------- led_Hdd10FailAryMntr-2        -----------
ref count      : 1
----------------- led_ComMemory140              -----------
ref count      : 1
----------------- PwrIin16_coefficient0-5       -----------
ref count      : 1
.Value          : send event count: 6018245 : recv event count: 6018245 : listened by port : 294920, 
----------------- Disk11Listen_1-2              -----------
ref count      : 1
----------------- ChMirrorFailPlcy              -----------
ref count      : 1
----------------- Ch4MirrorFailInfo             -----------
ref count      : 1
----------------- BBUCellLowTempMajInfo         -----------
ref count      : 1
----------------- MutualAuthRootCrlMonitor9     -----------
ref count      : 1
----------------- CpuTempMinorInfo              -----------
ref count      : 1
----------------- led_ComMemory141              -----------
ref count      : 1
----------------- PwrIin16_coefficient0-6       -----------
ref count      : 1
.Value          : send event count: 6134585 : recv event count: 6134585 : listened by port : 294920, 
----------------- RS485Out12VGetFailInfo        -----------
ref count      : 1
----------------- Cpu2ErrorMntr                 -----------
ref count      : 1
.State          : listened by port : 294920, 
----------------- IOLostPowerInfo               -----------
ref count      : 1
----------------- Cpu2MemListen_0A              -----------
ref count      : 1
----------------- i2c1_Riser3_pca9545_chip      -----------
ref count      : 1
----------------- Memory000ReplaceMntr          -----------
ref count      : 1
.State          : listened by port : 294920, 
----------------- MemBrdPairPlcy                -----------
ref count      : 1
----------------- led_Mem171UncorrectMntr       -----------
ref count      : 1
----------------- Disk11ForeignMntr-2           -----------
ref count      : 1
.State          : listened by port : 294920, 
----------------- PcieCardReplaceMntr-801       -----------
ref count      : 1
.Mode           : send event count: 1
.Reading        : send event count: 1
.EventFRU       : send event count: 1
.SavedMode      : send event count: 1
.State          : send event count: 1 : recv event count: 1 : listened by port : 294920, 
.SubjectObj     : send event count: 1
.SavedReading   : send event count: 1
.DescriptionDynamic : send event count: 1
.ScannedCount   : send event count: 1
.PolicyObj      : send event count: 1
.SuggestionDynamic : send event count: 1
.SensorObj      : send event count: 1
.Threshold      : send event count: 1
.InformationObj : send event count: 1
.ReadingMask    : send event count: 1
.Operator       : send event count: 1
.Hysteresis     : send event count: 1
.AddInfo        : send event count: 1
.Time           : send event count: 1
----------------- CpuTempFailedPlcy             -----------
ref count      : 1
----------------- DiskInner2Listen_6-2          -----------
ref count      : 1
----------------- RightEar_present_mon          -----------
ref count      : 1
.MonSenValue    : listened by port : 294920, 
.RegValue       : send event count: 1
----------------- pg_p1v8_3v3_mon-1             -----------
ref count      : 1
----------------- FanCableInfo                  -----------
ref count      : 1
----------------- HddBackplaneFru-2             -----------
ref count      : 1
----------------- dft_item_selfheal_test-801    -----------
ref count      : 1
----------------- Memory111ReplaceMntr          -----------
ref count      : 1
.State          : listened by port : 294920, 
----------------- Disk1DevFault-2               -----------
ref count      : 1
.Value          : send event count: 2 : recv event count: 2 : listened by port : 294920, 
----------------- VoltageEvent_10               -----------
ref count      : 1
.EventCode      : send event count: 1
----------------- CpldSelfcheckInfo             -----------
ref count      : 1
----------------- PcieCardReplaceMntr-802       -----------
ref count      : 1
.Mode           : send event count: 1
.Reading        : send event count: 1
.EventFRU       : send event count: 1
.SavedMode      : send event count: 1
.State          : send event count: 1 : recv event count: 1 : listened by port : 294920, 
.SubjectObj     : send event count: 1
.SavedReading   : send event count: 1
.DescriptionDynamic : send event count: 1
.ScannedCount   : send event count: 1
.PolicyObj      : send event count: 1
.SuggestionDynamic : send event count: 1
.SensorObj      : send event count: 1
.Threshold      : send event count: 1
.InformationObj : send event count: 1
.ReadingMask    : send event count: 1
.Operator       : send event count: 1
.Hysteresis     : send event count: 1
.AddInfo        : send event count: 1
.Time           : send event count: 1
----------------- SSDCardTempMajorInfo          -----------
ref count      : 1
----------------- LpcTest                       -----------
ref count      : 1
----------------- Disk2StatErrMntr-2            -----------
ref count      : 1
.State          : listened by port : 294920, 
----------------- PCIeDisklostInfo              -----------
ref count      : 1
----------------- Cpu1ErrorMntr                 -----------
ref count      : 1
.State          : listened by port : 294920, 
----------------- Port1LinkStatusMon-3          -----------
ref count      : 1
.MonSenValue    : send event count: 109 : recv event count: 109 : listened by port : 294920, 
----------------- Sys1_5VGetFailInfo            -----------
ref count      : 1
----------------- RiserCardReplaceMntr-8        -----------
ref count      : 1
.State          : listened by port : 294920, 
----------------- led_Cpu1CoreTempMinorMntr     -----------
ref count      : 1
----------------- Port3BWUsageHighMon-3         -----------
ref count      : 1
.MonSenValue    : listened by port : 294920, 
----------------- Disk6StatErrMntr-2            -----------
ref count      : 1
.State          : listened by port : 294920, 
----------------- CpuVRDTempFailPlcy            -----------
ref count      : 1
----------------- Mem041ECCMntr                 -----------
ref count      : 1
.State          : listened by port : 294920, 
----------------- BBUbatterylowInfo             -----------
ref count      : 1
----------------- Disk1Listen_7-2               -----------
ref count      : 1
----------------- PSCapacityLowInfo             -----------
ref count      : 1
----------------- Port1LinkStatusMon-4          -----------
ref count      : 1
.MonSenValue    : send event count: 121 : recv event count: 121 : listened by port : 294920, 
----------------- MezzOpaVccFaild               -----------
ref count      : 1
----------------- NPUFailedVoltageInfo          -----------
ref count      : 1
----------------- M2ZoneTempMinorInfo           -----------
ref count      : 1
----------------- Port3BWUsageHighMon-4         -----------
ref count      : 1
.MonSenValue    : listened by port : 294920, 
----------------- M2Disk1FlashMntr              -----------
ref count      : 1
.State          : listened by port : 294920, 
----------------- RiserCardReplaceMntr-9        -----------
ref count      : 1
.State          : listened by port : 294920, 
----------------- WatchdogTimOutPlcy            -----------
ref count      : 1
----------------- Disk6FailMntr-2               -----------
ref count      : 1
.State          : listened by port : 294920, 
----------------- CpuChannelFdmFaultPlcy        -----------
ref count      : 1
----------------- bbu_ac_lost_exp               -----------
ref count      : 1
.Value          : send event count: 1 : listened by port : 294920, 
.Y              : send event count: 1
----------------- Mem141ECCMntr                 -----------
ref count      : 1
.State          : listened by port : 294920, 
----------------- NCPortInfo                    -----------
ref count      : 1
----------------- MezzSys1_5VLowInfo            -----------
ref count      : 1
----------------- Disk7Listen_2-2               -----------
ref count      : 1
----------------- VoltageEvent_11               -----------
ref count      : 1
.EventCode      : send event count: 1
----------------- Memory171                     -----------
ref count      : 1
.FDMFault       : listened by port : 294920, 
.ReplaceFlag    : listened by port : 294920, 
----------------- Memory170                     -----------
ref count      : 1
.FDMFault       : listened by port : 294920, 
.ReplaceFlag    : listened by port : 294920, 
----------------- EntityCpu1                    -----------
ref count      : 1
.PowerState     : send event count: 1
.EnableState    : send event count: 2
.Health         : listened by port : 294920, 
----------------- Disk10Listen_1_Exp1-2         -----------
ref count      : 1
.Value          : listened by port : 294920, 
----------------- SSLCert11CertMonitor          -----------
ref count      : 1
----------------- M2Disk2FlashMntr              -----------
ref count      : 1
.State          : listened by port : 294920, 
----------------- MosMajorChipFaultInfo         -----------
ref count      : 1
----------------- EntityCpu2                    -----------
ref count      : 1
.PowerState     : send event count: 1
.EnableState    : send event count: 2
.Health         : listened by port : 294920, 
----------------- SwitchMezzFaultInfo           -----------
ref count      : 1
----------------- Cpu2VddfixHighWaringMntr      -----------
ref count      : 1
.State          : listened by port : 294920, 
----------------- dbd_contbin_H5L5              -----------
ref count      : 1
----------------- SysRaidHighInfo               -----------
ref count      : 1
----------------- sel_log_area                  -----------
ref count      : 1
.Value          : send event count: 41 : recv event count: 40 : listened by port : 294920, 
----------------- 12V_2_Volt_Error              -----------
ref count      : 1
.Value          : listened by port : 294920, 
----------------- Disk0StatErrExp-2             -----------
ref count      : 1
.Value          : send event count: 2 : recv event count: 2 : listened by port : 294920, 
----------------- SSDTempReadFailInfo           -----------
ref count      : 1
----------------- SFPTempFailDebounce           -----------
ref count      : 1
.MonSenValue    : listened by port : 294920, 
----------------- PcieBBUPlcy                   -----------
ref count      : 1
----------------- GpuBrdMosVolAbnormalInfo      -----------
ref count      : 1
----------------- PCHTempPlcy                   -----------
ref count      : 1
----------------- MotherBoardLswChipFaultInfo   -----------
ref count      : 1
----------------- dft_item_button_test-801      -----------
ref count      : 1
----------------- MezzSys2_5VFailInfo           -----------
ref count      : 1
----------------- CpuMemVpp2LowInfo             -----------
ref count      : 1
----------------- CpuBistFailPlcy               -----------
ref count      : 1
----------------- dft_item_selfheal_test-802    -----------
ref count      : 1
----------------- RemoteHttpsCertOverDueMntr_1  -----------
ref count      : 1
.State          : listened by port : 294920, 
----------------- Cpu1VddfixHighWaringMntr      -----------
ref count      : 1
.State          : listened by port : 294920, 
----------------- 1V2_3_PwrCirAbl_Exp           -----------
ref count      : 1
.Value          : listened by port : 294920, 
----------------- ComNICCard-3                  -----------
ref count      : 1
.Health         : listened by port : 294920, 
----------------- Stby5VGetFailInfo             -----------
ref count      : 1
----------------- HddInner1InsertMntr-2         -----------
ref count      : 1
.State          : send event count: 1 : recv event count: 1 : listened by port : 294920, 
----------------- led_Hdd3RbdStartMntr-2        -----------
ref count      : 1
----------------- Hi1710IBus                    -----------
ref count      : 1
----------------- RemoteHttpsCertOverDueMntr_2  -----------
ref count      : 1
.State          : listened by port : 294920, 
----------------- Disk9Listen_1_Exp1-2          -----------
ref count      : 1
.Value          : listened by port : 294920, 
----------------- VceTest                       -----------
ref count      : 1
----------------- Mem030RemovedMntr             -----------
ref count      : 1
.State          : send event count: 1 : recv event count: 1 : listened by port : 294920, 
----------------- led_Hdd7RebuildEndMntr-2      -----------
ref count      : 1
----------------- Cpu0ExceptionFlag             -----------
ref count      : 1
.Value          : listened by port : 294920, 
----------------- ComNICCard-4                  -----------
ref count      : 1
.Health         : listened by port : 294920, 
----------------- CertOverDue_1                 -----------
ref count      : 1
----------------- RemoteHttpsCertOverDueMntr_3  -----------
ref count      : 1
.State          : listened by port : 294920, 
----------------- pwr_issue_09_exp              -----------
ref count      : 1
.Value          : listened by port : 294920, 
----------------- PCIeSwKeyRegfailInfo          -----------
ref count      : 1
----------------- Ch0MirrorFailInfo             -----------
ref count      : 1
----------------- AgPortCableInfo               -----------
ref count      : 1
----------------- InletTempUpperMinorMntr       -----------
ref count      : 1
.State          : listened by port : 294920, 
----------------- Mem141RemovedMntr             -----------
ref count      : 1
.State          : send event count: 1 : recv event count: 1 : listened by port : 294920, 
----------------- RiserCardRemovedInfo          -----------
ref count      : 1
----------------- ComMemory050                  -----------
ref count      : 1
.Health         : listened by port : 294920, 
----------------- RemoteHttpsCertOverDueMntr_4  -----------
ref count      : 1
.State          : listened by port : 294920, 
----------------- Cpu1MemCfgErrorCond           -----------
ref count      : 1
----------------- led_Mem130RemovedMntr         -----------
ref count      : 1
----------------- led_Mem140UncorrectMntr       -----------
ref count      : 1
----------------- BladeRequestPSUInfo           -----------
ref count      : 1
----------------- ComMemory051                  -----------
ref count      : 1
.Health         : listened by port : 294920, 
----------------- RemoteHttpsCertOverDueMntr_5  -----------
ref count      : 1
.State          : listened by port : 294920, 
----------------- BMCBootup_listen_1            -----------
ref count      : 1
----------------- CpuDdrVddq2HighInfo           -----------
ref count      : 1
----------------- Riser2CardInstalledMntr       -----------
ref count      : 1
.State          : send event count: 1 : recv event count: 1 : listened by port : 294920, 
----------------- FanRemovedPlcy                -----------
ref count      : 1
----------------- led_Mem131UncorrectMntr       -----------
ref count      : 1
----------------- ExtraModelAccessor            -----------
ref count      : 1
----------------- SECFeatureKey                 -----------
ref count      : 1
----------------- RemoteHttpsCertOverDueMntr_6  -----------
ref count      : 1
.State          : listened by port : 294920, 
----------------- MMIOResoureNotEnoughPlcy      -----------
ref count      : 1
----------------- VoutOvWarningInfo-5           -----------
ref count      : 1
----------------- ComHdd11-2                    -----------
ref count      : 1
.Health         : listened by port : 294920, 
----------------- RiserCardStdbyVoltPlcy        -----------
ref count      : 1
----------------- SecurityModuleSelfTestPlcy    -----------
ref count      : 1
----------------- Sys5VGetFailInfo              -----------
ref count      : 1
----------------- SystemErrorMntr               -----------
ref count      : 1
.State          : listened by port : 294920, 
----------------- EXInletTempPlcy               -----------
ref count      : 1
----------------- Hdd6InsertMntr-2              -----------
ref count      : 1
.State          : send event count: 1 : recv event count: 1 : listened by port : 294920, 
----------------- RemoteHttpsCertOverDueMntr_7  -----------
ref count      : 1
.State          : listened by port : 294920, 
----------------- VoutOvWarningInfo-6           -----------
ref count      : 1
----------------- Mem160InstalledMntr           -----------
ref count      : 1
.State          : send event count: 1 : recv event count: 1 : listened by port : 294920, 
----------------- Hdd6-2                        -----------
ref count      : 1
.RebuildState   : listened by port : 294920, 
.Presence       : listened by port : 294920, 
.Id             : listened by port : 229382, 491534, 
.ReplaceFlag    : listened by port : 294920, 
----------------- HighPerformModeInletExp       -----------
ref count      : 1
.Value          : listened by port : 294920, 
----------------- PCIeOverCurMntr-901           -----------
ref count      : 1
.Mode           : send event count: 1
.Reading        : send event count: 1
.EventFRU       : send event count: 1
.SavedMode      : send event count: 1
.State          : send event count: 1 : recv event count: 1 : listened by port : 294920, 
.SubjectObj     : send event count: 1
.SavedReading   : send event count: 1
.DescriptionDynamic : send event count: 1
.ScannedCount   : send event count: 1
.PolicyObj      : send event count: 1
.SuggestionDynamic : send event count: 1
.SensorObj      : send event count: 1
.Threshold      : send event count: 1
.InformationObj : send event count: 1
.ReadingMask    : send event count: 1
.Operator       : send event count: 1
.Hysteresis     : send event count: 1
.AddInfo        : send event count: 1
.Time           : send event count: 1
----------------- Fan3FStatus                   -----------
ref count      : 1
.TypeLengthCode : send event count: 1
.Health         : listened by port : 688148, 294920, 
.ReadingStatus  : send event count: 1
.AssertStatus   : send event count: 1
.Number         : send event count: 1
----------------- PCIeOverCurMntr-902           -----------
ref count      : 1
.Mode           : send event count: 1
.Reading        : send event count: 1
.EventFRU       : send event count: 1
.SavedMode      : send event count: 1
.State          : send event count: 1 : recv event count: 1 : listened by port : 294920, 
.SubjectObj     : send event count: 1
.SavedReading   : send event count: 1
.DescriptionDynamic : send event count: 1
.ScannedCount   : send event count: 1
.PolicyObj      : send event count: 1
.SuggestionDynamic : send event count: 1
.SensorObj      : send event count: 1
.Threshold      : send event count: 1
.InformationObj : send event count: 1
.ReadingMask    : send event count: 1
.Operator       : send event count: 1
.Hysteresis     : send event count: 1
.AddInfo        : send event count: 1
.Time           : send event count: 1
----------------- RemoteHttpsCertOverDueMntr_8  -----------
ref count      : 1
.State          : listened by port : 294920, 
----------------- cpu2mem345_volt_exp           -----------
ref count      : 1
.Value          : send event count: 3112535 : recv event count: 3112534 : listened by port : 294920, 
.X              : send event count: 3112535
----------------- DiskIn1StatErrMntr-2          -----------
ref count      : 1
.State          : listened by port : 294920, 
----------------- FRUReadFailInfo               -----------
ref count      : 1
----------------- PICTempGetFailInfo            -----------
ref count      : 1
----------------- PCIeCardVoltageHighPlcy       -----------
ref count      : 1
----------------- Disk6Listen_0-2               -----------
ref count      : 1
----------------- AlertFilter_0                 -----------
ref count      : 1
----------------- PciePwrFailInfo               -----------
ref count      : 1
----------------- ChipSet_Event_7_1             -----------
ref count      : 1
.EventCode      : send event count: 1
----------------- AlertFilter_1                 -----------
ref count      : 1
----------------- HddInner1RAIDPHYMntr-2        -----------
ref count      : 1
.State          : listened by port : 294920, 
----------------- Cpu1MemFailMntr               -----------
ref count      : 1
.State          : listened by port : 294920, 
----------------- Mem140ConfigErrorCond         -----------
ref count      : 1
----------------- CpuVCoreHighInfo              -----------
ref count      : 1
----------------- AEPTempMinorInfo              -----------
ref count      : 1
----------------- AlertFilter_2                 -----------
ref count      : 1
----------------- RaidTempReadFailInfo          -----------
ref count      : 1
----------------- EnRackPowCapPlcy              -----------
ref count      : 1
----------------- SMezzPowerOnInfo              -----------
ref count      : 1
----------------- MemCfgErrorMajorInfo          -----------
ref count      : 1
----------------- AlertFilter_3                 -----------
ref count      : 1
----------------- MemMinorPrefailureInfo        -----------
ref count      : 1
----------------- MeshCardLinkHealthInfo        -----------
ref count      : 1
----------------- HddIn3RbdEndMntr-2            -----------
ref count      : 1
.State          : listened by port : 294920, 
----------------- HpcTypeCfgExpPlcy             -----------
ref count      : 1
----------------- DiskInner2Lsn_1_e2-2          -----------
ref count      : 1
.Value          : listened by port : 294920, 
----------------- JTAGTest                      -----------
ref count      : 1
----------------- Cpu2PFAEMntr                  -----------
ref count      : 1
.State          : listened by port : 294920, 
----------------- Mem030ConfigErrorCond         -----------
ref count      : 1
----------------- AlertFilter_4                 -----------
ref count      : 1
----------------- led_pwr_issue66               -----------
ref count      : 1
----------------- led_dimm040                   -----------
ref count      : 1
----------------- Mem001ConfigErrorCond         -----------
ref count      : 1
----------------- log_0                         -----------
ref count      : 1
----------------- DiskInner2-2                  -----------
ref count      : 1
.TypeLengthCode : send event count: 1
.Health         : listened by port : 688148, 294920, 
.ReadingStatus  : send event count: 1
.AssertStatus   : send event count: 1
.Number         : send event count: 1
----------------- Mem151InstalledMntr           -----------
ref count      : 1
.State          : send event count: 1 : recv event count: 1 : listened by port : 294920, 
----------------- Stdby1_05VFailInfo            -----------
ref count      : 1
----------------- MezzCardFaultPlcy             -----------
ref count      : 1
----------------- PcieStatus_Listen_0-901       -----------
ref count      : 1
.conversion     : send event count: 1
.SensorName     : send event count: 1
.Data1Ref       : send event count: 1
.Data2Ref       : send event count: 1
.ListenType     : send event count: 1
.PropertyRef    : send event count: 1
.DirectionRef   : send event count: 1
.Data0Ref       : send event count: 1
----------------- AlertFilter_5                 -----------
ref count      : 1
----------------- led_pwr_issue67               -----------
ref count      : 1
----------------- led_dimm041                   -----------
ref count      : 1
----------------- PCIeCardVoltageLowInfo        -----------
ref count      : 1
----------------- OcpBandWidthDecreaseInfo      -----------
ref count      : 1
----------------- SwiRemovedPlcy                -----------
ref count      : 1
----------------- Disk11StatErrExp-2            -----------
ref count      : 1
.Value          : listened by port : 294920, 
----------------- Dimm030                       -----------
ref count      : 1
.TypeLengthCode : send event count: 1
.Health         : listened by port : 688148, 294920, 
.ReadingStatus  : send event count: 1
.AssertStatus   : send event count: 2
.Number         : send event count: 1
----------------- SSLCertOverDueInLoop          -----------
ref count      : 1
.Value          : listened by port : 294920, 
----------------- dft_item_pca9555_raid-1       -----------
ref count      : 1
----------------- AlertFilter_6                 -----------
ref count      : 1
----------------- sys_total_power_coefficient0  -----------
ref count      : 1
.Value          : send event count: 18917881 : recv event count: 18917881 : listened by port : 294920, 
----------------- PcieStatus_Listen_0-902       -----------
ref count      : 1
.conversion     : send event count: 1
.SensorName     : send event count: 1
.Data1Ref       : send event count: 1
.Data2Ref       : send event count: 1
.ListenType     : send event count: 1
.PropertyRef    : send event count: 1
.DirectionRef   : send event count: 1
.Data0Ref       : send event count: 1
----------------- BbuAcLostAccessor             -----------
ref count      : 1
----------------- BootErrorAssert0_Exp          -----------
ref count      : 1
.Value          : listened by port : 294920, 
----------------- PCIeGetSwFailInfo             -----------
ref count      : 1
----------------- EntityDimm160                 -----------
ref count      : 1
.PowerState     : send event count: 1
.EnableState    : send event count: 2
.Health         : listened by port : 294920, 
----------------- Dimm031                       -----------
ref count      : 1
.TypeLengthCode : send event count: 1
.Health         : listened by port : 688148, 294920, 
.ReadingStatus  : send event count: 1
.AssertStatus   : send event count: 1
.Number         : send event count: 1
----------------- CpuVccioHighInfo              -----------
ref count      : 1
----------------- AlertFilter_7                 -----------
ref count      : 1
----------------- sys_total_power_coefficient1  -----------
ref count      : 1
.Value          : send event count: 100 : recv event count: 100 : listened by port : 294920, 
----------------- ProductIdExpr                 -----------
ref count      : 1
.Value          : listened by port : 294920, 
----------------- OutletTempFailMntr            -----------
ref count      : 1
.State          : listened by port : 294920, 
----------------- STBY3V3_2V5_PWFailInfo        -----------
ref count      : 1
----------------- CpuUtilise_Listen_1           -----------
ref count      : 1
----------------- pg_p0v9_mss_mon-1             -----------
ref count      : 1
----------------- EntityDimm161                 -----------
ref count      : 1
.PowerState     : send event count: 1
.EnableState    : send event count: 2
.Health         : listened by port : 294920, 
----------------- GPUInletTemp-902              -----------
ref count      : 1
.DeassertionMask : send event count: 1
.LowerNonrecoverable : send event count: 1
.NormalMax      : send event count: 1
.AssertionMask  : send event count: 1
.BaseUnit       : send event count: 1
.OwnerLun       : send event count: 1
.SensorTypeStr  : send event count: 1
.UpperCritical  : send event count: 1
.NominalReading : send event count: 1
.SensorUnitStr  : send event count: 2
.SensorType     : send event count: 1
.NegativeHysteresisConvert : send event count: 1
.DeassertStatus : send event count: 1
.LowerCritical  : send event count: 1
.M              : send event count: 1
.B              : send event count: 1
.LowerNonrecoverableConvert : send event count: 1
.ReaddingConvert : send event count: 96419
.LowerCriticalConvert : send event count: 1
.ReadingRaw     : send event count: 1
.LowerNoncritical : send event count: 1
.Function       : send event count: 1
.UpperCriticalConvert : send event count: 1
.PositiveHysteresis : send event count: 1
.UpperNonrecoverableConvert : send event count: 1
.DiscreteReadingMask : send event count: 1
.UpperNoncriticalConvert : send event count: 1
.EventReadingType : send event count: 1
.MinReading     : send event count: 1
.Capabilities   : send event count: 1
.SensorUnit     : send event count: 1
.ReadingStatus  : send event count: 102
.AssertStatus   : send event count: 1
.AnalogFlags    : send event count: 1
.SensorName     : send event count: 2
.Tolerance      : send event count: 1
.Number         : send event count: 2
.Health         : send event count: 1 : recv event count: 1 : listened by port : 688148, 294920, 
.InnerName      : send event count: 1
.EntityInstance : send event count: 1
.AccuracyExp    : send event count: 1
.PositiveHysteresisConvert : send event count: 1
.RBExp          : send event count: 1
.NormalMin      : send event count: 1
.Initialization : send event count: 1
.ModifierUnit   : send event count: 1
.LowerNoncriticalConvert : send event count: 1
.EntityId       : send event count: 1
.UpperNoncritical : send event count: 1
.UpperNonrecoverable : send event count: 1
.OwnerId        : send event count: 1
.Accuracy       : send event count: 1
.MaxReading     : send event count: 1
.TypeLengthCode : send event count: 2
.NegativeHysteresis : send event count: 1
----------------- Mem111ConfigErrorCond         -----------
ref count      : 1
----------------- sys_total_power_coefficient2  -----------
ref count      : 1
.Value          : send event count: 100 : recv event count: 100 : listened by port : 294920, 
----------------- PortUpgradeFailPlcy           -----------
ref count      : 1
----------------- Standby1VHighInfo             -----------
ref count      : 1
----------------- SasPCIeConErrInfo             -----------
ref count      : 1
----------------- BBUOverVoltageMajorInfo       -----------
ref count      : 1
----------------- GPUInletTemp-901              -----------
ref count      : 1
.DeassertionMask : send event count: 1
.LowerNonrecoverable : send event count: 1
.NormalMax      : send event count: 1
.AssertionMask  : send event count: 1
.BaseUnit       : send event count: 1
.OwnerLun       : send event count: 1
.SensorTypeStr  : send event count: 1
.UpperCritical  : send event count: 1
.NominalReading : send event count: 1
.SensorUnitStr  : send event count: 2
.SensorType     : send event count: 1
.NegativeHysteresisConvert : send event count: 1
.DeassertStatus : send event count: 1
.LowerCritical  : send event count: 1
.M              : send event count: 1
.B              : send event count: 1
.LowerNonrecoverableConvert : send event count: 1
.ReaddingConvert : send event count: 94598
.LowerCriticalConvert : send event count: 1
.ReadingRaw     : send event count: 1
.LowerNoncritical : send event count: 1
.Function       : send event count: 1
.UpperCriticalConvert : send event count: 1
.PositiveHysteresis : send event count: 1
.UpperNonrecoverableConvert : send event count: 1
.DiscreteReadingMask : send event count: 1
.UpperNoncriticalConvert : send event count: 1
.EventReadingType : send event count: 1
.MinReading     : send event count: 1
.Capabilities   : send event count: 1
.SensorUnit     : send event count: 1
.ReadingStatus  : send event count: 102
.AssertStatus   : send event count: 1
.AnalogFlags    : send event count: 1
.SensorName     : send event count: 2
.Tolerance      : send event count: 1
.Number         : send event count: 2
.Health         : send event count: 1 : recv event count: 1 : listened by port : 688148, 294920, 
.InnerName      : send event count: 1
.EntityInstance : send event count: 1
.AccuracyExp    : send event count: 1
.PositiveHysteresisConvert : send event count: 1
.RBExp          : send event count: 1
.NormalMin      : send event count: 1
.Initialization : send event count: 1
.ModifierUnit   : send event count: 1
.LowerNoncriticalConvert : send event count: 1
.EntityId       : send event count: 1
.UpperNoncritical : send event count: 1
.UpperNonrecoverable : send event count: 1
.OwnerId        : send event count: 1
.Accuracy       : send event count: 1
.MaxReading     : send event count: 1
.TypeLengthCode : send event count: 2
.NegativeHysteresis : send event count: 1
----------------- 0V8_2_PwrCirAblMntr           -----------
ref count      : 1
.State          : listened by port : 294920, 
----------------- led_Mem100UncorrectMntr       -----------
ref count      : 1
----------------- BBUFanFaultPlcy               -----------
ref count      : 1
----------------- Cpu2Memory                    -----------
ref count      : 1
.TypeLengthCode : send event count: 1
.Health         : listened by port : 688148, 294920, 
.ReadingStatus  : send event count: 1
.AssertStatus   : send event count: 1
.Number         : send event count: 1
----------------- pg_pptv_accessor-1            -----------
ref count      : 1
----------------- BoardIOPlugInInfo             -----------
ref count      : 1
----------------- CpuDDRVPP_CDGetFailedInfo     -----------
ref count      : 1
----------------- Cpu0ThermTripAccessor         -----------
ref count      : 1
----------------- NpuThermTripPlcy              -----------
ref count      : 1
----------------- ALBrdAbnormalPlcy             -----------
ref count      : 1
----------------- SSLCertDueStatus_exp_0        -----------
ref count      : 1
.Value          : listened by port : 294920, 
----------------- Cpu2MemCfgErrorMntr           -----------
ref count      : 1
.State          : listened by port : 294920, 
----------------- pca9545_chan2-e               -----------
ref count      : 1
----------------- DiskIn0StatErrExp-2           -----------
ref count      : 1
.Value          : listened by port : 294920, 
----------------- PowerDoubleExpr-801           -----------
ref count      : 1
.Value          : send event count: 785796 : recv event count: 802548 : listened by port : 294920, 
----------------- PowerOffTmMinExpr             -----------
ref count      : 1
.Value          : listened by port : 294920, 
----------------- RaidPres                      -----------
ref count      : 1
.TypeLengthCode : send event count: 1
.Health         : listened by port : 688148, 294920, 
.ReadingStatus  : send event count: 1
.AssertStatus   : send event count: 2
.Number         : send event count: 1
----------------- SSLCertDueStatus_exp_1        -----------
ref count      : 1
.Value          : listened by port : 294920, 
----------------- NandWrtieMntr                 -----------
ref count      : 1
.State          : listened by port : 294920, 
----------------- Hdd5RemovedMntr-2             -----------
ref count      : 1
.State          : send event count: 1 : recv event count: 1 : listened by port : 294920, 
----------------- Hdd6PredicFailMntr-2          -----------
ref count      : 1
.State          : listened by port : 294920, 
----------------- Mem120InstalledMntr           -----------
ref count      : 1
.State          : send event count: 1 : recv event count: 1 : listened by port : 294920, 
----------------- PowerDoubleExpr-802           -----------
ref count      : 1
.Value          : send event count: 796344 : recv event count: 813226 : listened by port : 294920, 
----------------- SMMToActivePlcy               -----------
ref count      : 1
----------------- Hdd9RemovedMntr-2             -----------
ref count      : 1
.State          : send event count: 4 : recv event count: 4 : listened by port : 294920, 
.Time           : send event count: 1
----------------- ComFan                        -----------
ref count      : 1
.Health         : listened by port : 294920, 
----------------- MezzTempGetFailInfo           -----------
ref count      : 1
----------------- Sys12VGetFailInfo             -----------
ref count      : 1
----------------- SSLCertDueStatus_exp_2        -----------
ref count      : 1
.Value          : listened by port : 294920, 
----------------- Mem171ConfigErrMntr           -----------
ref count      : 1
.State          : listened by port : 294920, 
----------------- led_Hdd2RemovedMntr-2         -----------
ref count      : 1
----------------- NpuHealthCriticalInfo         -----------
ref count      : 1
----------------- 5V0_R_PwrCirAbl_Exp           -----------
ref count      : 1
.Value          : listened by port : 294920, 
----------------- RaidCardInstalledPlcy         -----------
ref count      : 1
----------------- led_Hdd6RemovedMntr-2         -----------
ref count      : 1
----------------- pwr_latch_issue_09_exp        -----------
ref count      : 1
.Value          : listened by port : 294920, 
----------------- PcieFruFailInfo               -----------
ref count      : 1
----------------- led_ComMemory150              -----------
ref count      : 1
----------------- led_ComMemory151              -----------
ref count      : 1
----------------- SSLCertDueStatus_exp_3        -----------
ref count      : 1
.Value          : listened by port : 294920, 
----------------- MemPFAEPlcy                   -----------
ref count      : 1
----------------- Cpu2DdrVddq1HighMntr          -----------
ref count      : 1
.State          : listened by port : 294920, 
----------------- HDD_BP_status_Listen_2        -----------
ref count      : 1
----------------- led_RaidCardTemp-1            -----------
ref count      : 1
----------------- dft_VDDN_Test                 -----------
ref count      : 1
----------------- NpuTempFailedInfo             -----------
ref count      : 1
----------------- SecurityLogFull               -----------
ref count      : 1
.TypeLengthCode : send event count: 1
.Health         : listened by port : 688148, 294920, 
.ReadingStatus  : send event count: 1
.AssertStatus   : send event count: 25
.Number         : send event count: 1
----------------- Lom2Port2LinkAccessor-3       -----------
ref count      : 1
----------------- PCIeOverCurLimitPlcy          -----------
ref count      : 1
----------------- GpuCarrBoardVoltGetFailPlcy   -----------
ref count      : 1
----------------- SasCableBErrInLoop-2          -----------
ref count      : 1
.Value          : listened by port : 294920, 
----------------- Hdd0ExpPHYMntr-2              -----------
ref count      : 1
.State          : listened by port : 294920, 
----------------- MemBakInfo                    -----------
ref count      : 1
----------------- raid_error_exp_3-1            -----------
ref count      : 1
.Value          : listened by port : 294920, 
----------------- SwitchBrdClkPSUInfo           -----------
ref count      : 1
----------------- Lom2Port2LinkAccessor-4       -----------
ref count      : 1
----------------- led_Mem171ECCMntr             -----------
ref count      : 1
----------------- CpuDDRVPP_ABGetFailedInfo     -----------
ref count      : 1
----------------- Cpu2VsaFailMntr               -----------
ref count      : 1
.State          : listened by port : 294920, 
----------------- Hdd1RemovedMntr-2             -----------
ref count      : 1
.State          : send event count: 5 : recv event count: 5 : listened by port : 294920, 
.Time           : send event count: 2
----------------- GpuCarrBoardVoltHighInfo      -----------
ref count      : 1
----------------- pg_p3v3mr_exp-1               -----------
ref count      : 1
.Value          : send event count: 1 : recv event count: 1 : listened by port : 294920, 
----------------- CpuVRDTempMinorInfo           -----------
ref count      : 1
----------------- EntityDiskInner3-2            -----------
ref count      : 1
.Health         : listened by port : 294920, 
----------------- led_Mem050InstalledMntr       -----------
ref count      : 1
----------------- pg_p1v8_3v3_accessor-1        -----------
ref count      : 1
----------------- Mainboard1VHighInfo           -----------
ref count      : 1
----------------- NandWritePlcy                 -----------
ref count      : 1
----------------- PCIePowerUpReInfo             -----------
ref count      : 1
----------------- HddIn2RbdStartMntr-2          -----------
ref count      : 1
.State          : listened by port : 294920, 
----------------- led_Mem041InstalledMntr       -----------
ref count      : 1
----------------- CpuBrdTempMinorInfo           -----------
ref count      : 1
----------------- CPUJCFaultInfo                -----------
ref count      : 1
----------------- CpuRemovedInfo                -----------
ref count      : 1
----------------- Mem111InstalledMntr           -----------
ref count      : 1
.State          : send event count: 1 : recv event count: 1 : listened by port : 294920, 
----------------- STBY3V3_2V5_Exp               -----------
ref count      : 1
.Value          : listened by port : 294920, 
----------------- vcc_12v0_value2_exp           -----------
ref count      : 1
.Value          : send event count: 400573 : recv event count: 400573 : listened by port : 294920, 
----------------- FIOClkPSUInfo                 -----------
ref count      : 1
----------------- Cpu1MemTempExpr               -----------
ref count      : 1
.Value          : send event count: 200228 : recv event count: 200228 : listened by port : 294920, 
----------------- SysRestart_Event_7_9_0        -----------
ref count      : 1
.EventCode      : send event count: 1
----------------- FabricSwitchClockPlcy         -----------
ref count      : 1
----------------- 3V0_R_PwrCirAbl_Exp           -----------
ref count      : 1
.Value          : listened by port : 294920, 
----------------- Pcb_Vd_CpldAccessor           -----------
ref count      : 1
----------------- MutualAuthRootCrlMonitor10    -----------
ref count      : 1
----------------- lom2_port3_link_mon-3         -----------
ref count      : 1
.MonSenValue    : send event count: 1 : recv event count: 1 : listened by port : 294920, 
----------------- led_Mem070ConfigErrMntr       -----------
ref count      : 1
----------------- led_Mem071ECCMntr             -----------
ref count      : 1
----------------- DiskInner3Listen_6-2          -----------
ref count      : 1
----------------- Mem140ConfigErrMntr           -----------
ref count      : 1
.State          : listened by port : 294920, 
----------------- PCHTempMajorInfo              -----------
ref count      : 1
----------------- RelRackPowCapPlcy             -----------
ref count      : 1
----------------- NCBrdStat1Plcy                -----------
ref count      : 1
----------------- RaidCardReplaceMntr-1         -----------
ref count      : 1
.State          : listened by port : 294920, 
----------------- DiskInner0Listen_2-2          -----------
ref count      : 1
----------------- SmtpItemCfg_0                 -----------
ref count      : 1
----------------- PCIeCardPowerFailPlcy         -----------
ref count      : 1
----------------- CCUCablePlcy                  -----------
ref count      : 1
----------------- lom2_port3_link_mon-4         -----------
ref count      : 1
.MonSenValue    : send event count: 1 : recv event count: 1 : listened by port : 294920, 
----------------- MutualAuthRootCrlMonitor11    -----------
ref count      : 1
----------------- led_Mem051RemovedMntr         -----------
ref count      : 1
----------------- SelFilter_26_07               -----------
ref count      : 1
----------------- Mem071UncorrectMntr           -----------
ref count      : 1
.State          : listened by port : 294920, 
----------------- PowerEvent_10                 -----------
ref count      : 1
.EventCode      : send event count: 1
----------------- Sys12VLowMntr                 -----------
ref count      : 1
.State          : listened by port : 294920, 
----------------- dft_item_lm75_outlet_temp     -----------
ref count      : 1
----------------- SmtpItemCfg_1                 -----------
ref count      : 1
----------------- MezzSys2_5VLowInfo            -----------
ref count      : 1
----------------- PowerEvent_11                 -----------
ref count      : 1
.EventCode      : send event count: 1
----------------- PSULocationFmt-5              -----------
ref count      : 1
.Value          : send event count: 1
----------------- vcc_12v4_volt_test            -----------
ref count      : 1
.VoltValue      : send event count: 1
----------------- SystemPower_category          -----------
ref count      : 1
----------------- Hdd1RebuildEndMntr-2          -----------
ref count      : 1
.State          : send event count: 4 : recv event count: 4 : listened by port : 294920, 
.SavedReading   : send event count: 4
.Time           : send event count: 2
----------------- BbuStatus                     -----------
ref count      : 1
----------------- SysRestart_Event_7_9_1        -----------
ref count      : 1
.EventCode      : send event count: 1
----------------- VoutUvWarningMntr-5           -----------
ref count      : 1
.State          : listened by port : 294920, 
----------------- Disk2Listen_7-2               -----------
ref count      : 1
----------------- SmtpItemCfg_2                 -----------
ref count      : 1
----------------- PSULocationFmt-6              -----------
ref count      : 1
.Value          : send event count: 1
----------------- GpuBrdCpldSelfCheckInfo       -----------
ref count      : 1
----------------- Disk11Listen_1_Exp2-2         -----------
ref count      : 1
.Value          : listened by port : 294920, 
----------------- Cpu2VddqTempFailExpr          -----------
ref count      : 1
.Value          : listened by port : 294920, 
.Y              : send event count: 1
----------------- RAIDBBUPlcy                   -----------
ref count      : 1
----------------- MainbrdChipOverTempMajorPlcy  -----------
ref count      : 1
----------------- DftStatus:C                   -----------
ref count      : 1
----------------- VoutUvWarningMntr-6           -----------
ref count      : 1
.State          : listened by port : 294920, 
----------------- Disk7FailMntr-2               -----------
ref count      : 1
.State          : listened by port : 294920, 
----------------- SmtpItemCfg_3                 -----------
ref count      : 1
----------------- Disk10Listen_1_Exp-2          -----------
ref count      : 1
.Value          : send event count: 2 : recv event count: 2 : listened by port : 294920, 
----------------- MutualAuthRootCrlMonitor13    -----------
ref count      : 1
----------------- Disk2DevFault-2               -----------
ref count      : 1
.Value          : listened by port : 294920, 
----------------- led_dimm021_mntr              -----------
ref count      : 1
----------------- JaPanExper                    -----------
ref count      : 1
.Value          : listened by port : 294920, 
----------------- Disk8Listen_2-2               -----------
ref count      : 1
----------------- MutualAuthRootCrlMonitor14    -----------
ref count      : 1
----------------- MutualAuthRootCrlMonitor15    -----------
ref count      : 1
----------------- Cpu2TempFailedExpr            -----------
ref count      : 1
.Value          : send event count: 102 : recv event count: 102 : listened by port : 294920, 
.Y              : send event count: 1
----------------- EntityDisk8-2                 -----------
ref count      : 1
.Health         : send event count: 2 : recv event count: 2 : listened by port : 294920, 
.CurrentScore   : send event count: 2
----------------- NandFlashTest                 -----------
ref count      : 1
----------------- FruStatics                    -----------
ref count      : 1
----------------- BmcStartResetInfo             -----------
ref count      : 1
----------------- LswTempMinorInfo              -----------
ref count      : 1
----------------- vcc_12v0_monitor_convert      -----------
ref count      : 1
.Value          : send event count: 2710019 : recv event count: 2710018 : listened by port : 294920, 
----------------- Cpu2UncorrectMntr             -----------
ref count      : 1
.State          : listened by port : 294920, 
----------------- NCBrdTempPlcy                 -----------
ref count      : 1
----------------- HDDBackplaneBoardIdAccessor   -----------
ref count      : 1
----------------- led_Mem061ConfigErrMntr       -----------
ref count      : 1
----------------- MutualAuthRootCrlMonitor12    -----------
ref count      : 1
----------------- Mem131ConfigErrMntr           -----------
ref count      : 1
.State          : listened by port : 294920, 
----------------- SASRedriverUpfailInfo         -----------
ref count      : 1
----------------- SysRestart_Event_7_9_8        -----------
ref count      : 1
.EventCode      : send event count: 1
----------------- RaidCardPresAccessor          -----------
ref count      : 1
----------------- led_Hdd1InsertMntr-2          -----------
ref count      : 1
----------------- BmcOpeLogFullInfo             -----------
ref count      : 1
----------------- MemInitErrorLogInfo           -----------
ref count      : 1
----------------- PMemThermtripPlcy             -----------
ref count      : 1
----------------- MemNVDIMMErrorInfo            -----------
ref count      : 1
----------------- Hdd9WearoutExp-2              -----------
ref count      : 1
.Value          : send event count: 6 : recv event count: 6 : listened by port : 294920, 
----------------- LeftOMModulePlcy              -----------
ref count      : 1
----------------- PICCardLowInfo                -----------
ref count      : 1
----------------- ComMemory061                  -----------
ref count      : 1
.Health         : listened by port : 294920, 
----------------- NormalAndRedundancyVoltMntr   -----------
ref count      : 1
.State          : listened by port : 294920, 
----------------- Rear12SasCableErrInLoop       -----------
ref count      : 1
.Value          : listened by port : 294920, 
----------------- SystemNoticePlcy              -----------
ref count      : 1
----------------- Sys12VLowMntr2                -----------
ref count      : 1
.State          : listened by port : 294920, 
----------------- ExpRAIDPHYInfo                -----------
ref count      : 1
----------------- pwr_issue_67_exp              -----------
ref count      : 1
.Value          : listened by port : 294920, 
----------------- CpuVsaLowInfo                 -----------
ref count      : 1
----------------- ComMemory060                  -----------
ref count      : 1
.Health         : listened by port : 294920, 
----------------- pwr_issue_56_exp              -----------
ref count      : 1
.Value          : listened by port : 294920, 
----------------- Disk4Listen_1_Exp1-2          -----------
ref count      : 1
.Value          : listened by port : 294920, 
----------------- HardwareEventMntr-901         -----------
ref count      : 1
.Mode           : send event count: 1
.Reading        : send event count: 1
.EventFRU       : send event count: 1
.SavedMode      : send event count: 1
.State          : send event count: 1 : recv event count: 1 : listened by port : 294920, 
.SubjectObj     : send event count: 1
.SavedReading   : send event count: 1
.DescriptionDynamic : send event count: 1
.ScannedCount   : send event count: 1
.PolicyObj      : send event count: 1
.SuggestionDynamic : send event count: 1
.SensorObj      : send event count: 1
.Threshold      : send event count: 1
.InformationObj : send event count: 1
.ReadingMask    : send event count: 1
.Operator       : send event count: 1
.Hysteresis     : send event count: 1
.AddInfo        : send event count: 1
.Time           : send event count: 1
----------------- RiserCardReplaceMntr-e        -----------
ref count      : 1
.State          : listened by port : 294920, 
----------------- Sys12VLowMntr3                -----------
ref count      : 1
.State          : listened by port : 294920, 
----------------- 1V2_H1_PwrCirAblMntr          -----------
ref count      : 1
.State          : listened by port : 294920, 
----------------- led_Hdd10RbdStartMntr-2       -----------
ref count      : 1
----------------- PSFanFailureInfo              -----------
ref count      : 1
----------------- pwr_issue_34_exp              -----------
ref count      : 1
.Value          : listened by port : 294920, 
----------------- pwr_issue_45_exp              -----------
ref count      : 1
.Value          : listened by port : 294920, 
----------------- dft_item_lm75_inlet_temp      -----------
ref count      : 1
----------------- pwr_issue_89_exp              -----------
ref count      : 1
.Value          : listened by port : 294920, 
----------------- pwr_issue_23_exp              -----------
ref count      : 1
.Value          : listened by port : 294920, 
----------------- Sys12VLowMntr4                -----------
ref count      : 1
.State          : listened by port : 294920, 
----------------- link_status_1-3               -----------
ref count      : 1
.TypeLengthCode : send event count: 1
.SensorName     : send event count: 1
.Health         : listened by port : 688148, 294920, 
.ReadingStatus  : send event count: 1
.AssertStatus   : send event count: 109
.Number         : send event count: 1
----------------- 12V0_7PwrCirAbnormal          -----------
ref count      : 1
----------------- Fan1FSpeed_category           -----------
ref count      : 1
----------------- led_Mem010InstalledMntr       -----------
ref count      : 1
----------------- outlet_temp_monitor           -----------
ref count      : 1
.TempValue      : send event count: 154460
.MonSenValue    : send event count: 74482
----------------- Eth1                          -----------
ref count      : 1
.VlanID         : listened by port : 589841, 
----------------- pwr_issue_12_exp              -----------
ref count      : 1
.Value          : listened by port : 294920, 
----------------- FlashEventMntr-802            -----------
ref count      : 1
.Mode           : send event count: 1
.Reading        : send event count: 1
.EventFRU       : send event count: 1
.SavedMode      : send event count: 1
.State          : send event count: 1 : recv event count: 1 : listened by port : 294920, 
.SubjectObj     : send event count: 1
.SavedReading   : send event count: 1
.DescriptionDynamic : send event count: 1
.ScannedCount   : send event count: 1
.PolicyObj      : send event count: 1
.SuggestionDynamic : send event count: 1
.SensorObj      : send event count: 1
.Threshold      : send event count: 1
.InformationObj : send event count: 1
.ReadingMask    : send event count: 1
.Operator       : send event count: 1
.Hysteresis     : send event count: 1
.AddInfo        : send event count: 1
.Time           : send event count: 1
----------------- dft_item_pca9545-8            -----------
ref count      : 1
----------------- GpuBoardClockPlcy             -----------
ref count      : 1
----------------- led_Mem001InstalledMntr       -----------
ref count      : 1
----------------- link_status_1-4               -----------
ref count      : 1
.TypeLengthCode : send event count: 1
.SensorName     : send event count: 1
.Health         : listened by port : 688148, 294920, 
.ReadingStatus  : send event count: 1
.AssertStatus   : send event count: 121
.Number         : send event count: 1
----------------- HeatExp                       -----------
ref count      : 1
.Value          : send event count: 1 : recv event count: 1195882 : listened by port : 294920, 
----------------- Sys12VLowMntr5                -----------
ref count      : 1
.State          : listened by port : 294920, 
----------------- ComHdd2-2                     -----------
ref count      : 1
.Health         : listened by port : 294920, 
----------------- led_disk9-2                   -----------
ref count      : 1
----------------- Eth2                          -----------
ref count      : 1
.VlanID         : listened by port : 589841, 
----------------- NoInnerDiskTempExp            -----------
ref count      : 1
.Value          : listened by port : 294920, 
----------------- MutualAuthRootCrlMonitor16    -----------
ref count      : 1
----------------- dft_item_pca9545-9            -----------
ref count      : 1
----------------- BmcEventSelFullPlcy           -----------
ref count      : 1
----------------- PsTempStatus-5                -----------
ref count      : 1
.InnerName      : send event count: 1
.TypeLengthCode : send event count: 1
.SensorName     : send event count: 1
.Health         : listened by port : 688148, 294920, 
.ReadingStatus  : send event count: 1
.AssertStatus   : send event count: 1
.Number         : send event count: 1
----------------- Fan1WarningMntr-5             -----------
ref count      : 1
.State          : listened by port : 294920, 
----------------- OutletTemp_category_exp       -----------
ref count      : 1
.Value          : send event count: 1 : recv event count: 1 : listened by port : 294920, 
.X              : send event count: 1
----------------- FlashEventMntr-801            -----------
ref count      : 1
.Mode           : send event count: 1
.Reading        : send event count: 1
.EventFRU       : send event count: 1
.SavedMode      : send event count: 1
.State          : send event count: 1 : recv event count: 1 : listened by port : 294920, 
.SubjectObj     : send event count: 1
.SavedReading   : send event count: 1
.DescriptionDynamic : send event count: 1
.ScannedCount   : send event count: 1
.PolicyObj      : send event count: 1
.SuggestionDynamic : send event count: 1
.SensorObj      : send event count: 1
.Threshold      : send event count: 1
.InformationObj : send event count: 1
.ReadingMask    : send event count: 1
.Operator       : send event count: 1
.Hysteresis     : send event count: 1
.AddInfo        : send event count: 1
.Time           : send event count: 1
----------------- CpuVmcpHighInfo               -----------
ref count      : 1
----------------- RearBpBoardIdPca9555Accessor  -----------
ref count      : 1
----------------- NodeBMCHeartBeatInfo          -----------
ref count      : 1
----------------- led_Mem030ConfigErrMntr       -----------
ref count      : 1
----------------- PsTempStatus-6                -----------
ref count      : 1
.InnerName      : send event count: 1
.TypeLengthCode : send event count: 1
.SensorName     : send event count: 1
.Health         : listened by port : 688148, 294920, 
.ReadingStatus  : send event count: 1
.AssertStatus   : send event count: 1
.Number         : send event count: 1
----------------- Mem100ConfigErrMntr           -----------
ref count      : 1
.State          : listened by port : 294920, 
----------------- Fan1WarningMntr-6             -----------
ref count      : 1
.State          : listened by port : 294920, 
----------------- TimeHoppingMntr               -----------
ref count      : 1
.State          : listened by port : 294920, 
----------------- PcieAbnPlcy                   -----------
ref count      : 1
----------------- Mem040UncorrectMntr           -----------
ref count      : 1
.State          : listened by port : 294920, 
----------------- 1V2_2_PwrCirAbnormal          -----------
ref count      : 1
----------------- vrd_pca9545_chan0             -----------
ref count      : 1
----------------- AEPThermtripInfo              -----------
ref count      : 1
----------------- Mem031UncorrectMntr           -----------
ref count      : 1
.State          : listened by port : 294920, 
----------------- PICOverTempMajorInfo          -----------
ref count      : 1
----------------- led_cpu2_prochot              -----------
ref count      : 1
----------------- vrd_pca9545_chan1             -----------
ref count      : 1
----------------- IoutOcFaultMntr-5             -----------
ref count      : 1
.State          : listened by port : 294920, 
----------------- PchPrim1V05VLowInfo           -----------
ref count      : 1
----------------- Port1BWUsage_exp-3            -----------
ref count      : 1
.Value          : listened by port : 294920, 
----------------- SelFilter_07_03               -----------
ref count      : 1
----------------- vrd_pca9545_chan2             -----------
ref count      : 1
----------------- IoutOcFaultMntr-6             -----------
ref count      : 1
.State          : listened by port : 294920, 
----------------- led_dimm050                   -----------
ref count      : 1
----------------- led_Mem010ECCMntr             -----------
ref count      : 1
----------------- Stby1_5VLswGetFailInfo        -----------
ref count      : 1
----------------- Memory020ReplaceMntr          -----------
ref count      : 1
.State          : listened by port : 294920, 
----------------- pwr_issue_01_exp              -----------
ref count      : 1
.Value          : listened by port : 294920, 
----------------- Port1BWUsage_exp-4            -----------
ref count      : 1
.Value          : listened by port : 294920, 
----------------- vrd_pca9545_chan3             -----------
ref count      : 1
----------------- led_dimm051                   -----------
ref count      : 1
----------------- PcieBBUInstallInfo            -----------
ref count      : 1
----------------- PchTempFailInfo               -----------
ref count      : 1
----------------- Disk4MissingMntr-2            -----------
ref count      : 1
.State          : listened by port : 294920, 
----------------- MeshCardLocalMeshPortLinkPlcy -----------
ref count      : 1
----------------- SelFilter_07_05               -----------
ref count      : 1
----------------- CpuDdrVddq1LowInfo            -----------
ref count      : 1
----------------- Dimm040                       -----------
ref count      : 1
.TypeLengthCode : send event count: 1
.Health         : listened by port : 688148, 294920, 
.ReadingStatus  : send event count: 1
.AssertStatus   : send event count: 2
.Number         : send event count: 1
----------------- Disk8MissingMntr-2            -----------
ref count      : 1
.State          : listened by port : 294920, 
----------------- SysRestart_Event_7_9_D        -----------
ref count      : 1
.EventCode      : send event count: 1
----------------- Memory131ReplaceMntr          -----------
ref count      : 1
.State          : listened by port : 294920, 
----------------- led_pwr_latch_issue08         -----------
ref count      : 1
----------------- led_Mem110ECCMntr             -----------
ref count      : 1
----------------- LicenseRevokeEvent            -----------
ref count      : 1
.State          : listened by port : 294920, 
----------------- EntityDimm170                 -----------
ref count      : 1
.PowerState     : send event count: 1
.EnableState    : send event count: 2
.Health         : listened by port : 294920, 
----------------- Dimm041                       -----------
ref count      : 1
.TypeLengthCode : send event count: 1
.Health         : listened by port : 688148, 294920, 
.ReadingStatus  : send event count: 1
.AssertStatus   : send event count: 1
.Number         : send event count: 1
----------------- SystemAbnPlcy                 -----------
ref count      : 1
----------------- LDAPCertDueStatus_exp5_1      -----------
ref count      : 1
.Value          : listened by port : 294920, 
----------------- DiskInner3Lsn_1_e2-2          -----------
ref count      : 1
.Value          : listened by port : 294920, 
----------------- SysRestart_Event_7_9_E        -----------
ref count      : 1
.EventCode      : send event count: 1
----------------- led_pwr_latch_issue09         -----------
ref count      : 1
----------------- OCPPowerONInfo                -----------
ref count      : 1
----------------- SysRaidPlcy                   -----------
ref count      : 1
----------------- led_Mem021ConfigErrMntr       -----------
ref count      : 1
----------------- EntityDimm171                 -----------
ref count      : 1
.PowerState     : send event count: 1
.EnableState    : send event count: 2
.Health         : listened by port : 294920, 
----------------- EnvTempMajorInfo              -----------
ref count      : 1
----------------- RFBAFailureInfo               -----------
ref count      : 1
----------------- led_Hdd9RebuildEndMntr-2      -----------
ref count      : 1
----------------- Hdd3RAIDPHYMntr-2             -----------
ref count      : 1
.State          : listened by port : 294920, 
----------------- SysRestart_Event_7_9_F        -----------
ref count      : 1
.EventCode      : send event count: 1
----------------- RaidBoardIDFailMntr           -----------
ref count      : 1
.State          : listened by port : 294920, 
----------------- Disk6LocatErrMntr-2           -----------
ref count      : 1
.State          : listened by port : 294920, 
----------------- CpuVDDQ_ABLowInfo             -----------
ref count      : 1
----------------- DiskInner3Listen_1_Exp-2      -----------
ref count      : 1
.Value          : listened by port : 294920, 
----------------- ProductIndentityFailedPlcy    -----------
ref count      : 1
----------------- Hdd7RAIDPHYMntr-2             -----------
ref count      : 1
.State          : listened by port : 294920, 
----------------- cpu2mem012_volt_accessor      -----------
ref count      : 1
----------------- RaidInitErrInfo               -----------
ref count      : 1
----------------- PCIeGetMiHeFailPlcy           -----------
ref count      : 1
----------------- LDAPCertDueStatus_exp5_2      -----------
ref count      : 1
.Value          : listened by port : 294920, 
----------------- PsTest                        -----------
ref count      : 1
----------------- EX5VPlcy                      -----------
ref count      : 1
----------------- 0V8_VDD2_PwrCirAblMntr        -----------
ref count      : 1
.State          : listened by port : 294920, 
----------------- PciePwrFailMntr-802           -----------
ref count      : 1
.Mode           : send event count: 1
.Reading        : send event count: 1
.EventFRU       : send event count: 1
.SavedMode      : send event count: 1
.State          : send event count: 1 : recv event count: 1 : listened by port : 294920, 
.SubjectObj     : send event count: 1
.SavedReading   : send event count: 1
.DescriptionDynamic : send event count: 1
.ScannedCount   : send event count: 1
.PolicyObj      : send event count: 1
.SuggestionDynamic : send event count: 1
.SensorObj      : send event count: 1
.Threshold      : send event count: 1
.InformationObj : send event count: 1
.ReadingMask    : send event count: 1
.Operator       : send event count: 1
.Hysteresis     : send event count: 1
.AddInfo        : send event count: 1
.Time           : send event count: 1
----------------- Fan1Fspeed                    -----------
ref count      : 1
.SensorUnitStr  : send event count: 1
.ReaddingConvert : send event count: 14407494
.ReadingStatus  : send event count: 1
.Number         : send event count: 1
.Health         : listened by port : 688148, 294920, 
.TypeLengthCode : send event count: 1
----------------- pg_pptv_mon-1                 -----------
ref count      : 1
----------------- PciePwrFailMntr-801           -----------
ref count      : 1
.Mode           : send event count: 1
.Reading        : send event count: 1
.EventFRU       : send event count: 1
.SavedMode      : send event count: 1
.State          : send event count: 1 : recv event count: 1 : listened by port : 294920, 
.SubjectObj     : send event count: 1
.SavedReading   : send event count: 1
.DescriptionDynamic : send event count: 1
.ScannedCount   : send event count: 1
.PolicyObj      : send event count: 1
.SuggestionDynamic : send event count: 1
.SensorObj      : send event count: 1
.Threshold      : send event count: 1
.InformationObj : send event count: 1
.ReadingMask    : send event count: 1
.Operator       : send event count: 1
.Hysteresis     : send event count: 1
.AddInfo        : send event count: 1
.Time           : send event count: 1
----------------- SelFilter_07_09               -----------
ref count      : 1
----------------- Port2LinkStatus_exp-3         -----------
ref count      : 1
.Value          : send event count: 2 : recv event count: 2 : listened by port : 294920, 
----------------- InsecureAlgorithmPlcy         -----------
ref count      : 1
----------------- DevShortTermSpecPlcy          -----------
ref count      : 1
----------------- Disk7Listen_0-2               -----------
ref count      : 1
----------------- dbd_contbin_H3L3              -----------
ref count      : 1
----------------- DiscreteEvent:C               -----------
ref count      : 1
----------------- Disk1ForeignMntr-2            -----------
ref count      : 1
.State          : send event count: 2 : recv event count: 2 : listened by port : 294920, 
.SavedReading   : send event count: 2
.Time           : send event count: 2
----------------- Port2LinkStatus_exp-4         -----------
ref count      : 1
.Value          : send event count: 2 : recv event count: 2 : listened by port : 294920, 
----------------- Disk0MissingMntr-2            -----------
ref count      : 1
.State          : listened by port : 294920, 
----------------- Disk7Listen_1_Exp-2           -----------
ref count      : 1
.Value          : listened by port : 294920, 
----------------- Eth0                          -----------
ref count      : 1
.VlanID         : listened by port : 589841, 
----------------- Cpu2VRDTempFailExpr           -----------
ref count      : 1
.Value          : listened by port : 294920, 
.Y              : send event count: 1
----------------- Disk5ForeignMntr-2            -----------
ref count      : 1
.State          : listened by port : 294920, 
----------------- SyslogRootCrlMonitor          -----------
ref count      : 1
----------------- led_dimm141_mntr              -----------
ref count      : 1
----------------- BoardIOPlugOutInfo            -----------
ref count      : 1
----------------- cpu1mem012_volt_accessor      -----------
ref count      : 1
----------------- Disk9ForeignMntr-2            -----------
ref count      : 1
.State          : send event count: 2 : recv event count: 2 : listened by port : 294920, 
.SavedReading   : send event count: 2
.Time           : send event count: 2
----------------- LDAPCertDueStatus_exp5_3      -----------
ref count      : 1
.Value          : listened by port : 294920, 
----------------- Cpu1MemTempFailExpr           -----------
ref count      : 1
.Value          : send event count: 102 : recv event count: 102 : listened by port : 294920, 
----------------- 12V0_3PwrCirAbnormal          -----------
ref count      : 1
----------------- EthGroup0                     -----------
ref count      : 1
.IpMode         : listened by port : 753686, 851993, 
.VlanState      : listened by port : 917531, 
.SLAACIpv6Addr  : listened by port : 917531, 589841, 
.Ipv6Addr       : listened by port : 917531, 851993, 589841, 
.SubnetMask     : listened by port : 851993, 
.Ipv6Mode       : listened by port : 753686, 851993, 
.Type           : listened by port : 917531, 589841, 
.ActivePort     : listened by port : 917531, 589841, 
.IpVersion      : listened by port : 851993, 589841, 
.NetMode        : listened by port : 917531, 
.Ipv6LocalLink  : listened by port : 917531, 589841, 
.VlanID         : listened by port : 917531, 
.Ipv6DefaultGateway : listened by port : 851993, 
.Ipv6Prefix     : listened by port : 851993, 
.DefaultGateway : listened by port : 851993, 
.IpAddr         : listened by port : 917531, 851993, 819224, 589841, 
----------------- ClockDetect_0                 -----------
ref count      : 1
.EventCode      : send event count: 1
----------------- CpuVDDQTempMinorPlcy          -----------
ref count      : 1
----------------- Mem050ConfigErrorCond         -----------
ref count      : 1
----------------- EthGroup2                     -----------
ref count      : 1
.IpMode         : listened by port : 753686, 851993, 
.VlanState      : listened by port : 917531, 
.SLAACIpv6Addr  : listened by port : 917531, 589841, 
.Ipv6Addr       : listened by port : 917531, 851993, 589841, 
.SubnetMask     : listened by port : 851993, 
.Ipv6Mode       : listened by port : 753686, 851993, 
.Type           : listened by port : 917531, 589841, 
.ActivePort     : listened by port : 917531, 589841, 
.IpVersion      : listened by port : 851993, 589841, 
.NetMode        : listened by port : 917531, 
.Ipv6LocalLink  : listened by port : 917531, 589841, 
.VlanID         : listened by port : 917531, 
.Ipv6DefaultGateway : listened by port : 851993, 
.Ipv6Prefix     : listened by port : 851993, 
.DefaultGateway : listened by port : 851993, 
.IpAddr         : listened by port : 917531, 851993, 819224, 589841, 
----------------- HardwareEventMntr-902         -----------
ref count      : 1
.Mode           : send event count: 1
.Reading        : send event count: 1
.EventFRU       : send event count: 1
.SavedMode      : send event count: 1
.State          : send event count: 1 : recv event count: 1 : listened by port : 294920, 
.SubjectObj     : send event count: 1
.SavedReading   : send event count: 1
.DescriptionDynamic : send event count: 1
.ScannedCount   : send event count: 1
.PolicyObj      : send event count: 1
.SuggestionDynamic : send event count: 1
.SensorObj      : send event count: 1
.Threshold      : send event count: 1
.InformationObj : send event count: 1
.ReadingMask    : send event count: 1
.Operator       : send event count: 1
.Hysteresis     : send event count: 1
.AddInfo        : send event count: 1
.Time           : send event count: 1
----------------- RaidCardPFAEPlcy              -----------
ref count      : 1
----------------- BmcSerLogFullMntr             -----------
ref count      : 1
.State          : send event count: 24 : recv event count: 24 : listened by port : 294920, 
.SavedReading   : send event count: 24
.Time           : send event count: 24
----------------- DiskStatErrInfo               -----------
ref count      : 1
----------------- led_ComMemory160              -----------
ref count      : 1
----------------- SmmStdbyVoltFailPlcy          -----------
ref count      : 1
----------------- Mem071InitErrorCond           -----------
ref count      : 1
----------------- 1822Chip0V8GetFailInfo        -----------
ref count      : 1
----------------- FabricLSWVcoreFailInfo        -----------
ref count      : 1
----------------- LDAPCertDueStatus_exp5_0      -----------
ref count      : 1
.Value          : listened by port : 294920, 
----------------- CpuVCorePlcy                  -----------
ref count      : 1
----------------- cpu1mem012_volt_FailDebounce  -----------
ref count      : 1
.MonSenValue    : listened by port : 294920, 
----------------- BbuStatusExp                  -----------
ref count      : 1
.Value          : listened by port : 294920, 
----------------- led_ComMemory161              -----------
ref count      : 1
----------------- Mem001PFAEMntr                -----------
ref count      : 1
.State          : listened by port : 294920, 
----------------- NC12VFailInfo                 -----------
ref count      : 1
----------------- PriorityPsPresencePlcy        -----------
ref count      : 1
----------------- Hdd3Flash_exp-2               -----------
ref count      : 1
.Value          : listened by port : 294920, 
----------------- Mem160ConfigErrorCond         -----------
ref count      : 1
----------------- HddInner3InsertMntr-2         -----------
ref count      : 1
.State          : send event count: 1 : recv event count: 1 : listened by port : 294920, 
----------------- VoutOvWarningInfo             -----------
ref count      : 1
----------------- PCIeGetMiniFailInfo           -----------
ref count      : 1
----------------- NtpSyncTime_listen_1          -----------
ref count      : 1
----------------- NPUUncorrectPlcy              -----------
ref count      : 1
----------------- Mem000UncorrectMntr           -----------
ref count      : 1
.State          : listened by port : 294920, 
----------------- cpu1_vsa_volt_exp             -----------
ref count      : 1
.Value          : send event count: 16445990 : recv event count: 16445989 : listened by port : 294920, 
.X              : send event count: 16445990
----------------- HddIn2FailAryMntr-2           -----------
ref count      : 1
.State          : listened by port : 294920, 
----------------- Stdby1_1VLowInfo              -----------
ref count      : 1
----------------- Mem050RemovedMntr             -----------
ref count      : 1
.State          : send event count: 1 : recv event count: 1 : listened by port : 294920, 
----------------- PwrBkpOverTempInfo            -----------
ref count      : 1
----------------- ChassisPayload                -----------
ref count      : 1
.RestartValue   : recv event count: 102 : listened by port : 294920, 425996, 
.AcpiValue      : recv event count: 1 : listened by port : 294920, 
.BoardStableStatus : listened by port : 819224, 
.AcpiStatus     : listened by port : 720917, 
.PwrButtonFlag  : listened by port : 294920, 
.PwrOkSigDrop   : recv event count: 1 : listened by port : 294920, 
.ChassisPowerState : recv event count: 1 : listened by port : 131075, 524303, 327689, 294920, 720917, 786455, 458765, 557072, 425996, 262151, 491534, 
.PowerGd        : listened by port : 688148, 
.ResetFlag      : listened by port : 294920, 524303, 327689, 786455, 458765, 557072, 425996, 491534, 
.SysResetFlag   : recv event count: 102 : listened by port : 131075, 524303, 327689, 294920, 786455, 458765, 557072, 425996, 262151, 491534, 32768, 
----------------- Mem131ConfigErrorCond         -----------
ref count      : 1
----------------- Mem011PFAEMntr                -----------
ref count      : 1
.State          : listened by port : 294920, 
----------------- HddPresencePlcy               -----------
ref count      : 1
----------------- gpio121_bus                   -----------
ref count      : 1
----------------- Mem161RemovedMntr             -----------
ref count      : 1
.State          : send event count: 1 : recv event count: 1 : listened by port : 294920, 
----------------- PCIeCardPFAEPlcy              -----------
ref count      : 1
----------------- Mem041PFAEMntr                -----------
ref count      : 1
.State          : listened by port : 294920, 
----------------- led_HddIn2RemovedMntr-2       -----------
ref count      : 1
----------------- NetCardPFAEInfo               -----------
ref count      : 1
----------------- led_Mem150RemovedMntr         -----------
ref count      : 1
----------------- vcc_12v0_monitor4_convert     -----------
ref count      : 1
.Value          : send event count: 21 : recv event count: 20 : listened by port : 294920, 
----------------- SyslogRootCertMonitor         -----------
ref count      : 1
----------------- pwr_latch_issue_34_exp        -----------
ref count      : 1
.Value          : listened by port : 294920, 
----------------- BBUModuleReplaceInfo          -----------
ref count      : 1
----------------- Disk2StatErrExp-2             -----------
ref count      : 1
.Value          : listened by port : 294920, 
----------------- LDAPCertMonitor4_10           -----------
ref count      : 1
----------------- GpuBoardPowerFailPlcy         -----------
ref count      : 1
----------------- PwrFaultMntr08                -----------
ref count      : 1
.State          : listened by port : 294920, 
----------------- Mem021PFAEMntr                -----------
ref count      : 1
.State          : listened by port : 294920, 
----------------- Cpu1RemovedMntr               -----------
ref count      : 1
.State          : send event count: 1 : recv event count: 1 : listened by port : 294920, 
----------------- Mem021ConfigErrorCond         -----------
ref count      : 1
----------------- MezzSys1_0VLowInfo            -----------
ref count      : 1
----------------- Mem051PFAEMntr                -----------
ref count      : 1
.State          : listened by port : 294920, 
----------------- PwrFaultMntr09                -----------
ref count      : 1
.State          : listened by port : 294920, 
----------------- Hdd8InsertMntr-2              -----------
ref count      : 1
.State          : send event count: 4 : recv event count: 4 : listened by port : 294920, 
.SavedReading   : send event count: 1
.Time           : send event count: 2
----------------- PCIeCardCpuTempPlcy           -----------
ref count      : 1
----------------- DiskIn3MissingMntr-2          -----------
ref count      : 1
.State          : listened by port : 294920, 
----------------- BBUOutputOverLoadPlcy         -----------
ref count      : 1
----------------- Hdd8PredicFailMntr-2          -----------
ref count      : 1
.State          : listened by port : 294920, 
----------------- EX5_0VGetFailPlcy             -----------
ref count      : 1
----------------- CpuVDDAVSHighInfo             -----------
ref count      : 1
----------------- Eth:C                         -----------
ref count      : 1
----------------- Mem031PFAEMntr                -----------
ref count      : 1
.State          : listened by port : 294920, 
----------------- RaidBBU-1                     -----------
ref count      : 1
.Present        : recv event count: 31 : listened by port : 294920, 
----------------- PsPOut-5                      -----------
ref count      : 1
.SensorUnitStr  : send event count: 1
.ReaddingConvert : send event count: 16739416
.ReadingStatus  : send event count: 1
.SensorName     : send event count: 1
.Number         : send event count: 1
.Health         : listened by port : 688148, 294920, 
.InnerName      : send event count: 1
.TypeLengthCode : send event count: 1
----------------- Fan2FInstallMntr              -----------
ref count      : 1
.State          : send event count: 1 : recv event count: 1 : listened by port : 294920, 
----------------- ExpRAIDPHYMntr-2              -----------
ref count      : 1
.State          : listened by port : 294920, 
----------------- Mem040InitErrorCond           -----------
ref count      : 1
----------------- Mem031InitErrorCond           -----------
ref count      : 1
----------------- Hdd4-2                        -----------
ref count      : 1
.RebuildState   : listened by port : 294920, 
.Presence       : listened by port : 294920, 
.Id             : listened by port : 229382, 491534, 
.ReplaceFlag    : listened by port : 294920, 
----------------- Mem061PFAEMntr                -----------
ref count      : 1
.State          : listened by port : 294920, 
----------------- led_HddIn1RbdStartMntr-2      -----------
ref count      : 1
----------------- Disk2LocatErrMntr-2           -----------
ref count      : 1
.State          : listened by port : 294920, 
----------------- ProductIdCpldExtAccessor      -----------
ref count      : 1
----------------- PsPOut-6                      -----------
ref count      : 1
.SensorUnitStr  : send event count: 1
.ReaddingConvert : send event count: 16782346
.ReadingStatus  : send event count: 1
.SensorName     : send event count: 1
.Number         : send event count: 1
.Health         : listened by port : 688148, 294920, 
.InnerName      : send event count: 1
.TypeLengthCode : send event count: 1
----------------- LicenseOverDueInfo            -----------
ref count      : 1
----------------- 12V_3_Volt_LowMntr            -----------
ref count      : 1
.State          : listened by port : 294920, 
----------------- PMemoryMajorInfo              -----------
ref count      : 1
----------------- VoltageFailEventExpr-801      -----------
ref count      : 1
.Value          : listened by port : 294920, 
----------------- Hdd5FlashMntr-2               -----------
ref count      : 1
.State          : listened by port : 294920, 
----------------- PCIeChipStatusAbnormalInfo    -----------
ref count      : 1
----------------- GetMiHeFaEventExpr-801        -----------
ref count      : 1
.Value          : listened by port : 294920, 
----------------- 1V2_3_PwrCirAblMntr           -----------
ref count      : 1
.State          : listened by port : 294920, 
----------------- MemEvent_0                    -----------
ref count      : 1
.EventCode      : send event count: 1
----------------- VoltageFailEventExpr-802      -----------
ref count      : 1
.Value          : listened by port : 294920, 
----------------- GetMiHeFaEventExpr-802        -----------
ref count      : 1
.Value          : listened by port : 294920, 
----------------- BaseCPUOvertempMajorInfo      -----------
ref count      : 1
----------------- RtcBattery_Listen_0           -----------
ref count      : 1
----------------- Mem071PFAEMntr                -----------
ref count      : 1
.State          : listened by port : 294920, 
----------------- Disk3Listen_1_Exp-2           -----------
ref count      : 1
.Value          : listened by port : 294920, 
----------------- pwr_latch_issue_23_exp        -----------
ref count      : 1
.Value          : listened by port : 294920, 
----------------- watchdog20                    -----------
ref count      : 1
.WdTmFlag       : recv event count: 153 : listened by port : 294920, 
----------------- bbu_temp_expr-1               -----------
ref count      : 1
.Value          : send event count: 62439 : recv event count: 62439 : listened by port : 294920, 
----------------- MemEvent_1                    -----------
ref count      : 1
.EventCode      : send event count: 1
----------------- FabricCPUTempFailInfo         -----------
ref count      : 1
----------------- pwr_latch_issue_12_exp        -----------
ref count      : 1
.Value          : listened by port : 294920, 
----------------- SSDCardTempInfo               -----------
ref count      : 1
----------------- pwr_latch_issue_01_exp        -----------
ref count      : 1
.Value          : listened by port : 294920, 
----------------- DiskInner1Listen_2-2          -----------
ref count      : 1
----------------- Disk3DevFault-2               -----------
ref count      : 1
.Value          : listened by port : 294920, 
----------------- MemEvent_2                    -----------
ref count      : 1
.EventCode      : send event count: 1
----------------- dft_item_inter_test-901       -----------
ref count      : 1
----------------- DiskIn0ForeignMntr-2          -----------
ref count      : 1
.State          : listened by port : 294920, 
----------------- BBUWiringErrorMajorPlcy       -----------
ref count      : 1
----------------- PSUReplaceInfo                -----------
ref count      : 1
----------------- MemEvent_3                    -----------
ref count      : 1
.EventCode      : send event count: 1
----------------- vcc_12v5_volt_test            -----------
ref count      : 1
.VoltValue      : send event count: 1
----------------- dft_item_inter_test-902       -----------
ref count      : 1
----------------- CpuPCIeCfgErrInfo             -----------
ref count      : 1
----------------- MemEvent_4                    -----------
ref count      : 1
.EventCode      : send event count: 1
----------------- pg_p1v2_debounce-1            -----------
ref count      : 1
.MonSenValue    : listened by port : 294920, 
.RegValue       : send event count: 9
----------------- DiskInner0-2                  -----------
ref count      : 1
.TypeLengthCode : send event count: 1
.Health         : listened by port : 688148, 294920, 
.ReadingStatus  : send event count: 1
.AssertStatus   : send event count: 1
.Number         : send event count: 1
----------------- MB_temp_monitor               -----------
ref count      : 1
.TempValue      : send event count: 169654
.MonSenValue    : send event count: 80290
----------------- PICCard1VHighInfo             -----------
ref count      : 1
----------------- Cpu1MemHotMntr                -----------
ref count      : 1
.State          : listened by port : 294920, 
----------------- Disk8FailMntr-2               -----------
ref count      : 1
.State          : listened by port : 294920, 
----------------- ComMemory070                  -----------
ref count      : 1
.Health         : listened by port : 294920, 
----------------- MemEvent_5                    -----------
ref count      : 1
.EventCode      : send event count: 1
----------------- FAN2RSpeedOemConfig           -----------
ref count      : 1
----------------- Disk9Listen_2-2               -----------
ref count      : 1
----------------- ComMemory071                  -----------
ref count      : 1
.Health         : listened by port : 294920, 
----------------- PCIeSwUpdatePlcy              -----------
ref count      : 1
----------------- IO100MClockPlcy               -----------
ref count      : 1
----------------- MemEvent_6                    -----------
ref count      : 1
.EventCode      : send event count: 1
----------------- vcc_12v0_failDebounce         -----------
ref count      : 1
.MonSenValue    : listened by port : 294920, 
----------------- led_dimm010_mntr              -----------
ref count      : 1
----------------- PSUIdConflictPlcy             -----------
ref count      : 1
----------------- BladeCommLossPlcy             -----------
ref count      : 1
----------------- Hdd10RebuildEndMntr-2         -----------
ref count      : 1
.State          : listened by port : 294920, 
----------------- MemEvent_7                    -----------
ref count      : 1
.EventCode      : send event count: 1
----------------- Disk5Listen_1_Exp2-2          -----------
ref count      : 1
.Value          : listened by port : 294920, 
----------------- Hdd3RebuildEndMntr-2          -----------
ref count      : 1
.State          : send event count: 1 : recv event count: 1 : listened by port : 294920, 
----------------- BmcEventSelClearedPlcy        -----------
ref count      : 1
----------------- InletTempPlcy                 -----------
ref count      : 1
----------------- cpu1_vddfix_volt_accessor     -----------
ref count      : 1
----------------- Stby1_0VLswGetFailInfo        -----------
ref count      : 1
----------------- RAIDTempDebounce-1            -----------
ref count      : 1
.MonSenValue    : listened by port : 294920, 
----------------- led_pwr_latch_issue10         -----------
ref count      : 1
----------------- MezzSys12VLowInfo             -----------
ref count      : 1
----------------- PSInputLostPlcy               -----------
ref count      : 1
----------------- 32k0ClockMonitor              -----------
ref count      : 1
.MonSenValue    : listened by port : 294920, 
----------------- GpuBoardPowerOnFailPlcy       -----------
ref count      : 1
----------------- led_Disk0FailMntr-2           -----------
ref count      : 1
----------------- MemEvent_8                    -----------
ref count      : 1
.EventCode      : send event count: 1
----------------- led_pwr_latch_issue11         -----------
ref count      : 1
----------------- MemEvent_9                    -----------
ref count      : 1
.EventCode      : send event count: 1
----------------- EncryptKey:C                  -----------
ref count      : 1
----------------- GpuBoardTempMajorInfo         -----------
ref count      : 1
----------------- Disk3Listen_7-2               -----------
ref count      : 1
----------------- RtcBattery                    -----------
ref count      : 1
.TypeLengthCode : send event count: 1
.Health         : listened by port : 688148, 294920, 
.ReadingStatus  : send event count: 1
.AssertStatus   : send event count: 1
.Number         : send event count: 1
----------------- DiskIn2StatErrExp-2           -----------
ref count      : 1
.Value          : listened by port : 294920, 
----------------- led_pwr_latch_issue12         -----------
ref count      : 1
----------------- MeshCardCpuPortLinkPlcy       -----------
ref count      : 1
----------------- SasCableBErrInLoop-e          -----------
ref count      : 1
.Value          : listened by port : 294920, 
----------------- PchClockLostPlcy              -----------
ref count      : 1
----------------- Disk9-2                       -----------
ref count      : 1
.TypeLengthCode : send event count: 1
.Health         : send event count: 2 : recv event count: 2 : listened by port : 688148, 294920, 
.ReadingStatus  : send event count: 1
.AssertStatus   : send event count: 6
.Number         : send event count: 1
----------------- PICCard1VLowInfo              -----------
ref count      : 1
----------------- BBUCellOverTemMinInfo         -----------
ref count      : 1
----------------- Cpu2DdrVddq2FailMntr          -----------
ref count      : 1
.State          : listened by port : 294920, 
----------------- led_pwr_latch_issue13         -----------
ref count      : 1
----------------- Mem001RemovedMntr             -----------
ref count      : 1
.State          : send event count: 1 : recv event count: 1 : listened by port : 294920, 
----------------- EX1_0VGetFailPlcy             -----------
ref count      : 1
----------------- Mem000InitErrorCond           -----------
ref count      : 1
----------------- cpu2_vddfix_volt_accessor     -----------
ref count      : 1
----------------- led_fan3F_pres                -----------
ref count      : 1
----------------- GPUElabel-901                 -----------
ref count      : 1
.MfgDateTime    : listened by port : 753686, 
.ProductAssetTag : recv event count: 1 : listened by port : 294920, 
.BoardSerialNumber : recv event count: 2 : listened by port : 294920, 65537, 
.ChassisSerialNumber : recv event count: 1 : listened by port : 294920, 
----------------- led_pwr_latch_issue14         -----------
ref count      : 1
----------------- GPUElabel-902                 -----------
ref count      : 1
.MfgDateTime    : listened by port : 753686, 
.ProductAssetTag : recv event count: 1 : listened by port : 294920, 
.BoardSerialNumber : recv event count: 2 : listened by port : 294920, 65537, 
.ChassisSerialNumber : recv event count: 1 : listened by port : 294920, 
----------------- BinCpuVeBiosTypeExp           -----------
ref count      : 1
.Value          : send event count: 1 : recv event count: 1 : listened by port : 294920, 
----------------- reset_i2c1_pca9545            -----------
ref count      : 1
----------------- SensorCategory:C              -----------
ref count      : 1
----------------- led_Mem101RemovedMntr         -----------
ref count      : 1
----------------- NICErrorInfo                  -----------
ref count      : 1
----------------- MARootCertOverDueMntr_10      -----------
ref count      : 1
.State          : listened by port : 294920, 
----------------- MeshTempPlcy                  -----------
ref count      : 1
----------------- MemBrdTempPlcy                -----------
ref count      : 1
----------------- led_pwr_latch_issue15         -----------
ref count      : 1
----------------- PcieStatus                    -----------
ref count      : 1
.TypeLengthCode : send event count: 1
.Health         : listened by port : 688148, 294920, 
.ReadingStatus  : send event count: 1
.AssertStatus   : send event count: 1
.Number         : send event count: 1
----------------- PCIeSwTempfailInfo            -----------
ref count      : 1
----------------- MARootCertOverDueMntr_11      -----------
ref count      : 1
.State          : listened by port : 294920, 
----------------- Mem040ECCMntr                 -----------
ref count      : 1
.State          : listened by port : 294920, 
----------------- PCIeHardwareFaultMinorPlcy    -----------
ref count      : 1
----------------- led_dimm060                   -----------
ref count      : 1
----------------- Cpu1VDDQTempFailMntr          -----------
ref count      : 1
.State          : listened by port : 294920, 
----------------- led_pwr_latch_issue16         -----------
ref count      : 1
----------------- DevOfflineInfo                -----------
ref count      : 1
----------------- PowerIOut16Exp-5              -----------
ref count      : 1
.Value          : send event count: 20087245 : recv event count: 20087245 : listened by port : 294920, 
----------------- MARootCertOverDueMntr_12      -----------
ref count      : 1
.State          : listened by port : 294920, 
----------------- HDDBkpVolFailInfo             -----------
ref count      : 1
----------------- led_dimm061                   -----------
ref count      : 1
----------------- led_pwr_latch_issue17         -----------
ref count      : 1
----------------- 12_0V_VCC_2                   -----------
ref count      : 1
.SensorUnitStr  : send event count: 1
.NegativeHysteresisConvert : send event count: 1
.ReaddingConvert : send event count: 2710019
.UpperCriticalConvert : send event count: 1
.UpperNonrecoverableConvert : send event count: 1
.ReadingStatus  : send event count: 1
.Number         : send event count: 1
.Health         : listened by port : 688148, 294920, 
.PositiveHysteresisConvert : send event count: 1
.TypeLengthCode : send event count: 1
----------------- Hdd2ExpPHYMntr-2              -----------
ref count      : 1
.State          : listened by port : 294920, 
----------------- PowerIOut16Exp-6              -----------
ref count      : 1
.Value          : send event count: 20108200 : recv event count: 20108200 : listened by port : 294920, 
----------------- NpuHealthMajorPlcy            -----------
ref count      : 1
----------------- Dimm050                       -----------
ref count      : 1
.TypeLengthCode : send event count: 1
.Health         : listened by port : 688148, 294920, 
.ReadingStatus  : send event count: 1
.AssertStatus   : send event count: 1
.Number         : send event count: 1
----------------- pwr_issue_92_exp              -----------
ref count      : 1
.Value          : listened by port : 294920, 
----------------- MARootCertOverDueMntr_13      -----------
ref count      : 1
.State          : listened by port : 294920, 
----------------- CpuDDRVPP_CDLowInfo           -----------
ref count      : 1
----------------- led_pwr_issue88               -----------
ref count      : 1
----------------- Mem140ECCMntr                 -----------
ref count      : 1
.State          : listened by port : 294920, 
----------------- led_pwr_latch_issue18         -----------
ref count      : 1
----------------- 12_0V_VCC_3                   -----------
ref count      : 1
.SensorUnitStr  : send event count: 1
.NegativeHysteresisConvert : send event count: 1
.ReaddingConvert : send event count: 665052
.UpperCriticalConvert : send event count: 1
.UpperNonrecoverableConvert : send event count: 1
.ReadingStatus  : send event count: 1
.Number         : send event count: 1
.Health         : listened by port : 688148, 294920, 
.PositiveHysteresisConvert : send event count: 1
.TypeLengthCode : send event count: 1
----------------- Upgrade:C                     -----------
ref count      : 1
----------------- hb_raid_accessor-1            -----------
ref count      : 1
----------------- Dimm051                       -----------
ref count      : 1
.TypeLengthCode : send event count: 1
.Health         : listened by port : 688148, 294920, 
.ReadingStatus  : send event count: 1
.AssertStatus   : send event count: 1
.Number         : send event count: 1
----------------- pwr_issue_70_exp              -----------
ref count      : 1
.Value          : listened by port : 294920, 
----------------- PwrIOut16Exp_coeff2-5         -----------
ref count      : 1
.Value          : send event count: 11405696 : recv event count: 11405696 : listened by port : 294920, 
----------------- MARootCertOverDueMntr_14      -----------
ref count      : 1
.State          : listened by port : 294920, 
----------------- PwrIOut16Exp_coeff2-6         -----------
ref count      : 1
.Value          : send event count: 11443738 : recv event count: 11443738 : listened by port : 294920, 
----------------- led_pwr_issue89               -----------
ref count      : 1
----------------- ChassisPowerHighInfo          -----------
ref count      : 1
----------------- EntityDiskInner1-2            -----------
ref count      : 1
.Health         : listened by port : 294920, 
----------------- led_Cpu1BistFailMntr          -----------
ref count      : 1
----------------- BiosPostRaidCardStatusPlcy    -----------
ref count      : 1
----------------- MezzSys2_5VHighInfo           -----------
ref count      : 1
----------------- BaseCPUTempFailInfo           -----------
ref count      : 1
----------------- led_pwr_latch_issue19         -----------
ref count      : 1
----------------- MARootCertOverDueMntr_15      -----------
ref count      : 1
.State          : listened by port : 294920, 
----------------- BmcEepCheckFailPlcy           -----------
ref count      : 1
----------------- NpuVrdTempMinorPlcy           -----------
ref count      : 1
----------------- HddIn1WearoutExp-2            -----------
ref count      : 1
.Value          : send event count: 1 : recv event count: 1 : listened by port : 294920, 
----------------- CpuDDRVPP_CDHighInfo          -----------
ref count      : 1
----------------- 12_0V_VCC_5                   -----------
ref count      : 1
.SensorUnitStr  : send event count: 1
.NegativeHysteresisConvert : send event count: 1
.ReaddingConvert : send event count: 21
.UpperCriticalConvert : send event count: 1
.UpperNonrecoverableConvert : send event count: 1
.ReadingStatus  : send event count: 1
.Number         : send event count: 1
.Health         : listened by port : 688148, 294920, 
.PositiveHysteresisConvert : send event count: 1
.TypeLengthCode : send event count: 1
----------------- PcieCardAnchor-901            -----------
ref count      : 1
----------------- VCCP_1V0_CPUHighInfo          -----------
ref count      : 1
----------------- 12_0V_VCC_4                   -----------
ref count      : 1
.SensorUnitStr  : send event count: 1
.NegativeHysteresisConvert : send event count: 1
.ReaddingConvert : send event count: 330
.UpperCriticalConvert : send event count: 1
.UpperNonrecoverableConvert : send event count: 1
.ReadingStatus  : send event count: 1
.Number         : send event count: 1
.Health         : listened by port : 688148, 294920, 
.PositiveHysteresisConvert : send event count: 1
.TypeLengthCode : send event count: 1
----------------- FAN1F_Sta_Listen_0            -----------
ref count      : 1
----------------- MARootCertOverDueMntr_16      -----------
ref count      : 1
.State          : listened by port : 294920, 
----------------- SysRestart_Event_7_7_0        -----------
ref count      : 1
.EventCode      : send event count: 1
----------------- port4_link_status_exp-3       -----------
ref count      : 1
.Value          : send event count: 1 : recv event count: 1 : listened by port : 294920, 
----------------- PcieCardAnchor-902            -----------
ref count      : 1
----------------- dbd_midavg_s6                 -----------
ref count      : 1
----------------- 12_0V_VCC_6                   -----------
ref count      : 1
.SensorUnitStr  : send event count: 1
.NegativeHysteresisConvert : send event count: 1
.ReaddingConvert : send event count: 6
.UpperCriticalConvert : send event count: 1
.UpperNonrecoverableConvert : send event count: 1
.ReadingStatus  : send event count: 1
.Number         : send event count: 1
.Health         : listened by port : 688148, 294920, 
.PositiveHysteresisConvert : send event count: 1
.TypeLengthCode : send event count: 1
----------------- cpu1_mem345_vrd_temp          -----------
ref count      : 1
----------------- CpuDTSGetFailInfo             -----------
ref count      : 1
----------------- port4_link_status_exp-4       -----------
ref count      : 1
.Value          : send event count: 2 : recv event count: 1 : listened by port : 294920, 
----------------- cpu2_m345_vtemp_mon           -----------
ref count      : 1
.MonSenValue    : send event count: 124080
----------------- led_Mem170InstalledMntr       -----------
ref count      : 1
----------------- led_Mem071RemovedMntr         -----------
ref count      : 1
----------------- pca9555_nic_dev_test-3        -----------
ref count      : 1
----------------- HddInner3ReplaceMntr-2        -----------
ref count      : 1
.State          : listened by port : 294920, 
----------------- Cpu1Listen_5_2                -----------
ref count      : 1
----------------- ElectValveOut12VLowInfo       -----------
ref count      : 1
----------------- BoardPowerDropMntr            -----------
ref count      : 1
.State          : listened by port : 294920, 
.Time           : send event count: 1
----------------- led_Mem161InstalledMntr       -----------
ref count      : 1
----------------- PwrFaultMntr10                -----------
ref count      : 1
.State          : listened by port : 294920, 
----------------- DiskInner0Listen_0-2          -----------
ref count      : 1
----------------- CpuMemVpp1LowInfo             -----------
ref count      : 1
----------------- PICCardFaultInfo              -----------
ref count      : 1
----------------- pca9555_nic_dev_test-4        -----------
ref count      : 1
----------------- SysRestart_Event_7_7_1        -----------
ref count      : 1
.EventCode      : send event count: 1
----------------- 5V0_R_PwrCirAblMntr           -----------
ref count      : 1
.State          : listened by port : 294920, 
----------------- cpu1vsa_volt_FailDebounce     -----------
ref count      : 1
.MonSenValue    : listened by port : 294920, 
----------------- PwrFaultMntr11                -----------
ref count      : 1
.State          : listened by port : 294920, 
----------------- MainBoardVoltLowMaintenanceInfo-----------
ref count      : 1
----------------- DiskBkpPwrInfo                -----------
ref count      : 1
----------------- cpu1mem012_volt_monitor       -----------
ref count      : 1
.VoltValue      : listened by port : 294920, 
.MonSenValue    : send event count: 3
----------------- raid_error_exp_1-1            -----------
ref count      : 1
.Value          : listened by port : 294920, 
----------------- EntityGPU-902                 -----------
ref count      : 1
.Instance       : send event count: 2
.PresentState   : send event count: 1
.EntityName     : send event count: 1
.PowerState     : send event count: 2
.MajorScore     : send event count: 1
.EntityType     : send event count: 1
.Id             : send event count: 1
.EnableState    : send event count: 1
.AnchorSlot     : send event count: 1
.MinorScore     : send event count: 1
.Health         : send event count: 1 : recv event count: 1 : listened by port : 294920, 
.CriticalScore  : send event count: 1
.CurrentScore   : send event count: 1
----------------- cpu1mem012_volt_exp           -----------
ref count      : 1
.Value          : send event count: 1112288 : recv event count: 1112287 : listened by port : 294920, 
.X              : send event count: 1112288
----------------- Cpu1VRDTempFailMntr           -----------
ref count      : 1
.State          : listened by port : 294920, 
----------------- EntityGPU-901                 -----------
ref count      : 1
.Instance       : send event count: 2
.PresentState   : send event count: 1
.EntityName     : send event count: 1
.PowerState     : send event count: 2
.MajorScore     : send event count: 1
.EntityType     : send event count: 1
.Id             : send event count: 1
.EnableState    : send event count: 1
.AnchorSlot     : send event count: 1
.MinorScore     : send event count: 1
.Health         : send event count: 1 : recv event count: 1 : listened by port : 294920, 
.CriticalScore  : send event count: 1
.CurrentScore   : send event count: 1
----------------- System_Event_4_0              -----------
ref count      : 1
.EventCode      : send event count: 1
----------------- InletTempMajorInfo            -----------
ref count      : 1
----------------- PwrFaultMntr12                -----------
ref count      : 1
.State          : listened by port : 294920, 
----------------- SYS12V_category               -----------
ref count      : 1
----------------- led_RAIDBBULow-1              -----------
ref count      : 1
----------------- led_ComMemory170              -----------
ref count      : 1
----------------- CXPCablePlcy                  -----------
ref count      : 1
----------------- Cpu2MemTemp                   -----------
ref count      : 1
.SensorUnitStr  : send event count: 1
.NegativeHysteresisConvert : send event count: 1
.ReaddingConvert : send event count: 467792
.UpperCriticalConvert : send event count: 1
.UpperNonrecoverableConvert : send event count: 1
.ReadingStatus  : send event count: 103
.Number         : send event count: 1
.Health         : listened by port : 688148, 294920, 
.PositiveHysteresisConvert : send event count: 1
.TypeLengthCode : send event count: 1
----------------- dft_item_pca9545-e            -----------
ref count      : 1
----------------- System_Event_4_1              -----------
ref count      : 1
.EventCode      : send event count: 1
----------------- cpu2vsa_volt_FailDebounce     -----------
ref count      : 1
.MonSenValue    : listened by port : 294920, 
----------------- PwrFaultMntr13                -----------
ref count      : 1
.State          : listened by port : 294920, 
----------------- CpuVccanaHighInfo             -----------
ref count      : 1
----------------- BIO12VLowInfo                 -----------
ref count      : 1
----------------- led_ComMemory171              -----------
ref count      : 1
----------------- port2_link_status_exp-3       -----------
ref count      : 1
.Value          : send event count: 1 : recv event count: 1 : listened by port : 294920, 
----------------- InitInfoFailExpr-901          -----------
ref count      : 1
.Value          : listened by port : 294920, 
----------------- PSFailurePlcy                 -----------
ref count      : 1
----------------- Disk8Listen_0-2               -----------
ref count      : 1
----------------- System_Event_4_2              -----------
ref count      : 1
.EventCode      : send event count: 1
----------------- PwrFaultMntr14                -----------
ref count      : 1
.State          : listened by port : 294920, 
----------------- EntityDisk6-2                 -----------
ref count      : 1
.Health         : listened by port : 294920, 
----------------- vcc_12v0_monitor2             -----------
ref count      : 1
.VoltValue      : send event count: 17997900 : recv event count: 17997899 : listened by port : 294920, 
.MonSenValue    : send event count: 665051
----------------- InBkpPresAccessor             -----------
ref count      : 1
----------------- port2_link_status_exp-4       -----------
ref count      : 1
.Value          : send event count: 2 : recv event count: 1 : listened by port : 294920, 
----------------- Riser3BoardIdFailMonitor      -----------
ref count      : 1
.MonSenValue    : listened by port : 294920, 
----------------- Hdd10Flash_exp-2              -----------
ref count      : 1
.Value          : listened by port : 294920, 
----------------- InitInfoFailExpr-902          -----------
ref count      : 1
.Value          : listened by port : 294920, 
----------------- InletTemp_threshold_exp       -----------
ref count      : 1
.Value          : send event count: 1 : listened by port : 294920, 
----------------- VideoCtrlFailInfo             -----------
ref count      : 1
----------------- PwrFaultMntr15                -----------
ref count      : 1
.State          : listened by port : 294920, 
----------------- SASExpander0-2                -----------
ref count      : 1
----------------- FSReadonlyInfo                -----------
ref count      : 1
----------------- vcc_12v0_monitor3             -----------
ref count      : 1
.VoltValue      : send event count: 14202796 : recv event count: 14202795 : listened by port : 294920, 
.MonSenValue    : send event count: 329
----------------- GPUPowerFailExpr-901          -----------
ref count      : 1
.Value          : listened by port : 294920, 
----------------- 3V0_R_PwrCirAblMntr           -----------
ref count      : 1
.State          : listened by port : 294920, 
----------------- led_dimm130_mntr              -----------
ref count      : 1
----------------- PCIeCardTempAlertInfo         -----------
ref count      : 1
----------------- SystemErrorPlcy               -----------
ref count      : 1
----------------- SysRestart_Event_7_7_8        -----------
ref count      : 1
.EventCode      : send event count: 1
----------------- GPUPowerFailExpr-902          -----------
ref count      : 1
.Value          : listened by port : 294920, 
----------------- PwrFaultMntr16                -----------
ref count      : 1
.State          : listened by port : 294920, 
----------------- vcc_12v0_monitor4             -----------
ref count      : 1
.VoltValue      : send event count: 14125330 : recv event count: 14125329 : listened by port : 294920, 
.MonSenValue    : send event count: 20
----------------- Mem000MRCFatelErrMntr         -----------
ref count      : 1
.State          : listened by port : 294920, 
----------------- Stdby3_3V_LswClockLowInfo     -----------
ref count      : 1
----------------- PwrFaultMntr17                -----------
ref count      : 1
.State          : listened by port : 294920, 
----------------- led_Mem121ECCMntr             -----------
ref count      : 1
----------------- vcc_12v0_monitor5             -----------
ref count      : 1
.VoltValue      : send event count: 10838490 : recv event count: 10838489 : listened by port : 294920, 
.MonSenValue    : send event count: 5
----------------- Fan2FStatus                   -----------
ref count      : 1
.TypeLengthCode : send event count: 1
.Health         : listened by port : 688148, 294920, 
.ReadingStatus  : send event count: 1
.AssertStatus   : send event count: 1
.Number         : send event count: 1
----------------- PCIeFPGACard-801              -----------
ref count      : 1
----------------- BBULowVoltageMajorPlcy        -----------
ref count      : 1
----------------- Mem101PFAEMntr                -----------
ref count      : 1
.State          : listened by port : 294920, 
----------------- PwrFaultMntr18                -----------
ref count      : 1
.State          : listened by port : 294920, 
----------------- SelFilter:C                   -----------
ref count      : 1
----------------- FabricLSWTempFailInfo         -----------
ref count      : 1
----------------- PCIeFPGACard-802              -----------
ref count      : 1
----------------- Mem110MRCFatelErrMntr         -----------
ref count      : 1
.State          : listened by port : 294920, 
----------------- PowerHighMntr                 -----------
ref count      : 1
.State          : listened by port : 294920, 
----------------- iBMCInstallNoProInfo          -----------
ref count      : 1
----------------- STB1V8PWFailMntr              -----------
ref count      : 1
.State          : listened by port : 294920, 
----------------- PwrFaultMntr19                -----------
ref count      : 1
.State          : listened by port : 294920, 
----------------- BBUBusBarOvVolPrtcPlcy        -----------
ref count      : 1
----------------- SysHealLed                    -----------
ref count      : 1
.Mode           : send event count: 2
.OnDuration     : send event count: 25
.State          : send event count: 24
.LCSColor       : send event count: 4
.OffDuration    : send event count: 4
.LCSState       : send event count: 4
.Color          : send event count: 6
.CtrlValue      : send event count: 25
----------------- Mem111PFAEMntr                -----------
ref count      : 1
.State          : listened by port : 294920, 
----------------- PchPvnnVolHighWaringInfo      -----------
ref count      : 1
----------------- SysDisksMaxTmp                -----------
ref count      : 1
.SensorUnitStr  : send event count: 1
.ReaddingConvert : send event count: 51814
.ReadingStatus  : send event count: 103
.Number         : send event count: 1
.Health         : listened by port : 688148, 294920, 
.TypeLengthCode : send event count: 1
----------------- Pch1_05VPlcy                  -----------
ref count      : 1
----------------- Fru0Elabel-3                  -----------
ref count      : 1
.MfgDateTime    : listened by port : 753686, 
.ProductAssetTag : listened by port : 294920, 
.BoardSerialNumber : recv event count: 1 : listened by port : 294920, 65537, 
.ChassisSerialNumber : listened by port : 294920, 
----------------- vcc_12v0_monitor              -----------
ref count      : 1
.VoltValue      : send event count: 14341366 : recv event count: 14341365 : listened by port : 294920, 
.MonSenValue    : send event count: 2710018
----------------- VoltageLowerEventExpr-901     -----------
ref count      : 1
.Value          : listened by port : 294920, 
----------------- led_Mem021ECCMntr             -----------
ref count      : 1
----------------- FloatLeakageInfo              -----------
ref count      : 1
----------------- 0V6_1_PwrCirAbl_Exp           -----------
ref count      : 1
.Value          : listened by port : 294920, 
----------------- NoSDCardInfo                  -----------
ref count      : 1
----------------- MemUncorrectPlcy              -----------
ref count      : 1
----------------- Fru0Elabel-4                  -----------
ref count      : 1
.MfgDateTime    : listened by port : 753686, 
.ProductAssetTag : listened by port : 294920, 
.BoardSerialNumber : recv event count: 1 : listened by port : 294920, 65537, 
.ChassisSerialNumber : listened by port : 294920, 
----------------- DiskFlashPlcy                 -----------
ref count      : 1
----------------- ComHdd0-2                     -----------
ref count      : 1
.Health         : recv event count: 6 : listened by port : 294920, 
----------------- HddIn2PredFailMntr-2          -----------
ref count      : 1
.State          : listened by port : 294920, 
----------------- BbuCapacityLowInfo            -----------
ref count      : 1
----------------- VoltageLowerEventExpr-902     -----------
ref count      : 1
.Value          : listened by port : 294920, 
----------------- MezzOverVoltage               -----------
ref count      : 1
----------------- led_Hdd3InsertMntr-2          -----------
ref count      : 1
----------------- Mem121PFAEMntr                -----------
ref count      : 1
.State          : listened by port : 294920, 
----------------- led_disk7-2                   -----------
ref count      : 1
----------------- CpuVDDAVSLowInfo              -----------
ref count      : 1
----------------- ComDiskBackplane              -----------
ref count      : 1
.Health         : listened by port : 294920, 
----------------- PSUCurrentUnequalPlcy         -----------
ref count      : 1
----------------- Raiser1PresenceAccessor       -----------
ref count      : 1
----------------- led_pcie_status               -----------
ref count      : 1
----------------- led_Mem130InstalledMntr       -----------
ref count      : 1
----------------- led_Hdd3FailAryMntr-2         -----------
ref count      : 1
----------------- led_12.0V_VCC2                -----------
ref count      : 1
----------------- Port4LinkStatus_exp-3         -----------
ref count      : 1
.Value          : send event count: 2 : recv event count: 2 : listened by port : 294920, 
----------------- Mem151ConfigErrorCond         -----------
ref count      : 1
----------------- led_Hdd7FailAryMntr-2         -----------
ref count      : 1
----------------- PwrOnTimeOutInfo              -----------
ref count      : 1
----------------- HddPFAEPlcy                   -----------
ref count      : 1
----------------- PHYErrIncTooFastPlcy          -----------
ref count      : 1
----------------- PSTempPlcy                    -----------
ref count      : 1
----------------- led_12.0V_VCC3                -----------
ref count      : 1
----------------- PCIeMemoryFaultCountPlcy      -----------
ref count      : 1
----------------- Port4LinkStatus_exp-4         -----------
ref count      : 1
.Value          : send event count: 2 : recv event count: 2 : listened by port : 294920, 
----------------- Mem131PFAEMntr                -----------
ref count      : 1
.State          : listened by port : 294920, 
----------------- 12V0_3PwrCirAbl_Exp           -----------
ref count      : 1
.Value          : listened by port : 294920, 
----------------- DiskIn3LocatErrMntr-2         -----------
ref count      : 1
.State          : listened by port : 294920, 
----------------- Mem161PFAEMntr                -----------
ref count      : 1
.State          : listened by port : 294920, 
----------------- GpuBoardPlugInInfo            -----------
ref count      : 1
----------------- led_12.0V_VCC4                -----------
ref count      : 1
----------------- 12V0_7PwrCirAbl_Exp           -----------
ref count      : 1
.Value          : listened by port : 294920, 
----------------- OutletTempFailPlcy            -----------
ref count      : 1
----------------- HDD_BP_status                 -----------
ref count      : 1
.TypeLengthCode : send event count: 1
.Health         : listened by port : 688148, 294920, 
.ReadingStatus  : send event count: 1
.AssertStatus   : send event count: 1
.Number         : send event count: 1
----------------- PowerButtonTest               -----------
ref count      : 1
----------------- Mem070ConfigErrorCond         -----------
ref count      : 1
----------------- Stdby1_05VHighInfo            -----------
ref count      : 1
----------------- CPU2MEMTempOemConfig          -----------
ref count      : 1
----------------- led_12.0V_VCC5                -----------
ref count      : 1
----------------- Memory040ReplaceMntr          -----------
ref count      : 1
.State          : send event count: 2 : recv event count: 2 : listened by port : 294920, 
.Time           : send event count: 1
----------------- Mem160UncorrectMntr           -----------
ref count      : 1
.State          : listened by port : 294920, 
----------------- Mem041ConfigErrorCond         -----------
ref count      : 1
----------------- Mem141PFAEMntr                -----------
ref count      : 1
.State          : listened by port : 294920, 
----------------- DiskExpPHYInfo                -----------
ref count      : 1
----------------- BmcStartACInfo                -----------
ref count      : 1
----------------- HardwareAddrErrInfo           -----------
ref count      : 1
----------------- Memory151ReplaceMntr          -----------
ref count      : 1
.State          : listened by port : 294920, 
----------------- PCIeLinkDownInfo              -----------
ref count      : 1
----------------- HDDBkpVolLowMajorInfo         -----------
ref count      : 1
----------------- Cpu0Channel0                  -----------
ref count      : 1
.FDMFault       : listened by port : 294920, 
----------------- Mem171PFAEMntr                -----------
ref count      : 1
.State          : listened by port : 294920, 
----------------- Stdby5VLowInfo                -----------
ref count      : 1
----------------- LDAPCertDueStatus_exp3_0      -----------
ref count      : 1
.Value          : listened by port : 294920, 
----------------- BaseLSWTempFailInfo           -----------
ref count      : 1
----------------- Cpu0Channel1                  -----------
ref count      : 1
.FDMFault       : listened by port : 294920, 
----------------- RtcClockFailPlcy              -----------
ref count      : 1
----------------- DiskInner2Listen_2-2          -----------
ref count      : 1
----------------- SysRestart_Event_7_7_D        -----------
ref count      : 1
.EventCode      : send event count: 1
----------------- Disk4DevFault-2               -----------
ref count      : 1
.Value          : listened by port : 294920, 
----------------- SmtpConfig                    -----------
ref count      : 1
.LoginPasswdMasterKeyId : listened by port : 851993, 
----------------- Mem151PFAEMntr                -----------
ref count      : 1
.State          : listened by port : 294920, 
----------------- McdlSdr_1                     -----------
ref count      : 1
.DeviceIdTypeLen : send event count: 1
----------------- BBUModuleFaultPlcy            -----------
ref count      : 1
----------------- LDAPCertDueStatus_exp3_1      -----------
ref count      : 1
.Value          : listened by port : 294920, 
----------------- Cpu0Channel2                  -----------
ref count      : 1
.FDMFault       : listened by port : 294920, 
----------------- LiquidLeakagePlcy             -----------
ref count      : 1
----------------- SysRestart_Event_7_7_E        -----------
ref count      : 1
.EventCode      : send event count: 1
----------------- Disk0Listen_1_Exp2-2          -----------
ref count      : 1
.Value          : send event count: 2 : recv event count: 2 : listened by port : 294920, 
----------------- MemMajorPrefailureInfo        -----------
ref count      : 1
----------------- pwr_issue_39_exp              -----------
ref count      : 1
.Value          : listened by port : 294920, 
----------------- InsufficientBBUPowerPlcy      -----------
ref count      : 1
----------------- led_Mem121InstalledMntr       -----------
ref count      : 1
----------------- LDAPCertDueStatus_exp3_2      -----------
ref count      : 1
.Value          : listened by port : 294920, 
----------------- Mem100RemovedMntr             -----------
ref count      : 1
.State          : send event count: 1 : recv event count: 1 : listened by port : 294920, 
----------------- Cpu0Channel3                  -----------
ref count      : 1
.FDMFault       : listened by port : 294920, 
----------------- pwr_issue_28_exp              -----------
ref count      : 1
.Value          : listened by port : 294920, 
----------------- SysRestart_Event_7_7_F        -----------
ref count      : 1
.EventCode      : send event count: 1
----------------- led_pwr_issue90               -----------
ref count      : 1
----------------- Cpu2ProchotMntr               -----------
ref count      : 1
.State          : listened by port : 294920, 
----------------- PwrLatchFaultMntr08           -----------
ref count      : 1
.State          : listened by port : 294920, 
----------------- led_pwr_latch_issue20         -----------
ref count      : 1
----------------- 33MClockMonitor               -----------
ref count      : 1
.MonSenValue    : listened by port : 294920, 
----------------- FIOInletLtempInfo             -----------
ref count      : 1
----------------- LDAPCertDueStatus_exp3_3      -----------
ref count      : 1
.Value          : listened by port : 294920, 
----------------- PCIeSysLoadStatusPlcy         -----------
ref count      : 1
----------------- Cpu0Channel4                  -----------
ref count      : 1
.FDMFault       : listened by port : 294920, 
----------------- GPUAICoreTemp-801             -----------
ref count      : 1
.DeassertionMask : send event count: 1
.LowerNonrecoverable : send event count: 1
.NormalMax      : send event count: 1
.AssertionMask  : send event count: 1
.BaseUnit       : send event count: 1
.OwnerLun       : send event count: 1
.SensorTypeStr  : send event count: 1
.UpperCritical  : send event count: 1
.NominalReading : send event count: 1
.SensorUnitStr  : send event count: 2
.SensorType     : send event count: 1
.NegativeHysteresisConvert : send event count: 1
.DeassertStatus : send event count: 1
.LowerCritical  : send event count: 1
.M              : send event count: 1
.B              : send event count: 1
.LowerNonrecoverableConvert : send event count: 1
.ReaddingConvert : send event count: 1
.LowerCriticalConvert : send event count: 1
.ReadingRaw     : send event count: 1
.LowerNoncritical : send event count: 1
.Function       : send event count: 1
.UpperCriticalConvert : send event count: 1
.PositiveHysteresis : send event count: 1
.UpperNonrecoverableConvert : send event count: 1
.DiscreteReadingMask : send event count: 1
.UpperNoncriticalConvert : send event count: 1
.EventReadingType : send event count: 1
.MinReading     : send event count: 1
.Capabilities   : send event count: 1
.SensorUnit     : send event count: 1
.ReadingStatus  : send event count: 103
.AssertStatus   : send event count: 1
.AnalogFlags    : send event count: 1
.SensorName     : send event count: 2
.Tolerance      : send event count: 1
.Number         : send event count: 2
.Health         : send event count: 1 : recv event count: 1 : listened by port : 688148, 294920, 
.InnerName      : send event count: 1
.EntityInstance : send event count: 1
.AccuracyExp    : send event count: 1
.PositiveHysteresisConvert : send event count: 1
.RBExp          : send event count: 1
.NormalMin      : send event count: 1
.Initialization : send event count: 1
.ModifierUnit   : send event count: 1
.LowerNoncriticalConvert : send event count: 1
.EntityId       : send event count: 1
.UpperNoncritical : send event count: 1
.UpperNonrecoverable : send event count: 1
.OwnerId        : send event count: 1
.Accuracy       : send event count: 1
.MaxReading     : send event count: 1
.TypeLengthCode : send event count: 2
.NegativeHysteresis : send event count: 1
----------------- Raid:C                        -----------
ref count      : 1
----------------- led_pwr_issue91               -----------
ref count      : 1
----------------- PICRemovedInfo                -----------
ref count      : 1
----------------- PwrLatchFaultMntr09           -----------
ref count      : 1
.State          : listened by port : 294920, 
----------------- Port3BWUsageMntr-3            -----------
ref count      : 1
.State          : listened by port : 294920, 
----------------- led_Mem150ConfigErrMntr       -----------
ref count      : 1
----------------- MemNoOperableInfo             -----------
ref count      : 1
----------------- SysRestartUnknownMntr         -----------
ref count      : 1
.State          : send event count: 99 : recv event count: 99 : listened by port : 294920, 
.SavedReading   : send event count: 1
.Time           : send event count: 50
----------------- Cpu0Channel5                  -----------
ref count      : 1
.FDMFault       : listened by port : 294920, 
----------------- led_pwr_latch_issue21         -----------
ref count      : 1
----------------- PysicalLedIntelligenceTest    -----------
ref count      : 1
----------------- pwr_issue_17_exp              -----------
ref count      : 1
.Value          : listened by port : 294920, 
----------------- RaidComLossInfo               -----------
ref count      : 1
----------------- led_Mem141ConfigErrMntr       -----------
ref count      : 1
----------------- led_pwr_latch_issue22         -----------
ref count      : 1
----------------- Cpu2VsaHighMntr               -----------
ref count      : 1
.State          : listened by port : 294920, 
----------------- Port3BWUsageMntr-4            -----------
ref count      : 1
.State          : listened by port : 294920, 
----------------- SwitchBrdClkPlcy              -----------
ref count      : 1
----------------- led_pwr_issue92               -----------
ref count      : 1
----------------- CpuErrorPlcy                  -----------
ref count      : 1
----------------- Mem151UncorrectMntr           -----------
ref count      : 1
.State          : listened by port : 294920, 
----------------- IncorrectPSUCntPlcy           -----------
ref count      : 1
----------------- HPButtonPlcy                  -----------
ref count      : 1
----------------- led_pwr_issue93               -----------
ref count      : 1
----------------- PS_Listen_4-5                 -----------
ref count      : 1
----------------- led_pwr_latch_issue23         -----------
ref count      : 1
----------------- BoardIDFailInfo               -----------
ref count      : 1
----------------- volt_12v4_sensor_monitor      -----------
ref count      : 1
----------------- lom1_port1_link_mon-3         -----------
ref count      : 1
.MonSenValue    : send event count: 1 : recv event count: 1 : listened by port : 294920, 
----------------- LswTempFailInfo               -----------
ref count      : 1
----------------- BootErrorData                 -----------
ref count      : 1
.EventData      : listened by port : 294920, 
----------------- MainBoardOMTempInfo           -----------
ref count      : 1
----------------- Stby2_5VFailInfo              -----------
ref count      : 1
----------------- led_Hdd10PredFailMntr-2       -----------
ref count      : 1
----------------- HddMediaWearoutLowInfo        -----------
ref count      : 1
----------------- PS_Listen_4-6                 -----------
ref count      : 1
----------------- led_pwr_latch_issue24         -----------
ref count      : 1
----------------- GPUDev-901                    -----------
ref count      : 1
.Health         : recv event count: 1 : listened by port : 294920, 
----------------- BaseLSWOvertempMinorInfo      -----------
ref count      : 1
----------------- lom1_port1_link_mon-4         -----------
ref count      : 1
.MonSenValue    : send event count: 1 : recv event count: 1 : listened by port : 294920, 
----------------- Microcontroller_1_1_ToHmm     -----------
ref count      : 1
----------------- GPUPower-802                  -----------
ref count      : 1
.DeassertionMask : send event count: 1
.LowerNonrecoverable : send event count: 1
.NormalMax      : send event count: 1
.AssertionMask  : send event count: 1
.BaseUnit       : send event count: 1
.OwnerLun       : send event count: 1
.SensorTypeStr  : send event count: 1
.UpperCritical  : send event count: 1
.NominalReading : send event count: 1
.SensorUnitStr  : send event count: 2
.SensorType     : send event count: 1
.NegativeHysteresisConvert : send event count: 1
.DeassertStatus : send event count: 1
.LowerCritical  : send event count: 1
.M              : send event count: 1
.B              : send event count: 1
.LowerNonrecoverableConvert : send event count: 1
.ReaddingConvert : send event count: 55657
.LowerCriticalConvert : send event count: 1
.ReadingRaw     : send event count: 1
.LowerNoncritical : send event count: 1
.Function       : send event count: 1
.UpperCriticalConvert : send event count: 1
.PositiveHysteresis : send event count: 1
.UpperNonrecoverableConvert : send event count: 1
.DiscreteReadingMask : send event count: 1
.UpperNoncriticalConvert : send event count: 1
.EventReadingType : send event count: 1
.MinReading     : send event count: 1
.Capabilities   : send event count: 1
.SensorUnit     : send event count: 1
.ReadingStatus  : send event count: 104
.AssertStatus   : send event count: 1
.AnalogFlags    : send event count: 1
.SensorName     : send event count: 2
.Tolerance      : send event count: 1
.Number         : send event count: 2
.Health         : send event count: 1 : recv event count: 1 : listened by port : 688148, 294920, 
.InnerName      : send event count: 1
.EntityInstance : send event count: 1
.AccuracyExp    : send event count: 1
.PositiveHysteresisConvert : send event count: 1
.RBExp          : send event count: 1
.NormalMin      : send event count: 1
.Initialization : send event count: 1
.ModifierUnit   : send event count: 1
.LowerNoncriticalConvert : send event count: 1
.EntityId       : send event count: 1
.UpperNoncritical : send event count: 1
.UpperNonrecoverable : send event count: 1
.OwnerId        : send event count: 1
.Accuracy       : send event count: 1
.MaxReading     : send event count: 1
.TypeLengthCode : send event count: 2
.NegativeHysteresis : send event count: 1
----------------- SelfTestFailPlcy              -----------
ref count      : 1
----------------- GPUDev-902                    -----------
ref count      : 1
.Health         : recv event count: 1 : listened by port : 294920, 
----------------- led_Disk1FailMntr-2           -----------
ref count      : 1
----------------- InsertInvalidSlotInfo         -----------
ref count      : 1
----------------- led_pwr_latch_issue25         -----------
ref count      : 1
----------------- M2Disk1MissingMntr            -----------
ref count      : 1
.State          : listened by port : 294920, 
----------------- Cpu0Channel7                  -----------
ref count      : 1
.FDMFault       : listened by port : 294920, 
----------------- BkpMiscCablePlcy              -----------
ref count      : 1
----------------- Disk4Listen_7-2               -----------
ref count      : 1
----------------- pwr_issue_mask_exp-3          -----------
ref count      : 1
.Value          : send event count: 1 : recv event count: 1 : listened by port : 294920, 
----------------- Cpu0Channel6                  -----------
ref count      : 1
.FDMFault       : listened by port : 294920, 
----------------- pg_p3v3mr_accessor-1          -----------
ref count      : 1
----------------- led_dimm070                   -----------
ref count      : 1
----------------- led_pwr_latch_issue26         -----------
ref count      : 1
----------------- SelFilter_01                  -----------
ref count      : 1
----------------- CpuEvent_0                    -----------
ref count      : 1
.EventCode      : send event count: 1
----------------- Cpu2MemHotMntr                -----------
ref count      : 1
.State          : listened by port : 294920, 
----------------- DDRCalibrationInfo            -----------
ref count      : 1
----------------- Disk9FailMntr-2               -----------
ref count      : 1
.State          : listened by port : 294920, 
----------------- pwr_issue_mask_exp-4          -----------
ref count      : 1
.Value          : send event count: 1 : recv event count: 1 : listened by port : 294920, 
----------------- CpuHccsLinkInfo               -----------
ref count      : 1
----------------- led_Cpu1InstallMntr           -----------
ref count      : 1
----------------- led_dimm071                   -----------
ref count      : 1
----------------- SysNoMemInfo                  -----------
ref count      : 1
----------------- led_pwr_latch_issue27         -----------
ref count      : 1
----------------- SelFilter_02                  -----------
ref count      : 1
----------------- CpuEvent_1                    -----------
ref count      : 1
.EventCode      : send event count: 1
----------------- Dimm060                       -----------
ref count      : 1
.TypeLengthCode : send event count: 1
.Health         : listened by port : 688148, 294920, 
.ReadingStatus  : send event count: 1
.AssertStatus   : send event count: 1
.Number         : send event count: 1
----------------- VinOvWarningInfo              -----------
ref count      : 1
----------------- led_fan1F_status              -----------
ref count      : 1
----------------- Hdd5RebuildEndMntr-2          -----------
ref count      : 1
.State          : send event count: 1 : recv event count: 1 : listened by port : 294920, 
----------------- Mem070RemovedMntr             -----------
ref count      : 1
.State          : send event count: 1 : recv event count: 1 : listened by port : 294920, 
----------------- DiskBaseBoardRemovedInfo      -----------
ref count      : 1
----------------- led_pwr_latch_issue28         -----------
ref count      : 1
----------------- led_Mem070ECCMntr             -----------
ref count      : 1
----------------- LegacyOPROMResoureNotEnoughInfo-----------
ref count      : 1
----------------- FabricTempPlcy                -----------
ref count      : 1
----------------- Psu2OPOKStatusAccessor        -----------
ref count      : 1
----------------- Dimm061                       -----------
ref count      : 1
.TypeLengthCode : send event count: 1
.Health         : listened by port : 688148, 294920, 
.ReadingStatus  : send event count: 1
.AssertStatus   : send event count: 1
.Number         : send event count: 1
----------------- Cpu2ThermTripMntr             -----------
ref count      : 1
.State          : listened by port : 294920, 
----------------- led_Mem170RemovedMntr         -----------
ref count      : 1
----------------- SYSNoOperableMemMntr          -----------
ref count      : 1
.State          : listened by port : 294920, 
----------------- FabricSwitchSVIDFailedPlcy    -----------
ref count      : 1
----------------- led_pwr_latch_issue29         -----------
ref count      : 1
----------------- CpuEvent_2                    -----------
ref count      : 1
.EventCode      : send event count: 1
----------------- FIOInletLTempFailInfo         -----------
ref count      : 1
----------------- SelFilter_04                  -----------
ref count      : 1
----------------- Disk4StatErrExp-2             -----------
ref count      : 1
.Value          : listened by port : 294920, 
----------------- Disk11StatErrMntr-2           -----------
ref count      : 1
.State          : listened by port : 294920, 
----------------- SystemErrorListen_2           -----------
ref count      : 1
----------------- 1822Chip0V8LowInfo            -----------
ref count      : 1
----------------- led_Mem050UncorrectMntr       -----------
ref count      : 1
----------------- fan3                          -----------
ref count      : 1
----------------- Mem120UncorrectMntr           -----------
ref count      : 1
.State          : listened by port : 294920, 
----------------- Hdd11RemovedMntr-2            -----------
ref count      : 1
.State          : send event count: 1 : recv event count: 1 : listened by port : 294920, 
----------------- PICCardFailInfo               -----------
ref count      : 1
----------------- SelFilter_05                  -----------
ref count      : 1
----------------- led_Mem170ECCMntr             -----------
ref count      : 1
----------------- ACPIPowerOffMntr              -----------
ref count      : 1
.State          : listened by port : 294920, 
----------------- SelFilter_15_03               -----------
ref count      : 1
----------------- RetimerLoadfailPlcy           -----------
ref count      : 1
----------------- RAIDArrayFailedInfo           -----------
ref count      : 1
----------------- CpuEvent_4                    -----------
ref count      : 1
.EventCode      : send event count: 1
----------------- fan4                          -----------
ref count      : 1
----------------- fan1                          -----------
ref count      : 1
----------------- fan2                          -----------
ref count      : 1
----------------- CpuEvent_3                    -----------
ref count      : 1
.EventCode      : send event count: 1
----------------- CpuEvent_5                    -----------
ref count      : 1
.EventCode      : send event count: 1
----------------- FdmConfig                     -----------
ref count      : 1
----------------- SysRAIDNumErrInfo             -----------
ref count      : 1
----------------- PowerOemConfig                -----------
ref count      : 1
----------------- PCIeBandWidthDecreasePlcy     -----------
ref count      : 1
----------------- FAN2FSpeedOemConfig           -----------
ref count      : 1
----------------- SelFilter_15_04               -----------
ref count      : 1
----------------- 1822Chip1V8LowInfo            -----------
ref count      : 1
----------------- RiserCard9555-8               -----------
ref count      : 1
----------------- Sys3_3VHighInfo               -----------
ref count      : 1
----------------- EthHeartAbnorInfo             -----------
ref count      : 1
----------------- TrapItemCfg_0                 -----------
ref count      : 1
.BmaVethIpPort  : listened by port : 950300, 
----------------- GpuBoardTempGetFailInfo       -----------
ref count      : 1
----------------- PwrFaultMntr20                -----------
ref count      : 1
.State          : listened by port : 294920, 
----------------- CpuEvent_6                    -----------
ref count      : 1
.EventCode      : send event count: 1
----------------- Hdd2-2                        -----------
ref count      : 1
.RebuildState   : listened by port : 294920, 
.Presence       : listened by port : 294920, 
.Id             : listened by port : 229382, 491534, 
.ReplaceFlag    : listened by port : 294920, 
----------------- led_HddIn1RbdEndMntr-2        -----------
ref count      : 1
----------------- TrapItemCfg_1                 -----------
ref count      : 1
.BmaVethIpPort  : listened by port : 950300, 
----------------- RiserCard9555-9               -----------
ref count      : 1
----------------- NicTempFailPlcy               -----------
ref count      : 1
----------------- Fan4FInstallMntr              -----------
ref count      : 1
.State          : send event count: 1 : recv event count: 1 : listened by port : 294920, 
----------------- SelFilter_08                  -----------
ref count      : 1
----------------- CpuEvent_7                    -----------
ref count      : 1
.EventCode      : send event count: 1
----------------- PwrFaultMntr21                -----------
ref count      : 1
.State          : listened by port : 294920, 
----------------- Cpu2FailIsoMntr               -----------
ref count      : 1
.State          : listened by port : 294920, 
----------------- NICPowerAbnormalInfo          -----------
ref count      : 1
----------------- TrapItemCfg_2                 -----------
ref count      : 1
.BmaVethIpPort  : listened by port : 950300, 
----------------- M2Disk1LocatErrMntr           -----------
ref count      : 1
.State          : listened by port : 294920, 
----------------- DiskForeignInfo               -----------
ref count      : 1
----------------- InletTEUpperMntr-801          -----------
ref count      : 1
.Mode           : send event count: 1
.Reading        : send event count: 1
.EventFRU       : send event count: 1
.SavedMode      : send event count: 1
.State          : send event count: 1 : recv event count: 1 : listened by port : 294920, 
.SubjectObj     : send event count: 1
.SavedReading   : send event count: 1
.DescriptionDynamic : send event count: 1
.ScannedCount   : send event count: 1
.PolicyObj      : send event count: 1
.SuggestionDynamic : send event count: 1
.SensorObj      : send event count: 1
.Threshold      : send event count: 1
.InformationObj : send event count: 1
.ReadingMask    : send event count: 1
.Operator       : send event count: 1
.Hysteresis     : send event count: 1
.AddInfo        : send event count: 1
.Time           : send event count: 1
----------------- FIOInletRTempFailPlcy         -----------
ref count      : 1
----------------- SysSSDMaxTmp                  -----------
ref count      : 1
.SensorUnitStr  : send event count: 1
.ReaddingConvert : send event count: 185909
.ReadingStatus  : send event count: 103
.Number         : send event count: 1
.Health         : listened by port : 688148, 294920, 
.TypeLengthCode : send event count: 1
----------------- SelFilter_09                  -----------
ref count      : 1
----------------- PwrFaultMntr22                -----------
ref count      : 1
.State          : listened by port : 294920, 
----------------- SelFilter_15_07               -----------
ref count      : 1
----------------- link_listen_4-3               -----------
ref count      : 1
----------------- TrapItemCfg_3                 -----------
ref count      : 1
.BmaVethIpPort  : listened by port : 950300, 
----------------- CpuEvent_8                    -----------
ref count      : 1
.EventCode      : send event count: 1
----------------- VersionChangeEvent_7          -----------
ref count      : 1
.EventCode      : send event count: 1
----------------- SyslogCrlOverDueMntr_0        -----------
ref count      : 1
.State          : listened by port : 294920, 
----------------- InletTEUpperMntr-802          -----------
ref count      : 1
.Mode           : send event count: 1
.Reading        : send event count: 1
.EventFRU       : send event count: 1
.SavedMode      : send event count: 1
.State          : send event count: 1 : recv event count: 1 : listened by port : 294920, 
.SubjectObj     : send event count: 1
.SavedReading   : send event count: 1
.DescriptionDynamic : send event count: 1
.ScannedCount   : send event count: 1
.PolicyObj      : send event count: 1
.SuggestionDynamic : send event count: 1
.SensorObj      : send event count: 1
.Threshold      : send event count: 1
.InformationObj : send event count: 1
.ReadingMask    : send event count: 1
.Operator       : send event count: 1
.Hysteresis     : send event count: 1
.AddInfo        : send event count: 1
.Time           : send event count: 1
----------------- led_Mem110ConfigErrMntr       -----------
ref count      : 1
----------------- CpuEvent_9                    -----------
ref count      : 1
.EventCode      : send event count: 1
----------------- GPUPower-801                  -----------
ref count      : 1
.DeassertionMask : send event count: 1
.LowerNonrecoverable : send event count: 1
.NormalMax      : send event count: 1
.AssertionMask  : send event count: 1
.BaseUnit       : send event count: 1
.OwnerLun       : send event count: 1
.SensorTypeStr  : send event count: 1
.UpperCritical  : send event count: 1
.NominalReading : send event count: 1
.SensorUnitStr  : send event count: 2
.SensorType     : send event count: 1
.NegativeHysteresisConvert : send event count: 1
.DeassertStatus : send event count: 1
.LowerCritical  : send event count: 1
.M              : send event count: 1
.B              : send event count: 1
.LowerNonrecoverableConvert : send event count: 1
.ReaddingConvert : send event count: 20350
.LowerCriticalConvert : send event count: 1
.ReadingRaw     : send event count: 1
.LowerNoncritical : send event count: 1
.Function       : send event count: 1
.UpperCriticalConvert : send event count: 1
.PositiveHysteresis : send event count: 1
.UpperNonrecoverableConvert : send event count: 1
.DiscreteReadingMask : send event count: 1
.UpperNoncriticalConvert : send event count: 1
.EventReadingType : send event count: 1
.MinReading     : send event count: 1
.Capabilities   : send event count: 1
.SensorUnit     : send event count: 1
.ReadingStatus  : send event count: 104
.AssertStatus   : send event count: 1
.AnalogFlags    : send event count: 1
.SensorName     : send event count: 2
.Tolerance      : send event count: 1
.Number         : send event count: 2
.Health         : send event count: 1 : recv event count: 1 : listened by port : 688148, 294920, 
.InnerName      : send event count: 1
.EntityInstance : send event count: 1
.AccuracyExp    : send event count: 1
.PositiveHysteresisConvert : send event count: 1
.RBExp          : send event count: 1
.NormalMin      : send event count: 1
.Initialization : send event count: 1
.ModifierUnit   : send event count: 1
.LowerNoncriticalConvert : send event count: 1
.EntityId       : send event count: 1
.UpperNoncritical : send event count: 1
.UpperNonrecoverable : send event count: 1
.OwnerId        : send event count: 1
.Accuracy       : send event count: 1
.MaxReading     : send event count: 1
.TypeLengthCode : send event count: 2
.NegativeHysteresis : send event count: 1
----------------- PwrFaultMntr23                -----------
ref count      : 1
.State          : listened by port : 294920, 
----------------- ChipSet_Event_3_1             -----------
ref count      : 1
.EventCode      : send event count: 1
----------------- DiskLinkInfo                  -----------
ref count      : 1
----------------- link_listen_4-4               -----------
ref count      : 1
----------------- Mem160InitErrorCond           -----------
ref count      : 1
----------------- led_Mem101ConfigErrMntr       -----------
ref count      : 1
----------------- GPUFru-801                    -----------
ref count      : 1
----------------- led_Fan2FRemovedMntr          -----------
ref count      : 1
----------------- Mem151InitErrorCond           -----------
ref count      : 1
----------------- led_Mem041UncorrectMntr       -----------
ref count      : 1
----------------- GPUAICoreTemp-802             -----------
ref count      : 1
.DeassertionMask : send event count: 1
.LowerNonrecoverable : send event count: 1
.NormalMax      : send event count: 1
.AssertionMask  : send event count: 1
.BaseUnit       : send event count: 1
.OwnerLun       : send event count: 1
.SensorTypeStr  : send event count: 1
.UpperCritical  : send event count: 1
.NominalReading : send event count: 1
.SensorUnitStr  : send event count: 2
.SensorType     : send event count: 1
.NegativeHysteresisConvert : send event count: 1
.DeassertStatus : send event count: 1
.LowerCritical  : send event count: 1
.M              : send event count: 1
.B              : send event count: 1
.LowerNonrecoverableConvert : send event count: 1
.ReaddingConvert : send event count: 1
.LowerCriticalConvert : send event count: 1
.ReadingRaw     : send event count: 1
.LowerNoncritical : send event count: 1
.Function       : send event count: 1
.UpperCriticalConvert : send event count: 1
.PositiveHysteresis : send event count: 1
.UpperNonrecoverableConvert : send event count: 1
.DiscreteReadingMask : send event count: 1
.UpperNoncriticalConvert : send event count: 1
.EventReadingType : send event count: 1
.MinReading     : send event count: 1
.Capabilities   : send event count: 1
.SensorUnit     : send event count: 1
.ReadingStatus  : send event count: 103
.AssertStatus   : send event count: 1
.AnalogFlags    : send event count: 1
.SensorName     : send event count: 2
.Tolerance      : send event count: 1
.Number         : send event count: 2
.Health         : send event count: 1 : recv event count: 1 : listened by port : 688148, 294920, 
.InnerName      : send event count: 1
.EntityInstance : send event count: 1
.AccuracyExp    : send event count: 1
.PositiveHysteresisConvert : send event count: 1
.RBExp          : send event count: 1
.NormalMin      : send event count: 1
.Initialization : send event count: 1
.ModifierUnit   : send event count: 1
.LowerNoncriticalConvert : send event count: 1
.EntityId       : send event count: 1
.UpperNoncritical : send event count: 1
.UpperNonrecoverable : send event count: 1
.OwnerId        : send event count: 1
.Accuracy       : send event count: 1
.MaxReading     : send event count: 1
.TypeLengthCode : send event count: 2
.NegativeHysteresis : send event count: 1
----------------- Cpu2Listen_5_2                -----------
ref count      : 1
----------------- Mem111UncorrectMntr           -----------
ref count      : 1
.State          : listened by port : 294920, 
----------------- DiskInner1Listen_0-2          -----------
ref count      : 1
----------------- PwrFaultMntr24                -----------
ref count      : 1
.State          : listened by port : 294920, 
----------------- pcbid_accessor                -----------
ref count      : 1
----------------- RaidBBUTempExpH-1             -----------
ref count      : 1
.Value          : listened by port : 294920, 
----------------- GPUFru-802                    -----------
ref count      : 1
----------------- PwrFaultMntr25                -----------
ref count      : 1
.State          : listened by port : 294920, 
----------------- 12V_5_Volt_Error              -----------
ref count      : 1
.Value          : listened by port : 294920, 
----------------- Sys12VPlcy                    -----------
ref count      : 1
----------------- LeftEarInfo                   -----------
ref count      : 1
----------------- Mem070InstalledMntr           -----------
ref count      : 1
.State          : send event count: 1 : recv event count: 1 : listened by port : 294920, 
----------------- Front8SASBp_exp               -----------
ref count      : 1
.Value          : listened by port : 294920, 
----------------- CpuProchotPlcy                -----------
ref count      : 1
----------------- Hdd1ReplaceMntr-2             -----------
ref count      : 1
.State          : send event count: 2 : recv event count: 2 : listened by port : 294920, 
.Time           : send event count: 1
----------------- Cpu2ProcHotListen_1           -----------
ref count      : 1
----------------- led_cpu2_VRDTempMntr          -----------
ref count      : 1
----------------- rtc_volt_monitor              -----------
ref count      : 1
.VoltValue      : send event count: 14826850 : recv event count: 14826849 : listened by port : 294920, 
.MonSenValue    : send event count: 720588
----------------- Mem061InstalledMntr           -----------
ref count      : 1
.State          : send event count: 1 : recv event count: 1 : listened by port : 294920, 
----------------- PwrFaultMntr26                -----------
ref count      : 1
.State          : listened by port : 294920, 
----------------- NormalAndRedundancyPlcy       -----------
ref count      : 1
----------------- Hdd5ReplaceMntr-2             -----------
ref count      : 1
.State          : listened by port : 294920, 
----------------- SecureBootFailedInfo          -----------
ref count      : 1
----------------- ComPcieCard-801               -----------
ref count      : 1
.Health         : recv event count: 1 : listened by port : 294920, 
----------------- NoBootPartitionInfo           -----------
ref count      : 1
----------------- FIOClkInfo                    -----------
ref count      : 1
----------------- Cpu1VddqTemp                  -----------
ref count      : 1
.SensorUnitStr  : send event count: 1
.ReaddingConvert : send event count: 122335
.UpperCriticalConvert : send event count: 1
.ReadingStatus  : send event count: 1
.Number         : send event count: 1
.Health         : listened by port : 688148, 294920, 
.TypeLengthCode : send event count: 1
----------------- Hdd9ReplaceMntr-2             -----------
ref count      : 1
.State          : listened by port : 294920, 
----------------- PwrFaultMntr27                -----------
ref count      : 1
.State          : listened by port : 294920, 
----------------- cpu1_vrd0_chip                -----------
ref count      : 1
----------------- Disk0Listen_1-2               -----------
ref count      : 1
----------------- ComPcieCard-802               -----------
ref count      : 1
.Health         : recv event count: 1 : listened by port : 294920, 
----------------- SMezzPowerOffReqInfo          -----------
ref count      : 1
----------------- Disk9Listen_0-2               -----------
ref count      : 1
----------------- 12V_3_Volt                    -----------
ref count      : 1
.DebounceValue  : send event count: 25590634
.RawValue       : send event count: 1
----------------- PwrFaultMntr28                -----------
ref count      : 1
.State          : listened by port : 294920, 
----------------- PwrButShieldExp               -----------
ref count      : 1
.Value          : send event count: 1 : recv event count: 1 : listened by port : 294920, 
----------------- Cpu2VddfixFailMntr            -----------
ref count      : 1
.State          : listened by port : 294920, 
----------------- AEPMemoryMinorInfo            -----------
ref count      : 1
----------------- HddPredicFailPlcy             -----------
ref count      : 1
----------------- led_Hdd1PredicFailMntr-2      -----------
ref count      : 1
----------------- PwrFaultMntr29                -----------
ref count      : 1
.State          : listened by port : 294920, 
----------------- TimeHoppingPlcy               -----------
ref count      : 1
----------------- led_HddIn1PredFailMntr-2      -----------
ref count      : 1
----------------- EiuaVoltHighInfo              -----------
ref count      : 1
----------------- FabricSwitchEepFailInfo       -----------
ref count      : 1
----------------- FlashEventExpr-801            -----------
ref count      : 1
.Value          : listened by port : 294920, 
----------------- PS2PresAccessor               -----------
ref count      : 1
----------------- CpuCoreEvent_00               -----------
ref count      : 1
.EventCode      : send event count: 1
----------------- RAIDBBURemoveMntr-1           -----------
ref count      : 1
.State          : send event count: 31 : recv event count: 31 : listened by port : 294920, 
.Time           : send event count: 15
----------------- CpuCoreEvent_01               -----------
ref count      : 1
.EventCode      : send event count: 1
----------------- led_cpu2_mntr                 -----------
ref count      : 1
----------------- rear9545_chan                 -----------
ref count      : 1
----------------- FlashEventExpr-802            -----------
ref count      : 1
.Value          : listened by port : 294920, 
----------------- BMCTimeHopping                -----------
ref count      : 1
.TypeLengthCode : send event count: 1
.Health         : listened by port : 688148, 294920, 
.ReadingStatus  : send event count: 1
.AssertStatus   : send event count: 1
.Number         : send event count: 1
----------------- pciestatus_0_exp-801          -----------
ref count      : 1
.Value          : listened by port : 294920, 
----------------- Disk10-2                      -----------
ref count      : 1
.TypeLengthCode : send event count: 1
.Health         : send event count: 2 : recv event count: 2 : listened by port : 688148, 294920, 
.ReadingStatus  : send event count: 1
.AssertStatus   : send event count: 6
.Number         : send event count: 1
----------------- Button_Event_0                -----------
ref count      : 1
.EventCode      : send event count: 1
----------------- Mem051ECCMntr                 -----------
ref count      : 1
.State          : listened by port : 294920, 
----------------- PsRemovedInfo                 -----------
ref count      : 1
----------------- Cpu2QPIPFAPort2Mntr           -----------
ref count      : 1
.State          : listened by port : 294920, 
----------------- SelFilter_0C                  -----------
ref count      : 1
----------------- pciestatus_0_exp-802          -----------
ref count      : 1
.Value          : listened by port : 294920, 
----------------- Port3LinkStatusMon-3          -----------
ref count      : 1
.MonSenValue    : send event count: 2 : recv event count: 2 : listened by port : 294920, 
----------------- OcpCardPFAEInfo               -----------
ref count      : 1
----------------- CpuBrdMixPlcy                 -----------
ref count      : 1
----------------- PwrLatchFaultMntr10           -----------
ref count      : 1
.State          : listened by port : 294920, 
----------------- Mem021RemovedMntr             -----------
ref count      : 1
.State          : send event count: 1 : recv event count: 1 : listened by port : 294920, 
----------------- SelFilter_0D                  -----------
ref count      : 1
----------------- Button_Event_1                -----------
ref count      : 1
.EventCode      : send event count: 1
----------------- adc_volt_chip                 -----------
ref count      : 1
----------------- MezzCardPresentInfo           -----------
ref count      : 1
----------------- pwr_latch_issue_17_exp        -----------
ref count      : 1
.Value          : listened by port : 294920, 
----------------- ThresholdSensorMonitor:C      -----------
ref count      : 1
----------------- Button_Event_2                -----------
ref count      : 1
.EventCode      : send event count: 1
----------------- led_Mem010RemovedMntr         -----------
ref count      : 1
----------------- Disk7-2                       -----------
ref count      : 1
.TypeLengthCode : send event count: 1
.Health         : listened by port : 688148, 294920, 
.ReadingStatus  : send event count: 1
.AssertStatus   : send event count: 2
.Number         : send event count: 1
----------------- Port3LinkStatusMon-4          -----------
ref count      : 1
.MonSenValue    : send event count: 2 : recv event count: 2 : listened by port : 294920, 
----------------- PwrLatchFaultMntr11           -----------
ref count      : 1
.State          : listened by port : 294920, 
----------------- Hdd11ExpPHYMntr-2             -----------
ref count      : 1
.State          : listened by port : 294920, 
----------------- IOBoard1OnRiser2              -----------
ref count      : 1
----------------- PowerAbnormalInfo             -----------
ref count      : 1
----------------- PCIePowerUpPeakInfo           -----------
ref count      : 1
----------------- cpu2_vrd0_chip_initvol        -----------
ref count      : 1
----------------- Button_Event_3                -----------
ref count      : 1
.EventCode      : send event count: 1
----------------- led_Hdd11InsertMntr-2         -----------
ref count      : 1
----------------- led_Mem121RemovedMntr         -----------
ref count      : 1
----------------- Cpu2Vddq1LowWarningMntr       -----------
ref count      : 1
.State          : listened by port : 294920, 
----------------- RaidCardRemovedInfo           -----------
ref count      : 1
----------------- SelFilter_0F                  -----------
ref count      : 1
----------------- led_disk15-2                  -----------
ref count      : 1
----------------- PCIeGetVoltageFailMntr-801    -----------
ref count      : 1
.Mode           : send event count: 1
.Reading        : send event count: 1
.EventFRU       : send event count: 1
.SavedMode      : send event count: 1
.State          : send event count: 1 : recv event count: 1 : listened by port : 294920, 
.SubjectObj     : send event count: 1
.SavedReading   : send event count: 1
.DescriptionDynamic : send event count: 1
.ScannedCount   : send event count: 1
.PolicyObj      : send event count: 1
.SuggestionDynamic : send event count: 1
.SensorObj      : send event count: 1
.Threshold      : send event count: 1
.InformationObj : send event count: 1
.ReadingMask    : send event count: 1
.Operator       : send event count: 1
.Hysteresis     : send event count: 1
.AddInfo        : send event count: 1
.Time           : send event count: 1
----------------- PCIeOMTempInfo                -----------
ref count      : 1
----------------- PowerOningInfo                -----------
ref count      : 1
----------------- Mem151ECCMntr                 -----------
ref count      : 1
.State          : listened by port : 294920, 
----------------- Button_Event_4                -----------
ref count      : 1
.EventCode      : send event count: 1
----------------- dft_VDDQ_Test                 -----------
ref count      : 1
----------------- PwrLatchFaultMntr12           -----------
ref count      : 1
.State          : listened by port : 294920, 
----------------- Lom1Port0LinkAccessor-3       -----------
ref count      : 1
----------------- PwrLatchFaultMntr13           -----------
ref count      : 1
.State          : listened by port : 294920, 
----------------- RootKey                       -----------
ref count      : 1
.WorkKey        : recv event count: 1 : listened by port : 131075, 851993, 294920, 655379, 589841, 
----------------- HardwareEventExpr-902         -----------
ref count      : 1
.Value          : listened by port : 294920, 
----------------- M2Disk2RebuildMntr            -----------
ref count      : 1
.State          : listened by port : 294920, 
----------------- SSLCert6CertMonitor           -----------
ref count      : 1
----------------- M2TransformCard19555-9        -----------
ref count      : 1
----------------- Fan1FSpeed_category_exp       -----------
ref count      : 1
.Value          : send event count: 1 : recv event count: 1 : listened by port : 294920, 
----------------- led_Fan1FStatusMntr           -----------
ref count      : 1
----------------- EnergyEfficicyModeCondition   -----------
ref count      : 1
----------------- HardwareEventExpr-901         -----------
ref count      : 1
.Value          : listened by port : 294920, 
----------------- PwrLatchFaultMntr14           -----------
ref count      : 1
.State          : listened by port : 294920, 
----------------- Lom1Port0LinkAccessor-4       -----------
ref count      : 1
----------------- pwr_latch_issue_28_exp        -----------
ref count      : 1
.Value          : listened by port : 294920, 
----------------- Mem130MRCFatelErrMntr         -----------
ref count      : 1
.State          : listened by port : 294920, 
----------------- led_Mem010UncorrectMntr       -----------
ref count      : 1
----------------- M2TransformCard19555-8        -----------
ref count      : 1
----------------- Hdd4ExpPHYMntr-2              -----------
ref count      : 1
.State          : listened by port : 294920, 
----------------- Mem101MRCFatelErrMntr         -----------
ref count      : 1
.State          : listened by port : 294920, 
----------------- HddIn3WearoutExp-2            -----------
ref count      : 1
.Value          : send event count: 1 : recv event count: 1 : listened by port : 294920, 
----------------- MosVoltDropMaintenancePlcy    -----------
ref count      : 1
----------------- led_Mem001UncorrectMntr       -----------
ref count      : 1
----------------- led_HddIn3FailAryMntr-2       -----------
ref count      : 1
----------------- Mem111InitErrorCond           -----------
ref count      : 1
----------------- DiskMaxTempMajorInfo          -----------
ref count      : 1
----------------- PwrIOut16Exp_coeff0-5         -----------
ref count      : 1
.Value          : send event count: 16783739 : recv event count: 16783739 : listened by port : 294920, 
----------------- Port2BWUsageHigh_exp-3        -----------
ref count      : 1
.Value          : listened by port : 294920, 
----------------- CpuFailIsoPlcy                -----------
ref count      : 1
----------------- PwrLatchFaultMntr15           -----------
ref count      : 1
.State          : listened by port : 294920, 
----------------- PwrLatchFaultMntr16           -----------
ref count      : 1
.State          : listened by port : 294920, 
----------------- PICCardVoltPlcy               -----------
ref count      : 1
----------------- Cpu1VsaLowMntr                -----------
ref count      : 1
.State          : listened by port : 294920, 
----------------- led_Disk10FailMntr-2          -----------
ref count      : 1
----------------- Hdd9FailedArrayMntr-2         -----------
ref count      : 1
.State          : listened by port : 294920, 
----------------- SwitchPlaneRestartPlcy        -----------
ref count      : 1
----------------- PwrIOut16Exp_coeff0-6         -----------
ref count      : 1
.Value          : send event count: 16948097 : recv event count: 16948097 : listened by port : 294920, 
----------------- FabricLSWVcoreHighInfo        -----------
ref count      : 1
----------------- Mem030InstalledMntr           -----------
ref count      : 1
.State          : send event count: 1 : recv event count: 1 : listened by port : 294920, 
----------------- PCIeGetVoltageFailMntr-802    -----------
ref count      : 1
.Mode           : send event count: 1
.Reading        : send event count: 1
.EventFRU       : send event count: 1
.SavedMode      : send event count: 1
.State          : send event count: 1 : recv event count: 1 : listened by port : 294920, 
.SubjectObj     : send event count: 1
.SavedReading   : send event count: 1
.DescriptionDynamic : send event count: 1
.ScannedCount   : send event count: 1
.PolicyObj      : send event count: 1
.SuggestionDynamic : send event count: 1
.SensorObj      : send event count: 1
.Threshold      : send event count: 1
.InformationObj : send event count: 1
.ReadingMask    : send event count: 1
.Operator       : send event count: 1
.Hysteresis     : send event count: 1
.AddInfo        : send event count: 1
.Time           : send event count: 1
----------------- PwrLatchFaultMntr17           -----------
ref count      : 1
.State          : listened by port : 294920, 
----------------- AddInCard_04_1_ToHmm          -----------
ref count      : 1
----------------- Port2BWUsageHigh_exp-4        -----------
ref count      : 1
.Value          : listened by port : 294920, 
----------------- led_dimm041_mntr              -----------
ref count      : 1
----------------- Mem021InstalledMntr           -----------
ref count      : 1
.State          : send event count: 1 : recv event count: 1 : listened by port : 294920, 
----------------- NC12VHighInfo                 -----------
ref count      : 1
----------------- Mem020MRCFatelErrMntr         -----------
ref count      : 1
.State          : listened by port : 294920, 
----------------- CpuJCTempMinorInfo            -----------
ref count      : 1
----------------- ExpanderVoltFailPlcy          -----------
ref count      : 1
----------------- PwrLatchFaultMntr18           -----------
ref count      : 1
.State          : listened by port : 294920, 
----------------- led_pwr_latch_issue30         -----------
ref count      : 1
----------------- PciePwrFailExpr-801           -----------
ref count      : 1
.Value          : listened by port : 294920, 
----------------- DiskIn0FailMntr-2             -----------
ref count      : 1
.State          : listened by port : 294920, 
----------------- RS485Out12VLowPlcy            -----------
ref count      : 1
----------------- SysRestart_Event_7_5_0        -----------
ref count      : 1
.EventCode      : send event count: 1
----------------- KeyboardTest                  -----------
ref count      : 1
----------------- BmcSerLogFullPlcy             -----------
ref count      : 1
----------------- PwrLatchFaultMntr19           -----------
ref count      : 1
.State          : listened by port : 294920, 
----------------- led_pwr_latch_issue31         -----------
ref count      : 1
----------------- PCIeGetPowerFailMntr-901      -----------
ref count      : 1
.Mode           : send event count: 1
.Reading        : send event count: 1
.EventFRU       : send event count: 1
.SavedMode      : send event count: 1
.State          : send event count: 1 : recv event count: 1 : listened by port : 294920, 
.SubjectObj     : send event count: 1
.SavedReading   : send event count: 1
.DescriptionDynamic : send event count: 1
.ScannedCount   : send event count: 1
.PolicyObj      : send event count: 1
.SuggestionDynamic : send event count: 1
.SensorObj      : send event count: 1
.Threshold      : send event count: 1
.InformationObj : send event count: 1
.ReadingMask    : send event count: 1
.Operator       : send event count: 1
.Hysteresis     : send event count: 1
.AddInfo        : send event count: 1
.Time           : send event count: 1
----------------- AICoreTempMntrExpr-901        -----------
ref count      : 1
.Value          : send event count: 1 : recv event count: 1 : listened by port : 294920, 
----------------- Ddr3Test                      -----------
ref count      : 1
----------------- PwrFaultMntr80-3              -----------
ref count      : 1
.State          : listened by port : 294920, 
----------------- LocationIndexExp-5            -----------
ref count      : 1
.Value          : listened by port : 294920, 
----------------- SysRestart_Event_7_5_1        -----------
ref count      : 1
.EventCode      : send event count: 1
----------------- Mem120InitErrorCond           -----------
ref count      : 1
----------------- DiskInner3Listen_2-2          -----------
ref count      : 1
----------------- PciePwrFailExpr-802           -----------
ref count      : 1
.Value          : listened by port : 294920, 
----------------- led_pwr_latch_issue32         -----------
ref count      : 1
----------------- Fan3FStatusMntr               -----------
ref count      : 1
.State          : listened by port : 294920, 
----------------- PCIeSwVoltPlcy                -----------
ref count      : 1
----------------- LedDispElmt_RP:C              -----------
ref count      : 1
----------------- Sys12VGetFail4Mntr            -----------
ref count      : 1
.State          : listened by port : 294920, 
----------------- PwrFaultMntr80-4              -----------
ref count      : 1
.State          : listened by port : 294920, 
----------------- LocationIndexExp-6            -----------
ref count      : 1
.Value          : listened by port : 294920, 
----------------- PCIeGetPowerFailMntr-902      -----------
ref count      : 1
.Mode           : send event count: 1
.Reading        : send event count: 1
.EventFRU       : send event count: 1
.SavedMode      : send event count: 1
.State          : send event count: 1 : recv event count: 1 : listened by port : 294920, 
.SubjectObj     : send event count: 1
.SavedReading   : send event count: 1
.DescriptionDynamic : send event count: 1
.ScannedCount   : send event count: 1
.PolicyObj      : send event count: 1
.SuggestionDynamic : send event count: 1
.SensorObj      : send event count: 1
.Threshold      : send event count: 1
.InformationObj : send event count: 1
.ReadingMask    : send event count: 1
.Operator       : send event count: 1
.Hysteresis     : send event count: 1
.AddInfo        : send event count: 1
.Time           : send event count: 1
----------------- ClockLockLostPlcy             -----------
ref count      : 1
----------------- led_pwr_latch_issue33         -----------
ref count      : 1
----------------- Cpu2Temp_category_exp         -----------
ref count      : 1
.Value          : send event count: 1 : recv event count: 1 : listened by port : 294920, 
----------------- FruPresent-801                -----------
ref count      : 1
.Value          : recv event count: 1 : listened by port : 294920, 
----------------- Fru:C                         -----------
ref count      : 1
----------------- AICoreTempMntrExpr-902        -----------
ref count      : 1
.Value          : send event count: 1 : recv event count: 1 : listened by port : 294920, 
----------------- Sys3_3VGetFailPlcy            -----------
ref count      : 1
----------------- led_pwr_latch_issue34         -----------
ref count      : 1
----------------- FruPresent-802                -----------
ref count      : 1
.Value          : recv event count: 1 : listened by port : 294920, 
----------------- SysRestartCPUErrPlcy          -----------
ref count      : 1
----------------- Mem061ConfigErrorCond         -----------
ref count      : 1
----------------- BBUStatus_Listen_2-1          -----------
ref count      : 1
----------------- BIOSMismatchMemFWPlcy         -----------
ref count      : 1
----------------- led_pwr_latch_issue35         -----------
ref count      : 1
----------------- SelFilter_10                  -----------
ref count      : 1
----------------- FabricSWFailInfo              -----------
ref count      : 1
----------------- VideoCtrlFailsMntr            -----------
ref count      : 1
.State          : listened by port : 294920, 
----------------- NetCardAERPlcy                -----------
ref count      : 1
----------------- 0V8_1_PwrCirAbl_Exp           -----------
ref count      : 1
.Value          : listened by port : 294920, 
----------------- led_pwr_latch_issue36         -----------
ref count      : 1
----------------- Riser1CardRemovedMntr         -----------
ref count      : 1
.State          : send event count: 1 : recv event count: 1 : listened by port : 294920, 
----------------- PwrCircuitAbnormalAccessor    -----------
ref count      : 1
----------------- EntityDisk4-2                 -----------
ref count      : 1
.Health         : listened by port : 294920, 
----------------- Mem171ConfigErrorCond         -----------
ref count      : 1
----------------- Raiser3PresenceAccessor       -----------
ref count      : 1
----------------- led_pwr_latch_issue37         -----------
ref count      : 1
----------------- Mem050ConfigErrMntr           -----------
ref count      : 1
.State          : listened by port : 294920, 
----------------- SyslogConfig_0                -----------
ref count      : 1
----------------- Dimm070                       -----------
ref count      : 1
.TypeLengthCode : send event count: 1
.Health         : listened by port : 688148, 294920, 
.ReadingStatus  : send event count: 1
.AssertStatus   : send event count: 1
.Number         : send event count: 1
----------------- PcbVeCpldExp                  -----------
ref count      : 1
.Value          : listened by port : 294920, 
----------------- RiserCardInstalledInfo        -----------
ref count      : 1
----------------- Disk5DevFault-2               -----------
ref count      : 1
.Value          : listened by port : 294920, 
----------------- Mem041ConfigErrMntr           -----------
ref count      : 1
.State          : listened by port : 294920, 
----------------- SelFilter_0C_05               -----------
ref count      : 1
----------------- CpuPFAEInfo                   -----------
ref count      : 1
----------------- LDAPCrlOverDueMntr_1          -----------
ref count      : 1
.State          : listened by port : 294920, 
----------------- Dimm071                       -----------
ref count      : 1
.TypeLengthCode : send event count: 1
.Health         : listened by port : 688148, 294920, 
.ReadingStatus  : send event count: 1
.AssertStatus   : send event count: 1
.Number         : send event count: 1
----------------- NCCDRCfgInfo                  -----------
ref count      : 1
----------------- pwr_issue_64_exp              -----------
ref count      : 1
.Value          : listened by port : 294920, 
----------------- SysRestart_Event_7_5_8        -----------
ref count      : 1
.EventCode      : send event count: 1
----------------- RaidCardBBUTemp-1             -----------
ref count      : 1
.SensorUnitStr  : send event count: 1
.ReaddingConvert : send event count: 62641
.ReadingStatus  : send event count: 67
.Number         : send event count: 1
.Health         : listened by port : 688148, 294920, 
.TypeLengthCode : send event count: 1
----------------- led_Disk2FailMntr-2           -----------
ref count      : 1
----------------- RackPwrCapHighLoadInfo        -----------
ref count      : 1
----------------- cpu2_m012_vtemp_mon           -----------
ref count      : 1
.MonSenValue    : send event count: 117344
----------------- pwr_issue_53_exp              -----------
ref count      : 1
.Value          : listened by port : 294920, 
----------------- LDAPCrlOverDueMntr_2          -----------
ref count      : 1
.State          : listened by port : 294920, 
----------------- NICTempFailMntr-3             -----------
ref count      : 1
.State          : listened by port : 294920, 
----------------- pwr_issue_42_exp              -----------
ref count      : 1
.Value          : listened by port : 294920, 
----------------- SysRestart_Event_7_B_0        -----------
ref count      : 1
.EventCode      : send event count: 1
----------------- Disk5Listen_7-2               -----------
ref count      : 1
----------------- SYS12V_4_category_exp         -----------
ref count      : 1
.Value          : send event count: 1 : recv event count: 1 : listened by port : 294920, 
----------------- pwr_issue_31_exp              -----------
ref count      : 1
.Value          : listened by port : 294920, 
----------------- LDAPCrlOverDueMntr_3          -----------
ref count      : 1
.State          : listened by port : 294920, 
----------------- Cpu0TaRstFlatAcc              -----------
ref count      : 1
----------------- Standby1VPlcy                 -----------
ref count      : 1
----------------- pwr_issue_20_exp              -----------
ref count      : 1
.Value          : listened by port : 294920, 
----------------- NICTempFailMntr-4             -----------
ref count      : 1
.State          : listened by port : 294920, 
----------------- SysRestart_Event_7_B_1        -----------
ref count      : 1
.EventCode      : send event count: 1
----------------- SelFilter_19_03               -----------
ref count      : 1
----------------- lm75_MB_temp_dev_test         -----------
ref count      : 1
----------------- Cpu1Listen_0_exp              -----------
ref count      : 1
.Value          : listened by port : 294920, 
----------------- Dimm000Listen_0               -----------
ref count      : 1
----------------- LDAPCrlOverDueMntr_4          -----------
ref count      : 1
.State          : listened by port : 294920, 
----------------- SelFilter_16                  -----------
ref count      : 1
----------------- dbd_midavg_u6                 -----------
ref count      : 1
----------------- MgmtPortLinkPlcy              -----------
ref count      : 1
----------------- CpuVDDQ_CDLowInfo             -----------
ref count      : 1
----------------- BBUInDischargingStatePlcy     -----------
ref count      : 1
----------------- ChipValueChecker:C            -----------
ref count      : 1
----------------- Dimm000Listen_1               -----------
ref count      : 1
----------------- LDAPCrlOverDueMntr_5          -----------
ref count      : 1
.State          : listened by port : 294920, 
----------------- DiskMissingPlcy               -----------
ref count      : 1
----------------- PwrFaultMntr30                -----------
ref count      : 1
.State          : listened by port : 294920, 
----------------- LDAPCrlOverDueMntr_6          -----------
ref count      : 1
.State          : listened by port : 294920, 
----------------- Dimm010Listen_0               -----------
ref count      : 1
----------------- MemBrdPairInfo                -----------
ref count      : 1
----------------- BootError_Event_0             -----------
ref count      : 1
.EventCode      : send event count: 1
----------------- InletTempOemConfig            -----------
ref count      : 1
----------------- FIOInletRtempFailInfo         -----------
ref count      : 1
----------------- PwrFaultMntr31                -----------
ref count      : 1
.State          : listened by port : 294920, 
----------------- ChassisCoverOpenInfo          -----------
ref count      : 1
----------------- Dimm040Listen_0               -----------
ref count      : 1
----------------- led_Hdd5InsertMntr-2          -----------
ref count      : 1
----------------- CpuTempFailedInfo             -----------
ref count      : 1
----------------- led_disk5-2                   -----------
ref count      : 1
----------------- Dimm010Listen_1               -----------
ref count      : 1
----------------- BootError_Event_1             -----------
ref count      : 1
.EventCode      : send event count: 1
----------------- HddRemovedInfo                -----------
ref count      : 1
----------------- 1V8_PwrCirAbl_Exp             -----------
ref count      : 1
.Value          : listened by port : 294920, 
----------------- SelFilter_19_07               -----------
ref count      : 1
----------------- PCIeVoltageLowerPlcy          -----------
ref count      : 1
----------------- Dimm040Listen_1               -----------
ref count      : 1
----------------- PebpaOverTempInfo             -----------
ref count      : 1
----------------- PCIeGetPowerFailPlcy          -----------
ref count      : 1
----------------- Dimm020Listen_0               -----------
ref count      : 1
----------------- BootError_Event_2             -----------
ref count      : 1
.EventCode      : send event count: 1
----------------- PcieMisMatchPlcy              -----------
ref count      : 1
----------------- PwrFaultMntr33                -----------
ref count      : 1
.State          : listened by port : 294920, 
----------------- PwrFaultMntr32                -----------
ref count      : 1
.State          : listened by port : 294920, 
----------------- PCIeCardPFAEMntr-801          -----------
ref count      : 1
.Mode           : send event count: 1
.Reading        : send event count: 1
.EventFRU       : send event count: 1
.SavedMode      : send event count: 1
.State          : send event count: 1 : recv event count: 1 : listened by port : 294920, 
.SubjectObj     : send event count: 1
.SavedReading   : send event count: 1
.DescriptionDynamic : send event count: 1
.ScannedCount   : send event count: 1
.PolicyObj      : send event count: 1
.SuggestionDynamic : send event count: 1
.SensorObj      : send event count: 1
.Threshold      : send event count: 1
.InformationObj : send event count: 1
.ReadingMask    : send event count: 1
.Operator       : send event count: 1
.Hysteresis     : send event count: 1
.AddInfo        : send event count: 1
.Time           : send event count: 1
----------------- SysRestartTurnOnPolicyMntr    -----------
ref count      : 1
.State          : send event count: 2 : recv event count: 2 : listened by port : 294920, 
.SavedReading   : send event count: 1
.Time           : send event count: 1
----------------- Dimm050Listen_0               -----------
ref count      : 1
----------------- Port3-3                       -----------
ref count      : 1
.LinkStatusBMA  : listened by port : 294920, 
.ActualMac      : listened by port : 917531, 
----------------- EX3_3VGetFailPlcy             -----------
ref count      : 1
----------------- Dimm020Listen_1               -----------
ref count      : 1
----------------- BootError_Event_3             -----------
ref count      : 1
.EventCode      : send event count: 1
----------------- MbdMosDropCriticalInfo        -----------
ref count      : 1
----------------- PwrFaultMntr34                -----------
ref count      : 1
.State          : listened by port : 294920, 
----------------- CpuVRDTempFailInfo            -----------
ref count      : 1
----------------- SMMVersionDiffPlcy            -----------
ref count      : 1
----------------- Dimm000Listen_5               -----------
ref count      : 1
----------------- Dimm000Listen_6               -----------
ref count      : 1
----------------- Dimm050Listen_1               -----------
ref count      : 1
----------------- Port3-4                       -----------
ref count      : 1
.LinkStatusBMA  : listened by port : 294920, 
.ActualMac      : listened by port : 917531, 
----------------- Ps1InstallMntr                -----------
ref count      : 1
.State          : send event count: 1 : recv event count: 1 : listened by port : 294920, 
----------------- PwrFaultMntr35                -----------
ref count      : 1
.State          : listened by port : 294920, 
----------------- RiserCardVoltLowMaintenanceInfo-----------
ref count      : 1
----------------- Dimm030Listen_0               -----------
ref count      : 1
----------------- BootError_Event_4             -----------
ref count      : 1
.EventCode      : send event count: 1
----------------- PCIeCardPFAEMntr-802          -----------
ref count      : 1
.Mode           : send event count: 1
.Reading        : send event count: 1
.EventFRU       : send event count: 1
.SavedMode      : send event count: 1
.State          : send event count: 1 : recv event count: 1 : listened by port : 294920, 
.SubjectObj     : send event count: 1
.SavedReading   : send event count: 1
.DescriptionDynamic : send event count: 1
.ScannedCount   : send event count: 1
.PolicyObj      : send event count: 1
.SuggestionDynamic : send event count: 1
.SensorObj      : send event count: 1
.Threshold      : send event count: 1
.InformationObj : send event count: 1
.ReadingMask    : send event count: 1
.Operator       : send event count: 1
.Hysteresis     : send event count: 1
.AddInfo        : send event count: 1
.Time           : send event count: 1
----------------- SysRestart_Event_7_B_8        -----------
ref count      : 1
.EventCode      : send event count: 1
----------------- CpuChannelFdmFaultInfo        -----------
ref count      : 1
----------------- Dimm000Listen_7               -----------
ref count      : 1
----------------- Memory060ReplaceMntr          -----------
ref count      : 1
.State          : listened by port : 294920, 
----------------- Dimm010Listen_5               -----------
ref count      : 1
----------------- Dimm060Listen_0               -----------
ref count      : 1
----------------- PwrFaultMntr36                -----------
ref count      : 1
.State          : listened by port : 294920, 
----------------- MeshCardVoltLowInfo           -----------
ref count      : 1
----------------- Stby1_1VFailPlcy              -----------
ref count      : 1
----------------- Dimm030Listen_1               -----------
ref count      : 1
----------------- Hdd0WearoutExp-2              -----------
ref count      : 1
.Value          : send event count: 199 : recv event count: 199 : listened by port : 294920, 
----------------- Dimm040Listen_5               -----------
ref count      : 1
----------------- FanFailureInfo                -----------
ref count      : 1
----------------- Stdby5VHighInfo               -----------
ref count      : 1
----------------- Dimm010Listen_6               -----------
ref count      : 1
----------------- Dimm060Listen_1               -----------
ref count      : 1
----------------- PwrFaultMntr37                -----------
ref count      : 1
.State          : listened by port : 294920, 
----------------- Cpu2DdrVddq2HighMntr          -----------
ref count      : 1
.State          : listened by port : 294920, 
----------------- Memory171ReplaceMntr          -----------
ref count      : 1
.State          : listened by port : 294920, 
----------------- BIO3V3FailInfo                -----------
ref count      : 1
----------------- STBY3V3FailCpldAccessor       -----------
ref count      : 1
----------------- Dimm040Listen_6               -----------
ref count      : 1
----------------- PcieCard-802                  -----------
ref count      : 1
.FatalError     : listened by port : 294920, 
.FDMFault       : listened by port : 294920, 
.Health         : recv event count: 1 : listened by port : 294920, 
.ReplaceFlag    : listened by port : 294920, 
----------------- Dimm010Listen_7               -----------
ref count      : 1
----------------- FIO3V3FailInfo                -----------
ref count      : 1
----------------- Dimm020Listen_5               -----------
ref count      : 1
----------------- Dimm070Listen_0               -----------
ref count      : 1
----------------- LeakCardAbsentPlcy            -----------
ref count      : 1
----------------- DiskInner2Listen_0-2          -----------
ref count      : 1
----------------- SysRestart_Event_7_5_D        -----------
ref count      : 1
.EventCode      : send event count: 1
----------------- PCIeSwVIOLowerInfo            -----------
ref count      : 1
----------------- Dimm040Listen_7               -----------
ref count      : 1
----------------- Mem010ConfigErrMntr           -----------
ref count      : 1
.State          : listened by port : 294920, 
----------------- Dimm050Listen_5               -----------
ref count      : 1
----------------- RiserCardPwrMntr-8            -----------
ref count      : 1
.State          : listened by port : 294920, 
----------------- RiserCardPwrMntr-9            -----------
ref count      : 1
.State          : listened by port : 294920, 
----------------- Stby1_5VFailPlcy              -----------
ref count      : 1
----------------- Mem070InitErrorLogMntr        -----------
ref count      : 1
.State          : listened by port : 294920, 
----------------- Dimm020Listen_6               -----------
ref count      : 1
----------------- PCHTempInfo                   -----------
ref count      : 1
----------------- Mem001ConfigErrMntr           -----------
ref count      : 1
.State          : listened by port : 294920, 
----------------- SysRestart_Event_7_5_E        -----------
ref count      : 1
.EventCode      : send event count: 1
----------------- PCIeGetHardInfoFailPlcy       -----------
ref count      : 1
----------------- Dimm050Listen_6               -----------
ref count      : 1
----------------- Cpu1TempFailedDebounce        -----------
ref count      : 1
.MonSenValue    : listened by port : 294920, 
----------------- issue_record_accessor         -----------
ref count      : 1
----------------- Dimm020Listen_7               -----------
ref count      : 1
----------------- CpuBistFailInfo               -----------
ref count      : 1
----------------- Sys1_1VLowInfo                -----------
ref count      : 1
----------------- Dimm030Listen_5               -----------
ref count      : 1
----------------- SysRestart_Event_7_5_F        -----------
ref count      : 1
.EventCode      : send event count: 1
----------------- ASICEvent_26_07_1             -----------
ref count      : 1
.EventCode      : send event count: 1
----------------- ComSystem                     -----------
ref count      : 1
.Health         : recv event count: 6 : listened by port : 294920, 
----------------- PsAddrFaultInfo               -----------
ref count      : 1
----------------- Dimm050Listen_7               -----------
ref count      : 1
----------------- Disk1Listen_1-2               -----------
ref count      : 1
----------------- Dimm060Listen_5               -----------
ref count      : 1
----------------- Fan3Fspeed                    -----------
ref count      : 1
.SensorUnitStr  : send event count: 1
.ReaddingConvert : send event count: 1041234
.ReadingStatus  : send event count: 1
.Number         : send event count: 1
.Health         : listened by port : 688148, 294920, 
.TypeLengthCode : send event count: 1
----------------- CpuEvent_b                    -----------
ref count      : 1
.EventCode      : send event count: 1
----------------- Dimm030Listen_6               -----------
ref count      : 1
----------------- bbu_present_exp-1             -----------
ref count      : 1
.Value          : send event count: 31 : recv event count: 31 : listened by port : 294920, 
----------------- Mem120RemovedMntr             -----------
ref count      : 1
.State          : send event count: 1 : recv event count: 1 : listened by port : 294920, 
----------------- ASICEvent_26_07_2             -----------
ref count      : 1
.EventCode      : send event count: 1
----------------- PS_Listen_2-5                 -----------
ref count      : 1
----------------- OutletTemp_category           -----------
ref count      : 1
----------------- CpuEvent_a                    -----------
ref count      : 1
.EventCode      : send event count: 1
----------------- RiserCard9555-e               -----------
ref count      : 1
----------------- Dimm060Listen_6               -----------
ref count      : 1
----------------- MainboardVoltagePlcy          -----------
ref count      : 1
----------------- CpuEvent_c                    -----------
ref count      : 1
.EventCode      : send event count: 1
----------------- Dimm030Listen_7               -----------
ref count      : 1
----------------- MemInstalledInfo              -----------
ref count      : 1
----------------- Dimm070Listen_1               -----------
ref count      : 1
----------------- PcieCard-801                  -----------
ref count      : 1
.FatalError     : listened by port : 294920, 
.FDMFault       : listened by port : 294920, 
.Health         : recv event count: 1 : listened by port : 294920, 
.ReplaceFlag    : listened by port : 294920, 
----------------- PS_Listen_2-6                 -----------
ref count      : 1
----------------- RaidComLossMntr-1             -----------
ref count      : 1
.State          : listened by port : 294920, 
----------------- 12V0_3PwrCirAblMntr           -----------
ref count      : 1
.State          : listened by port : 294920, 
----------------- InsertStatusLedCtrl           -----------
ref count      : 1
----------------- Dimm060Listen_7               -----------
ref count      : 1
----------------- PMemTempMinorInfo             -----------
ref count      : 1
----------------- PSInputLostLsnPlcy            -----------
ref count      : 1
----------------- led_dimm161_mntr              -----------
ref count      : 1
----------------- Memory000                     -----------
ref count      : 1
.FDMFault       : listened by port : 294920, 
.ReplaceFlag    : listened by port : 294920, 
----------------- 12V0_7PwrCirAblMntr           -----------
ref count      : 1
.State          : listened by port : 294920, 
----------------- Ch7MirrorFailInfo             -----------
ref count      : 1
----------------- PwrLatchFaultMntr20           -----------
ref count      : 1
.State          : listened by port : 294920, 
----------------- Dimm070Listen_5               -----------
ref count      : 1
----------------- PCIeCardFaultPlcy             -----------
ref count      : 1
----------------- Hdd7RebuildEndMntr-2          -----------
ref count      : 1
.State          : send event count: 1 : recv event count: 1 : listened by port : 294920, 
----------------- PwrLatchFaultMntr21           -----------
ref count      : 1
.State          : listened by port : 294920, 
----------------- FanbdPowerFailedPlcy          -----------
ref count      : 1
----------------- Dimm070Listen_6               -----------
ref count      : 1
----------------- PCIeBandWidthMntr-801         -----------
ref count      : 1
.Mode           : send event count: 1
.Reading        : send event count: 1
.EventFRU       : send event count: 1
.SavedMode      : send event count: 1
.State          : send event count: 1 : recv event count: 1 : listened by port : 294920, 
.SubjectObj     : send event count: 1
.SavedReading   : send event count: 1
.DescriptionDynamic : send event count: 1
.ScannedCount   : send event count: 1
.PolicyObj      : send event count: 1
.SuggestionDynamic : send event count: 1
.SensorObj      : send event count: 1
.Threshold      : send event count: 1
.InformationObj : send event count: 1
.ReadingMask    : send event count: 1
.Operator       : send event count: 1
.Hysteresis     : send event count: 1
.AddInfo        : send event count: 1
.Time           : send event count: 1
----------------- Memory001                     -----------
ref count      : 1
.FDMFault       : listened by port : 294920, 
.ReplaceFlag    : listened by port : 294920, 
----------------- 1280_3_0G_exp                 -----------
ref count      : 1
.Value          : send event count: 1 : recv event count: 1 : listened by port : 294920, 
.Y              : send event count: 1
----------------- Hdd8FlashMntr-2               -----------
ref count      : 1
.State          : listened by port : 294920, 
----------------- RiserCardFru-8                -----------
ref count      : 1
----------------- PwrLatchFaultMntr22           -----------
ref count      : 1
.State          : listened by port : 294920, 
----------------- InnerHddCard2_exp-2           -----------
ref count      : 1
.Value          : listened by port : 294920, 
----------------- FanRemovedInfo                -----------
ref count      : 1
----------------- led_Cpu2RemovedMntr           -----------
ref count      : 1
----------------- Button_Event_3_ToHmm          -----------
ref count      : 1
----------------- Dimm070Listen_7               -----------
ref count      : 1
----------------- RiserCardVoltGetFailPlcy      -----------
ref count      : 1
----------------- cpu2_vrd0_chip                -----------
ref count      : 1
----------------- MMIOResoureNotEnoughInfo      -----------
ref count      : 1
----------------- Stby1_8VFailPlcy              -----------
ref count      : 1
----------------- PwrLatchFaultMntr23           -----------
ref count      : 1
.State          : listened by port : 294920, 
----------------- OutletTempUpperMinorMntr      -----------
ref count      : 1
.State          : listened by port : 294920, 
----------------- UnitInsertPlcy                -----------
ref count      : 1
----------------- SecurityModuleSelfTestInfo    -----------
ref count      : 1
----------------- Port3LinkDownMntr-3           -----------
ref count      : 1
.State          : send event count: 2 : recv event count: 2 : listened by port : 294920, 
.Time           : send event count: 1
----------------- PcieCardInstalledPlcy         -----------
ref count      : 1
----------------- led_STBY3V3_2V5_status        -----------
ref count      : 1
----------------- RiserCardFru-9                -----------
ref count      : 1
----------------- PwrLatchFaultMntr24           -----------
ref count      : 1
.State          : listened by port : 294920, 
----------------- cpu1vddfix_volt_Fail          -----------
ref count      : 1
.Value          : listened by port : 294920, 
.Y              : send event count: 1
----------------- LDAPCertDueStatus_exp1_3      -----------
ref count      : 1
.Value          : listened by port : 294920, 
----------------- LDAPCertDueStatus_exp1_2      -----------
ref count      : 1
.Value          : listened by port : 294920, 
----------------- Port3LinkDownMntr-4           -----------
ref count      : 1
.State          : send event count: 2 : recv event count: 2 : listened by port : 294920, 
.Time           : send event count: 1
----------------- led_inlet_temp                -----------
ref count      : 1
----------------- SysRestart_Event_7_B_D        -----------
ref count      : 1
.EventCode      : send event count: 1
----------------- 0V6_1_PwrCirAblMntr           -----------
ref count      : 1
.State          : listened by port : 294920, 
----------------- LDAPCertDueStatus_exp1_0      -----------
ref count      : 1
.Value          : listened by port : 294920, 
----------------- Hdd10RebuildStartMntr-2       -----------
ref count      : 1
.State          : listened by port : 294920, 
----------------- ComputerSystem:C              -----------
ref count      : 1
----------------- PwrLatchFaultMntr25           -----------
ref count      : 1
.State          : listened by port : 294920, 
----------------- Hdd6Flash_exp-2               -----------
ref count      : 1
.Value          : listened by port : 294920, 
----------------- pwr_latch_issue_31_exp        -----------
ref count      : 1
.Value          : listened by port : 294920, 
----------------- SysRestart_Event_7_B_E        -----------
ref count      : 1
.EventCode      : send event count: 1
----------------- PCIeOverCurExp-801            -----------
ref count      : 1
.Value          : listened by port : 294920, 
----------------- LDAPCertDueStatus_exp1_1      -----------
ref count      : 1
.Value          : listened by port : 294920, 
----------------- HddInner2RemovedMntr-2        -----------
ref count      : 1
.State          : send event count: 1 : recv event count: 1 : listened by port : 294920, 
----------------- PwrLatchFaultMntr26           -----------
ref count      : 1
.State          : listened by port : 294920, 
----------------- PCIeCardVoltageHighInfo       -----------
ref count      : 1
----------------- M2Disk2PredicFailMntr         -----------
ref count      : 1
.State          : listened by port : 294920, 
----------------- MngmntHealthEvent_5_0         -----------
ref count      : 1
.EventCode      : send event count: 1
----------------- SysRestart_Event_7_B_F        -----------
ref count      : 1
.EventCode      : send event count: 1
----------------- BoardMosOverTempPlcy          -----------
ref count      : 1
----------------- BoardPowerDropPlcy            -----------
ref count      : 1
----------------- Cpu1VDDQTempMinorMntr         -----------
ref count      : 1
.State          : listened by port : 294920, 
----------------- RearBackplanePca9555          -----------
ref count      : 1
----------------- SelFilter_14_6f               -----------
ref count      : 1
----------------- TimOutPwrCycleMntr            -----------
ref count      : 1
.State          : listened by port : 294920, 
----------------- Npu12LowMajorPlcy             -----------
ref count      : 1
----------------- PwrLatchFaultMntr27           -----------
ref count      : 1
.State          : listened by port : 294920, 
----------------- Hdd1FlashMntr-2               -----------
ref count      : 1
.State          : listened by port : 294920, 
----------------- Disk6Listen_1_Exp1-2          -----------
ref count      : 1
.Value          : listened by port : 294920, 
----------------- MngmntHealthEvent_5_1         -----------
ref count      : 1
.EventCode      : send event count: 1
----------------- SdRaidCardFaultPlcy           -----------
ref count      : 1
----------------- PsPreFailureExp4-5            -----------
ref count      : 1
.Value          : listened by port : 294920, 
----------------- Cpu2CoreTempExpr              -----------
ref count      : 1
.Value          : send event count: 2217456 : recv event count: 2217456 : listened by port : 294920, 
----------------- PwrLatchFaultMntr28           -----------
ref count      : 1
.State          : listened by port : 294920, 
----------------- PsInsufficientPlcy            -----------
ref count      : 1
----------------- led_sas_cable                 -----------
ref count      : 1
----------------- EnRackPowCapInfo              -----------
ref count      : 1
----------------- Disk6StatErrExp-2             -----------
ref count      : 1
.Value          : listened by port : 294920, 
----------------- PsPreFailureExp4-6            -----------
ref count      : 1
.Value          : listened by port : 294920, 
----------------- ComBMA                        -----------
ref count      : 1
.Health         : listened by port : 294920, 
----------------- PCIeOverCurExp-802            -----------
ref count      : 1
.Value          : listened by port : 294920, 
----------------- HpcTypeCfgExpInfo             -----------
ref count      : 1
----------------- PwrLatchFaultMntr29           -----------
ref count      : 1
.State          : listened by port : 294920, 
----------------- FanEvent_0                    -----------
ref count      : 1
.EventCode      : send event count: 1
----------------- Cpu1MemTemp                   -----------
ref count      : 1
.SensorUnitStr  : send event count: 1
.NegativeHysteresisConvert : send event count: 1
.ReaddingConvert : send event count: 466490
.UpperCriticalConvert : send event count: 1
.UpperNonrecoverableConvert : send event count: 1
.ReadingStatus  : send event count: 103
.Number         : send event count: 1
.Health         : listened by port : 688148, 294920, 
.PositiveHysteresisConvert : send event count: 1
.TypeLengthCode : send event count: 1
----------------- PCIeBandWidthMntr-802         -----------
ref count      : 1
.Mode           : send event count: 1
.Reading        : send event count: 1
.EventFRU       : send event count: 1
.SavedMode      : send event count: 1
.State          : send event count: 1 : recv event count: 1 : listened by port : 294920, 
.SubjectObj     : send event count: 1
.SavedReading   : send event count: 1
.DescriptionDynamic : send event count: 1
.ScannedCount   : send event count: 1
.PolicyObj      : send event count: 1
.SuggestionDynamic : send event count: 1
.SensorObj      : send event count: 1
.Threshold      : send event count: 1
.InformationObj : send event count: 1
.ReadingMask    : send event count: 1
.Operator       : send event count: 1
.Hysteresis     : send event count: 1
.AddInfo        : send event count: 1
.Time           : send event count: 1
----------------- PwrSplyGetExpres-5            -----------
ref count      : 1
.Value          : send event count: 2 : recv event count: 2 : listened by port : 294920, 
----------------- Cpu0ProcHotAccessor           -----------
ref count      : 1
----------------- VinOvWarningInfo-5            -----------
ref count      : 1
----------------- MezzTempMinorInfo             -----------
ref count      : 1
----------------- Cpu1Temp_category             -----------
ref count      : 1
----------------- FIOInletRtempInfo             -----------
ref count      : 1
----------------- RaidCardPCIEErrMntr-1         -----------
ref count      : 1
.State          : listened by port : 294920, 
----------------- MezzCardFaultInfo             -----------
ref count      : 1
----------------- FanEvent_1                    -----------
ref count      : 1
.EventCode      : send event count: 1
----------------- led_Hdd3PredicFailMntr-2      -----------
ref count      : 1
----------------- led_Disk11FailMntr-2          -----------
ref count      : 1
----------------- Warning                       -----------
ref count      : 1
.MinorAlarmNum  : send event count: 14
.HealthScore    : send event count: 1
.HealthStatus   : send event count: 4 : recv event count: 4 : listened by port : 294920, 
.AlarmUpdateTimestamp : send event count: 38
.MajorAlarmNum  : send event count: 18
----------------- PwrSplyGetExpres-6            -----------
ref count      : 1
.Value          : send event count: 2 : recv event count: 2 : listened by port : 294920, 
----------------- VinOvWarningInfo-6            -----------
ref count      : 1
----------------- SwiRemovedInfo                -----------
ref count      : 1
----------------- PSBoardEntity                 -----------
ref count      : 1
.PowerState     : send event count: 1
.EnableState    : send event count: 2
.Health         : listened by port : 294920, 
----------------- Memory011ReplaceMntr          -----------
ref count      : 1
.State          : listened by port : 294920, 
----------------- 0V8_VDD1_PwrCirAbl_Exp        -----------
ref count      : 1
.Value          : listened by port : 294920, 
----------------- Hdd0-2                        -----------
ref count      : 1
.RebuildState   : recv event count: 2 : listened by port : 294920, 
.Presence       : recv event count: 2 : listened by port : 294920, 
.Id             : listened by port : 229382, 491534, 
.ReplaceFlag    : recv event count: 2 : listened by port : 294920, 
----------------- FanEvent_2                    -----------
ref count      : 1
.EventCode      : send event count: 1
----------------- pwr_latch_issue_20_exp        -----------
ref count      : 1
.Value          : listened by port : 294920, 
----------------- PMEServiceConfig:C            -----------
ref count      : 1
----------------- PMemoryMinorPlcy              -----------
ref count      : 1
----------------- FanEvent_3                    -----------
ref count      : 1
.EventCode      : send event count: 1
----------------- OcpCardReplaceInfo            -----------
ref count      : 1
----------------- Mem160InitErrorLogMntr        -----------
ref count      : 1
.State          : listened by port : 294920, 
----------------- link_listen_2-3               -----------
ref count      : 1
----------------- led_dimm030_mntr              -----------
ref count      : 1
----------------- Mem150MRCFatelErrMntr         -----------
ref count      : 1
.State          : listened by port : 294920, 
----------------- 2V5_1_PwrCirAbnormal          -----------
ref count      : 1
----------------- Fan3FSpeed_category           -----------
ref count      : 1
----------------- led_Hdd6RbdStartMntr-2        -----------
ref count      : 1
----------------- rtc_volt_test                 -----------
ref count      : 1
.VoltValue      : send event count: 1
----------------- FanEvent_4                    -----------
ref count      : 1
.EventCode      : send event count: 1
----------------- link_listen_2-4               -----------
ref count      : 1
----------------- Disk5StatErrMntr-2            -----------
ref count      : 1
.State          : listened by port : 294920, 
----------------- Disk9StatErrMntr-2            -----------
ref count      : 1
.State          : listened by port : 294920, 
----------------- DiskIn1FailMntr-2             -----------
ref count      : 1
.State          : listened by port : 294920, 
----------------- Fan1FStatus                   -----------
ref count      : 1
.TypeLengthCode : send event count: 1
.Health         : listened by port : 688148, 294920, 
.ReadingStatus  : send event count: 1
.AssertStatus   : send event count: 1
.Number         : send event count: 1
----------------- PortUpgradeFailInfo           -----------
ref count      : 1
----------------- SelFilter_21                  -----------
ref count      : 1
----------------- FanEvent_5                    -----------
ref count      : 1
.EventCode      : send event count: 1
----------------- M2TransformCard19555-e        -----------
ref count      : 1
----------------- Ch3MirrorFailInfo             -----------
ref count      : 1
----------------- CpuVmcpGetFailedInfo          -----------
ref count      : 1
----------------- Mem171InitErrorLogMntr        -----------
ref count      : 1
.State          : listened by port : 294920, 
----------------- MainbrdPsAbnorPlcy            -----------
ref count      : 1
----------------- FanEvent_6                    -----------
ref count      : 1
.EventCode      : send event count: 1
----------------- Cpu2VRDTempMinorMntr          -----------
ref count      : 1
.State          : listened by port : 294920, 
----------------- SelFilter_22                  -----------
ref count      : 1
----------------- SMMTempGetFailPlcy            -----------
ref count      : 1
----------------- RaidElabel-1                  -----------
ref count      : 1
.MfgDateTime    : listened by port : 753686, 
.ProductAssetTag : listened by port : 294920, 
.BoardSerialNumber : recv event count: 1 : listened by port : 294920, 65537, 
.ChassisSerialNumber : listened by port : 294920, 
----------------- BBUFanFaultInfo               -----------
ref count      : 1
----------------- MemIsolatedPlcy               -----------
ref count      : 1
----------------- Hdd7FailedArrayMntr-2         -----------
ref count      : 1
.State          : listened by port : 294920, 
----------------- RiserCard2_Listen_1           -----------
ref count      : 1
----------------- led_HddIn3RbdEndMntr-2        -----------
ref count      : 1
----------------- VoltageEvent_0                -----------
ref count      : 1
.EventCode      : send event count: 1
----------------- PS_Fan_Listen_0-5             -----------
ref count      : 1
----------------- led_Mem170UncorrectMntr       -----------
ref count      : 1
----------------- SelFilter_23                  -----------
ref count      : 1
----------------- Cpu2VsaLowMntr                -----------
ref count      : 1
.State          : listened by port : 294920, 
----------------- NpuThermTripInfo              -----------
ref count      : 1
----------------- Mem011MRCFatelErrMntr         -----------
ref count      : 1
.State          : listened by port : 294920, 
----------------- CpuDdrVddqPlcy                -----------
ref count      : 1
----------------- led_Mem161UncorrectMntr       -----------
ref count      : 1
----------------- ExpStatusPlcy                 -----------
ref count      : 1
----------------- volt_cpu1_vddq_sensor_monitor -----------
ref count      : 1
----------------- PS_Fan_Listen_0-6             -----------
ref count      : 1
----------------- ALBrdAbnormalInfo             -----------
ref count      : 1
----------------- MasteriBMCPresentPlcy         -----------
ref count      : 1
----------------- LanEvent_1                    -----------
ref count      : 1
.EventCode      : send event count: 1
----------------- led_Mem020ECCMntr             -----------
ref count      : 1
----------------- RaidCardPFAEMntr-1            -----------
ref count      : 1
.State          : listened by port : 294920, 
----------------- PICCard3V3LowInfo             -----------
ref count      : 1
----------------- 1V2_4_PwrCirAbnormal          -----------
ref count      : 1
----------------- VoltageEvent_2                -----------
ref count      : 1
.EventCode      : send event count: 1
----------------- PassCardInstalledInfo         -----------
ref count      : 1
----------------- RiserCard3_Listen_1           -----------
ref count      : 1
----------------- FanEvent_9                    -----------
ref count      : 1
.EventCode      : send event count: 1
----------------- SMMToActiveInfo               -----------
ref count      : 1
----------------- SysRestart_Listen_7           -----------
ref count      : 1
----------------- Disk1StatErrMntr-2            -----------
ref count      : 1
.State          : send event count: 4 : recv event count: 4 : listened by port : 294920, 
.SavedReading   : send event count: 4
.Time           : send event count: 4
----------------- FanEvent_8                    -----------
ref count      : 1
.EventCode      : send event count: 1
----------------- Disk10ForeignMntr-2           -----------
ref count      : 1
.State          : send event count: 2 : recv event count: 2 : listened by port : 294920, 
.SavedReading   : send event count: 2
.Time           : send event count: 2
----------------- PchUncorrectErrPlcy           -----------
ref count      : 1
----------------- Mem040MRCFatelErrMntr         -----------
ref count      : 1
.State          : listened by port : 294920, 
----------------- ComMemory100                  -----------
ref count      : 1
.Health         : listened by port : 294920, 
----------------- Mem121MRCFatelErrMntr         -----------
ref count      : 1
.State          : listened by port : 294920, 
----------------- SelFilter_26                  -----------
ref count      : 1
----------------- led_Fan4FRemovedMntr          -----------
ref count      : 1
----------------- SDCardFailedArrayPlcy         -----------
ref count      : 1
----------------- RiserCard1_Listen_1           -----------
ref count      : 1
----------------- RaidCardInstalledInfo         -----------
ref count      : 1
----------------- led_Mem120ECCMntr             -----------
ref count      : 1
----------------- VoltageEvent_4                -----------
ref count      : 1
.EventCode      : send event count: 1
----------------- ComMemory101                  -----------
ref count      : 1
.Health         : listened by port : 294920, 
----------------- volt_cpu2_vddq_sensor_monitor -----------
ref count      : 1
----------------- VoltageEvent_1                -----------
ref count      : 1
.EventCode      : send event count: 1
----------------- MemPFAEInfo                   -----------
ref count      : 1
----------------- SelFilter_27                  -----------
ref count      : 1
----------------- 0V8_VDD1_PwrCirAbnormal       -----------
ref count      : 1
----------------- Disk10Listen_6-2              -----------
ref count      : 1
----------------- BMAHeartBeat                  -----------
ref count      : 1
.TypeLengthCode : send event count: 1
.Health         : listened by port : 688148, 294920, 
.ReadingStatus  : send event count: 1
.AssertStatus   : send event count: 1
.Number         : send event count: 1
----------------- Stdby1_0V_LswLowInfo          -----------
ref count      : 1
----------------- VoltageEvent_5                -----------
ref count      : 1
.EventCode      : send event count: 1
----------------- NicTemHighMinorPlcy           -----------
ref count      : 1
----------------- SysFwProg_Event_1             -----------
ref count      : 1
.EventCode      : send event count: 1
----------------- FanEvent_7                    -----------
ref count      : 1
.EventCode      : send event count: 1
----------------- SelFilter_28                  -----------
ref count      : 1
----------------- VoltageEvent_3                -----------
ref count      : 1
.EventCode      : send event count: 1
----------------- GpuCarrBoardVoltGetFailInfo   -----------
ref count      : 1
----------------- UnitHeightExceedLimitInfo     -----------
ref count      : 1
----------------- PCIeOverCurLimitInfo          -----------
ref count      : 1
----------------- cpu2mem345_volt_Fail          -----------
ref count      : 1
.Value          : listened by port : 294920, 
.Y              : send event count: 1
----------------- Disk6Listen_7-2               -----------
ref count      : 1
----------------- HddInner1ExpPHYMntr-2         -----------
ref count      : 1
.State          : listened by port : 294920, 
----------------- CpuThermTrip2Plcy             -----------
ref count      : 1
----------------- SysFwProg_Event_2             -----------
ref count      : 1
.EventCode      : send event count: 1
----------------- led_RaidComLoss-1             -----------
ref count      : 1
----------------- SelFilter_29                  -----------
ref count      : 1
----------------- VoltageEvent_6                -----------
ref count      : 1
.EventCode      : send event count: 1
----------------- InnerHdd1Pre_exp-2            -----------
ref count      : 1
.Value          : listened by port : 294920, 
----------------- Port0BWUsageHigh_exp-4        -----------
ref count      : 1
.Value          : listened by port : 294920, 
----------------- Port0BWUsageHigh_exp-3        -----------
ref count      : 1
.Value          : listened by port : 294920, 
----------------- OutletTempExpr-801            -----------
ref count      : 1
.Value          : send event count: 85448 : recv event count: 85448 : listened by port : 294920, 
----------------- VoltageEvent_7                -----------
ref count      : 1
.EventCode      : send event count: 1
----------------- IOSlotUnavailablePlcy         -----------
ref count      : 1
----------------- EntityDisk11-2                -----------
ref count      : 1
.Health         : listened by port : 294920, 
----------------- Dimm100Listen_0               -----------
ref count      : 1
----------------- led_Mem030RemovedMntr         -----------
ref count      : 1
----------------- TrapConfig                    -----------
ref count      : 1
.CommunityMasterKeyId : listened by port : 851993, 
----------------- PortLinkDownMajorInfo         -----------
ref count      : 1
----------------- EX3_3VPlcy                    -----------
ref count      : 1
----------------- Disk5-2                       -----------
ref count      : 1
.TypeLengthCode : send event count: 1
.Health         : listened by port : 688148, 294920, 
.ReadingStatus  : send event count: 1
.AssertStatus   : send event count: 2
.Number         : send event count: 1
----------------- InnerHdd2Pre_exp-2            -----------
ref count      : 1
.Value          : listened by port : 294920, 
----------------- OsHddPresencePlcy             -----------
ref count      : 1
----------------- NandWriteInfo                 -----------
ref count      : 1
----------------- Err0Accessor-1                -----------
ref count      : 1
----------------- VoltageEvent_8                -----------
ref count      : 1
.EventCode      : send event count: 1
----------------- Dimm100Listen_1               -----------
ref count      : 1
----------------- led_Mem141RemovedMntr         -----------
ref count      : 1
----------------- AddInCard_Event_03_1_ToHmm    -----------
ref count      : 1
----------------- ComCable                      -----------
ref count      : 1
.Health         : listened by port : 294920, 
----------------- OutletTempExpr-802            -----------
ref count      : 1
.Value          : send event count: 87679 : recv event count: 87679 : listened by port : 294920, 
----------------- ComBMC                        -----------
ref count      : 1
.Health         : listened by port : 294920, 
----------------- led_disk13-2                  -----------
ref count      : 1
----------------- VoltageEvent_9                -----------
ref count      : 1
.EventCode      : send event count: 1
----------------- cpu1_vrd_temp                 -----------
ref count      : 1
----------------- ProductIdExtExpr              -----------
ref count      : 1
.Value          : listened by port : 294920, 
----------------- HDDBackplane-2                -----------
ref count      : 1
.ReplaceFlag    : listened by port : 294920, 
----------------- FabricSwitchClockInfo         -----------
ref count      : 1
----------------- cpu2_vrd_temp                 -----------
ref count      : 1
----------------- Dimm110Listen_0               -----------
ref count      : 1
----------------- GetInfoFailMntr-901           -----------
ref count      : 1
.Mode           : send event count: 1
.Reading        : send event count: 1
.EventFRU       : send event count: 1
.SavedMode      : send event count: 1
.State          : send event count: 1 : recv event count: 1 : listened by port : 294920, 
.SubjectObj     : send event count: 1
.SavedReading   : send event count: 1
.DescriptionDynamic : send event count: 1
.ScannedCount   : send event count: 1
.PolicyObj      : send event count: 1
.SuggestionDynamic : send event count: 1
.SensorObj      : send event count: 1
.Threshold      : send event count: 1
.InformationObj : send event count: 1
.ReadingMask    : send event count: 1
.Operator       : send event count: 1
.Hysteresis     : send event count: 1
.AddInfo        : send event count: 1
.Time           : send event count: 1
----------------- PowerFailEventExpr-801        -----------
ref count      : 1
.Value          : listened by port : 294920, 
----------------- Cpu0TbRstFlatAcc              -----------
ref count      : 1
----------------- Disk6DevFault-2               -----------
ref count      : 1
.Value          : listened by port : 294920, 
----------------- OMMatchAlarmInfo              -----------
ref count      : 1
----------------- cpld1                         -----------
ref count      : 1
----------------- RelRackPowCapInfo             -----------
ref count      : 1
----------------- Dimm110Listen_1               -----------
ref count      : 1
----------------- BootErrorAssert2_Exp          -----------
ref count      : 1
.Value          : listened by port : 294920, 
----------------- PcieAddrId                    -----------
ref count      : 1
.Value          : send event count: 1 : recv event count: 1 : listened by port : 294920, 
.X              : send event count: 1
----------------- NCBrdStat1Info                -----------
ref count      : 1
----------------- Stdby1_1VHighInfo             -----------
ref count      : 1
----------------- led_Disk3FailMntr-2           -----------
ref count      : 1
----------------- PCIeCardPowerFailInfo         -----------
ref count      : 1
----------------- Hdd6ExpPHYMntr-2              -----------
ref count      : 1
.State          : listened by port : 294920, 
----------------- CCUCableInfo                  -----------
ref count      : 1
----------------- led_Hdd2RbdStartMntr-2        -----------
ref count      : 1
----------------- MemInPoorContractPlcy         -----------
ref count      : 1
----------------- PCHVIOLowerInfo               -----------
ref count      : 1
----------------- Dimm120Listen_0               -----------
ref count      : 1
----------------- DiskIn0StatErrMntr-2          -----------
ref count      : 1
.State          : listened by port : 294920, 
----------------- 1V2_2_PwrCirAbl_Exp           -----------
ref count      : 1
.Value          : listened by port : 294920, 
----------------- M2ZoneTempFailPlcy            -----------
ref count      : 1
----------------- PHYFaultPlcy                  -----------
ref count      : 1
----------------- Cpu1                          -----------
ref count      : 1
.Error2         : listened by port : 491534, 
.Version        : listened by port : 688148, 
.IErr           : listened by port : 131075, 491534, 
.FDMFault       : listened by port : 294920, 
.McErr          : listened by port : 131075, 491534, 
.MirrorFailChMask : listened by port : 491534, 
----------------- Dimm100Listen_5               -----------
ref count      : 1
----------------- Mem041RemovedMntr             -----------
ref count      : 1
.State          : send event count: 1 : recv event count: 1 : listened by port : 294920, 
----------------- PwrFaultMntr48                -----------
ref count      : 1
.State          : listened by port : 294920, 
----------------- Dimm120Listen_1               -----------
ref count      : 1
----------------- PowerFailEventExpr-802        -----------
ref count      : 1
.Value          : listened by port : 294920, 
----------------- GetInfoFailMntr-902           -----------
ref count      : 1
.Mode           : send event count: 1
.Reading        : send event count: 1
.EventFRU       : send event count: 1
.SavedMode      : send event count: 1
.State          : send event count: 1 : recv event count: 1 : listened by port : 294920, 
.SubjectObj     : send event count: 1
.SavedReading   : send event count: 1
.DescriptionDynamic : send event count: 1
.ScannedCount   : send event count: 1
.PolicyObj      : send event count: 1
.SuggestionDynamic : send event count: 1
.SensorObj      : send event count: 1
.Threshold      : send event count: 1
.InformationObj : send event count: 1
.ReadingMask    : send event count: 1
.Operator       : send event count: 1
.Hysteresis     : send event count: 1
.AddInfo        : send event count: 1
.Time           : send event count: 1
----------------- Cpu2                          -----------
ref count      : 1
.Error2         : listened by port : 491534, 
.Version        : listened by port : 688148, 
.IErr           : listened by port : 131075, 491534, 
.FDMFault       : listened by port : 294920, 
.McErr          : listened by port : 131075, 491534, 
.MirrorFailChMask : listened by port : 491534, 
----------------- Stdby1_2VHighInfo             -----------
ref count      : 1
----------------- GpuCarrBdVoltLowMaintInfo     -----------
ref count      : 1
----------------- DeaSdr_1                      -----------
ref count      : 1
----------------- Dimm100Listen_6               -----------
ref count      : 1
----------------- HddInner0RAIDPHYMntr-2        -----------
ref count      : 1
.State          : listened by port : 294920, 
----------------- Stdby1_2VLowInfo              -----------
ref count      : 1
----------------- PwrFaultMntr49                -----------
ref count      : 1
.State          : listened by port : 294920, 
----------------- MainbrdChipOverTempMajorInfo  -----------
ref count      : 1
----------------- Stdby1_5VHighInfo             -----------
ref count      : 1
----------------- Dimm130Listen_0               -----------
ref count      : 1
----------------- outlet_temp_expr              -----------
ref count      : 1
.Value          : send event count: 13 : recv event count: 13 : listened by port : 294920, 
----------------- DeaSdr_2                      -----------
ref count      : 1
----------------- led_Mem130UncorrectMntr       -----------
ref count      : 1
----------------- Dimm100Listen_7               -----------
ref count      : 1
----------------- SelFilter_1b                  -----------
ref count      : 1
----------------- Dimm110Listen_5               -----------
ref count      : 1
----------------- Dimm160Listen_0               -----------
ref count      : 1
----------------- pg_ddr4_vppreg_mon-1          -----------
ref count      : 1
----------------- Dimm130Listen_1               -----------
ref count      : 1
----------------- led_Mem121UncorrectMntr       -----------
ref count      : 1
----------------- ImuHeartbeatLostAcc           -----------
ref count      : 1
----------------- vcc_12v0_monitor5_convert     -----------
ref count      : 1
.Value          : send event count: 6 : recv event count: 5 : listened by port : 294920, 
----------------- CpuAEPTempFailInfo            -----------
ref count      : 1
----------------- CpuVddqTempFailPlcy           -----------
ref count      : 1
----------------- Dimm110Listen_6               -----------
ref count      : 1
----------------- Dimm160Listen_1               -----------
ref count      : 1
----------------- SysRestart_Event_7_3_0        -----------
ref count      : 1
.EventCode      : send event count: 1
----------------- led_pwr_issue65-2             -----------
ref count      : 1
----------------- RearBackplanePresenceAccessor -----------
ref count      : 1
----------------- Dimm140Listen_0               -----------
ref count      : 1
----------------- NCBrdTempInfo                 -----------
ref count      : 1
----------------- SelFilter_1d                  -----------
ref count      : 1
----------------- Dimm110Listen_7               -----------
ref count      : 1
----------------- Mem150InstalledMntr           -----------
ref count      : 1
.State          : send event count: 1 : recv event count: 1 : listened by port : 294920, 
----------------- Dimm120Listen_5               -----------
ref count      : 1
----------------- SysRestart_Event_7_3_1        -----------
ref count      : 1
.EventCode      : send event count: 1
----------------- Dimm170Listen_0               -----------
ref count      : 1
----------------- led_dimm150_mntr              -----------
ref count      : 1
----------------- DiskInner3Listen_0-2          -----------
ref count      : 1
----------------- Dimm140Listen_1               -----------
ref count      : 1
----------------- PwrLatchFaultMntr30           -----------
ref count      : 1
.State          : listened by port : 294920, 
----------------- HddInner0Flash_exp-2          -----------
ref count      : 1
.Value          : listened by port : 294920, 
----------------- SelFilter_1e                  -----------
ref count      : 1
----------------- cpu2mem012_volt_value         -----------
ref count      : 1
.Value          : send event count: 2 : recv event count: 2 : listened by port : 294920, 
----------------- Memory010                     -----------
ref count      : 1
.FDMFault       : listened by port : 294920, 
.ReplaceFlag    : listened by port : 294920, 
----------------- Dimm120Listen_6               -----------
ref count      : 1
----------------- Dimm170Listen_1               -----------
ref count      : 1
----------------- PMemThermtripInfo             -----------
ref count      : 1
----------------- LM75B_TE-901                  -----------
ref count      : 1
----------------- Dimm150Listen_0               -----------
ref count      : 1
----------------- PwrLatchFaultMntr31           -----------
ref count      : 1
.State          : listened by port : 294920, 
----------------- Mem001ECCMntr                 -----------
ref count      : 1
.State          : listened by port : 294920, 
----------------- PcieSlot7SlotId               -----------
ref count      : 1
.Value          : send event count: 1 : recv event count: 1 : listened by port : 294920, 
----------------- Memory011                     -----------
ref count      : 1
.FDMFault       : listened by port : 294920, 
.ReplaceFlag    : listened by port : 294920, 
----------------- Dimm120Listen_7               -----------
ref count      : 1
----------------- PICCardHighInfo               -----------
ref count      : 1
----------------- Dimm130Listen_5               -----------
ref count      : 1
----------------- LeftOMModuleInfo              -----------
ref count      : 1
----------------- BiosIdAccessor                -----------
ref count      : 1
----------------- SystemNoticeInfo              -----------
ref count      : 1
----------------- Dimm150Listen_1               -----------
ref count      : 1
----------------- PwrLatchFaultMntr32           -----------
ref count      : 1
.State          : listened by port : 294920, 
----------------- RetimerTempMinorPlcy          -----------
ref count      : 1
----------------- Disk2Listen_1-2               -----------
ref count      : 1
----------------- IoutOcFaultInfo               -----------
ref count      : 1
----------------- Dimm160Listen_5               -----------
ref count      : 1
----------------- PSUInletTempMajorInfo         -----------
ref count      : 1
----------------- Dimm130Listen_6               -----------
ref count      : 1
----------------- FanStatusPlcy                 -----------
ref count      : 1
----------------- BBUStatus_Listen_0-1          -----------
ref count      : 1
----------------- CpuNavsPlcy                   -----------
ref count      : 1
----------------- PwrLatchFaultMntr33           -----------
ref count      : 1
.State          : listened by port : 294920, 
----------------- Stdby1_8VHighInfo             -----------
ref count      : 1
----------------- PCIeVoltageLowerMntr-801      -----------
ref count      : 1
.Mode           : send event count: 1
.Reading        : send event count: 1
.EventFRU       : send event count: 1
.SavedMode      : send event count: 1
.State          : send event count: 1 : recv event count: 1 : listened by port : 294920, 
.SubjectObj     : send event count: 1
.SavedReading   : send event count: 1
.DescriptionDynamic : send event count: 1
.ScannedCount   : send event count: 1
.PolicyObj      : send event count: 1
.SuggestionDynamic : send event count: 1
.SensorObj      : send event count: 1
.Threshold      : send event count: 1
.InformationObj : send event count: 1
.ReadingMask    : send event count: 1
.Operator       : send event count: 1
.Hysteresis     : send event count: 1
.AddInfo        : send event count: 1
.Time           : send event count: 1
----------------- GetMiniFailEventExpr-901      -----------
ref count      : 1
.Value          : listened by port : 294920, 
----------------- Dimm160Listen_6               -----------
ref count      : 1
----------------- FabricCPUTempMinorInfo        -----------
ref count      : 1
----------------- RaidBoardIdFailExpr           -----------
ref count      : 1
.Value          : listened by port : 294920, 
----------------- Dimm130Listen_7               -----------
ref count      : 1
----------------- cpu2mem345_volt_value         -----------
ref count      : 1
.Value          : send event count: 2 : recv event count: 2 : listened by port : 294920, 
----------------- Dimm140Listen_5               -----------
ref count      : 1
----------------- EnergySaveMarginObjTemp       -----------
ref count      : 1
.Value          : listened by port : 294920, 
----------------- PwrLatchFaultMntr34           -----------
ref count      : 1
.State          : listened by port : 294920, 
----------------- hddBP_type_accessor           -----------
ref count      : 1
----------------- PCIeVoltageLowerMntr-802      -----------
ref count      : 1
.Mode           : send event count: 1
.Reading        : send event count: 1
.EventFRU       : send event count: 1
.SavedMode      : send event count: 1
.State          : send event count: 1 : recv event count: 1 : listened by port : 294920, 
.SubjectObj     : send event count: 1
.SavedReading   : send event count: 1
.DescriptionDynamic : send event count: 1
.ScannedCount   : send event count: 1
.PolicyObj      : send event count: 1
.SuggestionDynamic : send event count: 1
.SensorObj      : send event count: 1
.Threshold      : send event count: 1
.InformationObj : send event count: 1
.ReadingMask    : send event count: 1
.Operator       : send event count: 1
.Hysteresis     : send event count: 1
.AddInfo        : send event count: 1
.Time           : send event count: 1
----------------- HddInner2FlashMntr-2          -----------
ref count      : 1
.State          : listened by port : 294920, 
----------------- EntityDisk2-2                 -----------
ref count      : 1
.Health         : listened by port : 294920, 
----------------- Dimm160Listen_7               -----------
ref count      : 1
----------------- Hdd1MdWroutLowMntr-2          -----------
ref count      : 1
.State          : send event count: 2 : recv event count: 2 : listened by port : 294920, 
.SavedReading   : send event count: 2
.Time           : send event count: 2
----------------- Dimm170Listen_5               -----------
ref count      : 1
----------------- FabricSWOverTempMinorInfo     -----------
ref count      : 1
----------------- Dimm140Listen_6               -----------
ref count      : 1
----------------- GpuBoardClockInfo             -----------
ref count      : 1
----------------- PwrLatchFaultMntr35           -----------
ref count      : 1
.State          : listened by port : 294920, 
----------------- InletTempExpr-902             -----------
ref count      : 1
.Value          : send event count: 96418 : recv event count: 96418 : listened by port : 294920, 
----------------- cpu2vddfix_volt_value         -----------
ref count      : 1
.Value          : send event count: 78171 : recv event count: 78171 : listened by port : 294920, 
----------------- PCIePowerUpDownMntr-901       -----------
ref count      : 1
.Mode           : send event count: 1
.Reading        : send event count: 1
.EventFRU       : send event count: 1
.SavedMode      : send event count: 1
.State          : send event count: 1 : recv event count: 1 : listened by port : 294920, 
.SubjectObj     : send event count: 1
.SavedReading   : send event count: 1
.DescriptionDynamic : send event count: 1
.ScannedCount   : send event count: 1
.PolicyObj      : send event count: 1
.SuggestionDynamic : send event count: 1
.SensorObj      : send event count: 1
.Threshold      : send event count: 1
.InformationObj : send event count: 1
.ReadingMask    : send event count: 1
.Operator       : send event count: 1
.Hysteresis     : send event count: 1
.AddInfo        : send event count: 1
.Time           : send event count: 1
----------------- InletTempExpr-901             -----------
ref count      : 1
.Value          : send event count: 94597 : recv event count: 94597 : listened by port : 294920, 
----------------- Mem101ECCMntr                 -----------
ref count      : 1
.State          : listened by port : 294920, 
----------------- led_Mem071InstalledMntr       -----------
ref count      : 1
----------------- Hdd9RebuildEndMntr-2          -----------
ref count      : 1
.State          : listened by port : 294920, 
----------------- Dimm140Listen_7               -----------
ref count      : 1
----------------- BmcEventSelFullInfo           -----------
ref count      : 1
----------------- PwrLatchFaultMntr36           -----------
ref count      : 1
.State          : listened by port : 294920, 
----------------- Dimm150Listen_5               -----------
ref count      : 1
----------------- BMAHeartBeatMntr              -----------
ref count      : 1
.State          : listened by port : 294920, 
----------------- Mem050InitErrorLogMntr        -----------
ref count      : 1
.State          : listened by port : 294920, 
----------------- MemBrdTempGetFailInfo         -----------
ref count      : 1
----------------- ExpCommMntr-2                 -----------
ref count      : 1
.State          : listened by port : 294920, 
----------------- SysRestart_Event_7_3_8        -----------
ref count      : 1
.EventCode      : send event count: 1
----------------- Dimm170Listen_7               -----------
ref count      : 1
----------------- Ps2RemovedMntr                -----------
ref count      : 1
.State          : send event count: 1 : recv event count: 1 : listened by port : 294920, 
----------------- Mem141InstalledMntr           -----------
ref count      : 1
.State          : send event count: 1 : recv event count: 1 : listened by port : 294920, 
----------------- Dimm170Listen_6               -----------
ref count      : 1
----------------- Dimm150Listen_6               -----------
ref count      : 1
----------------- PwrLatchFaultMntr37           -----------
ref count      : 1
.State          : listened by port : 294920, 
----------------- PCIeCardVoltGetFailPlcy       -----------
ref count      : 1
----------------- Disk1Listen_1_Exp1-2          -----------
ref count      : 1
.Value          : send event count: 2 : recv event count: 2 : listened by port : 294920, 
----------------- RiserCardPwrMntr-e            -----------
ref count      : 1
.State          : listened by port : 294920, 
----------------- PsVInOutOfRangeExp-6          -----------
ref count      : 1
.Value          : listened by port : 294920, 
----------------- PcieAbnInfo                   -----------
ref count      : 1
----------------- FIOPSUPlcy                    -----------
ref count      : 1
----------------- Mem170ConfigErrMntr           -----------
ref count      : 1
.State          : listened by port : 294920, 
----------------- FanBoardReplaceInfo           -----------
ref count      : 1
----------------- Dimm150Listen_7               -----------
ref count      : 1
----------------- PsVInOutOfRangeExp-5          -----------
ref count      : 1
.Value          : listened by port : 294920, 
----------------- SysKBErrInfo                  -----------
ref count      : 1
----------------- issue_accessor                -----------
ref count      : 1
----------------- MeTest                        -----------
ref count      : 1
----------------- led_Hdd5RemovedMntr-2         -----------
ref count      : 1
----------------- Mem061InitErrorLogMntr        -----------
ref count      : 1
.State          : listened by port : 294920, 
----------------- VinUvWarningMntr-5            -----------
ref count      : 1
.State          : listened by port : 294920, 
----------------- Cpu2VddfixLowMntr             -----------
ref count      : 1
.State          : listened by port : 294920, 
----------------- Memory110ReplaceMntr          -----------
ref count      : 1
.State          : listened by port : 294920, 
----------------- GPUOutletTemp-901             -----------
ref count      : 1
.DeassertionMask : send event count: 1
.LowerNonrecoverable : send event count: 1
.NormalMax      : send event count: 1
.AssertionMask  : send event count: 1
.BaseUnit       : send event count: 1
.OwnerLun       : send event count: 1
.SensorTypeStr  : send event count: 1
.UpperCritical  : send event count: 1
.NominalReading : send event count: 1
.SensorUnitStr  : send event count: 2
.SensorType     : send event count: 1
.NegativeHysteresisConvert : send event count: 1
.DeassertStatus : send event count: 1
.LowerCritical  : send event count: 1
.M              : send event count: 1
.B              : send event count: 1
.LowerNonrecoverableConvert : send event count: 1
.ReaddingConvert : send event count: 87805
.LowerCriticalConvert : send event count: 1
.ReadingRaw     : send event count: 1
.LowerNoncritical : send event count: 1
.Function       : send event count: 1
.UpperCriticalConvert : send event count: 1
.PositiveHysteresis : send event count: 1
.UpperNonrecoverableConvert : send event count: 1
.DiscreteReadingMask : send event count: 1
.UpperNoncriticalConvert : send event count: 1
.EventReadingType : send event count: 1
.MinReading     : send event count: 1
.Capabilities   : send event count: 1
.SensorUnit     : send event count: 1
.ReadingStatus  : send event count: 102
.AssertStatus   : send event count: 1
.AnalogFlags    : send event count: 1
.SensorName     : send event count: 2
.Tolerance      : send event count: 1
.Number         : send event count: 2
.Health         : send event count: 1 : recv event count: 1 : listened by port : 688148, 294920, 
.InnerName      : send event count: 1
.EntityInstance : send event count: 1
.AccuracyExp    : send event count: 1
.PositiveHysteresisConvert : send event count: 1
.RBExp          : send event count: 1
.NormalMin      : send event count: 1
.Initialization : send event count: 1
.ModifierUnit   : send event count: 1
.LowerNoncriticalConvert : send event count: 1
.EntityId       : send event count: 1
.UpperNoncritical : send event count: 1
.UpperNonrecoverable : send event count: 1
.OwnerId        : send event count: 1
.Accuracy       : send event count: 1
.MaxReading     : send event count: 1
.TypeLengthCode : send event count: 2
.NegativeHysteresis : send event count: 1
----------------- dft_mcu_log_clear_test-801    -----------
ref count      : 1
----------------- led_Hdd9RemovedMntr-2         -----------
ref count      : 1
----------------- Fan4FSpeed_category_exp       -----------
ref count      : 1
.Value          : send event count: 1 : recv event count: 1 : listened by port : 294920, 
----------------- GetMiniFailEventExpr-902      -----------
ref count      : 1
.Value          : listened by port : 294920, 
----------------- GPUOutletTemp-902             -----------
ref count      : 1
.DeassertionMask : send event count: 1
.LowerNonrecoverable : send event count: 1
.NormalMax      : send event count: 1
.AssertionMask  : send event count: 1
.BaseUnit       : send event count: 1
.OwnerLun       : send event count: 1
.SensorTypeStr  : send event count: 1
.UpperCritical  : send event count: 1
.NominalReading : send event count: 1
.SensorUnitStr  : send event count: 2
.SensorType     : send event count: 1
.NegativeHysteresisConvert : send event count: 1
.DeassertStatus : send event count: 1
.LowerCritical  : send event count: 1
.M              : send event count: 1
.B              : send event count: 1
.LowerNonrecoverableConvert : send event count: 1
.ReaddingConvert : send event count: 88183
.LowerCriticalConvert : send event count: 1
.ReadingRaw     : send event count: 1
.LowerNoncritical : send event count: 1
.Function       : send event count: 1
.UpperCriticalConvert : send event count: 1
.PositiveHysteresis : send event count: 1
.UpperNonrecoverableConvert : send event count: 1
.DiscreteReadingMask : send event count: 1
.UpperNoncriticalConvert : send event count: 1
.EventReadingType : send event count: 1
.MinReading     : send event count: 1
.Capabilities   : send event count: 1
.SensorUnit     : send event count: 1
.ReadingStatus  : send event count: 102
.AssertStatus   : send event count: 1
.AnalogFlags    : send event count: 1
.SensorName     : send event count: 2
.Tolerance      : send event count: 1
.Number         : send event count: 2
.Health         : send event count: 1 : recv event count: 1 : listened by port : 688148, 294920, 
.InnerName      : send event count: 1
.EntityInstance : send event count: 1
.AccuracyExp    : send event count: 1
.PositiveHysteresisConvert : send event count: 1
.RBExp          : send event count: 1
.NormalMin      : send event count: 1
.Initialization : send event count: 1
.ModifierUnit   : send event count: 1
.LowerNoncriticalConvert : send event count: 1
.EntityId       : send event count: 1
.UpperNoncritical : send event count: 1
.UpperNonrecoverable : send event count: 1
.OwnerId        : send event count: 1
.Accuracy       : send event count: 1
.MaxReading     : send event count: 1
.TypeLengthCode : send event count: 2
.NegativeHysteresis : send event count: 1
----------------- VoltageUpperEventExpr-801     -----------
ref count      : 1
.Value          : listened by port : 294920, 
----------------- VinUvWarningMntr-6            -----------
ref count      : 1
.State          : listened by port : 294920, 
----------------- vcc_12v0_value                -----------
ref count      : 1
.Value          : send event count: 1892276 : recv event count: 1892276 : listened by port : 294920, 
----------------- PCIePowerUpDownMntr-902       -----------
ref count      : 1
.Mode           : send event count: 1
.Reading        : send event count: 1
.EventFRU       : send event count: 1
.SavedMode      : send event count: 1
.State          : send event count: 1 : recv event count: 1 : listened by port : 294920, 
.SubjectObj     : send event count: 1
.SavedReading   : send event count: 1
.DescriptionDynamic : send event count: 1
.ScannedCount   : send event count: 1
.PolicyObj      : send event count: 1
.SuggestionDynamic : send event count: 1
.SensorObj      : send event count: 1
.Threshold      : send event count: 1
.InformationObj : send event count: 1
.ReadingMask    : send event count: 1
.Operator       : send event count: 1
.Hysteresis     : send event count: 1
.AddInfo        : send event count: 1
.Time           : send event count: 1
----------------- NoFrontDiskTempExp            -----------
ref count      : 1
.Value          : send event count: 1 : recv event count: 102 : listened by port : 294920, 
----------------- TPMPresence_exp               -----------
ref count      : 1
.Value          : listened by port : 294920, 
----------------- FAN4RSpeedOemConfig           -----------
ref count      : 1
----------------- onepower-5                    -----------
ref count      : 1
.Health         : listened by port : 294920, 
.VinStatus      : listened by port : 294920, 
.PsType         : listened by port : 786455, 
.ReplaceFlag    : listened by port : 294920, 
----------------- CSysFwProg_Event_0_7_ToHmm    -----------
ref count      : 1
----------------- RiserCard3Connect             -----------
ref count      : 1
----------------- VoltageUpperEventExpr-802     -----------
ref count      : 1
.Value          : listened by port : 294920, 
----------------- MezzSys1_0VFailInfo           -----------
ref count      : 1
----------------- UnitRemovePlcy                -----------
ref count      : 1
----------------- 0V8_1_PwrCirAblMntr           -----------
ref count      : 1
.State          : listened by port : 294920, 
----------------- Elabel:C                      -----------
ref count      : 1
----------------- CpuCacheWayIsoPlcy            -----------
ref count      : 1
----------------- CpuPowerOnStagePlcy           -----------
ref count      : 1
----------------- onepower-6                    -----------
ref count      : 1
.Health         : listened by port : 294920, 
.VinStatus      : listened by port : 294920, 
.PsType         : listened by port : 786455, 
.ReplaceFlag    : listened by port : 294920, 
----------------- led_Hdd7InsertMntr-2          -----------
ref count      : 1
----------------- DiskBaseBoardInsertInfo       -----------
ref count      : 1
----------------- ComRaidCard                   -----------
ref count      : 1
.Health         : listened by port : 294920, 
----------------- FrontBckPlanePortBMntr-2      -----------
ref count      : 1
.State          : listened by port : 294920, 
----------------- Hdd0RemovedMntr-2             -----------
ref count      : 1
.State          : send event count: 3 : recv event count: 3 : listened by port : 294920, 
.Time           : send event count: 1
----------------- UnitInfoErrPlcy               -----------
ref count      : 1
----------------- led_disk3-2                   -----------
ref count      : 1
----------------- Disk7Listen_1_Exp2-2          -----------
ref count      : 1
.Value          : listened by port : 294920, 
----------------- led_Fan1FInstallMntr          -----------
ref count      : 1
----------------- SysVoltageHighInfo            -----------
ref count      : 1
----------------- PCIeRAIDFaultPlcy             -----------
ref count      : 1
----------------- Hdd4RemovedMntr-2             -----------
ref count      : 1
.State          : send event count: 1 : recv event count: 1 : listened by port : 294920, 
----------------- dft_mcu_log_clear_test-802    -----------
ref count      : 1
----------------- SSLCert10CertMonitor          -----------
ref count      : 1
----------------- RTCBatteryMntr                -----------
ref count      : 1
.State          : listened by port : 294920, 
----------------- OutletTemp                    -----------
ref count      : 1
.SensorUnitStr  : send event count: 1
.ReaddingConvert : send event count: 13
.UpperCriticalConvert : send event count: 1
.UpperNonrecoverableConvert : send event count: 1
.ReadingStatus  : send event count: 1
.Number         : send event count: 1
.Health         : listened by port : 688148, 294920, 
.TypeLengthCode : send event count: 1
----------------- Hdd8RemovedMntr-2             -----------
ref count      : 1
.State          : send event count: 4 : recv event count: 4 : listened by port : 294920, 
.Time           : send event count: 1
----------------- Mem110InstalledMntr           -----------
ref count      : 1
.State          : send event count: 1 : recv event count: 1 : listened by port : 294920, 
----------------- AICORE-801                    -----------
ref count      : 1
----------------- LM75B_TE-902                  -----------
ref count      : 1
----------------- led_Hdd1RemovedMntr-2         -----------
ref count      : 1
----------------- ComCpu1                       -----------
ref count      : 1
.Health         : listened by port : 294920, 
----------------- RiserCardFru-e                -----------
ref count      : 1
----------------- Sys1_5VPlcy                   -----------
ref count      : 1
----------------- Port1-3                       -----------
ref count      : 1
.LinkStatusBMA  : listened by port : 294920, 
.ActualMac      : listened by port : 917531, 
----------------- AICoreUpperMntr-801           -----------
ref count      : 1
.Mode           : send event count: 1
.Reading        : send event count: 1
.EventFRU       : send event count: 1
.SavedMode      : send event count: 1
.State          : send event count: 1 : recv event count: 1 : listened by port : 294920, 
.SubjectObj     : send event count: 1
.SavedReading   : send event count: 1
.DescriptionDynamic : send event count: 1
.ScannedCount   : send event count: 1
.PolicyObj      : send event count: 1
.SuggestionDynamic : send event count: 1
.SensorObj      : send event count: 1
.Threshold      : send event count: 1
.InformationObj : send event count: 1
.ReadingMask    : send event count: 1
.Operator       : send event count: 1
.Hysteresis     : send event count: 1
.AddInfo        : send event count: 1
.Time           : send event count: 1
----------------- AICORE-802                    -----------
ref count      : 1
----------------- Mem161ConfigErrMntr           -----------
ref count      : 1
.State          : listened by port : 294920, 
----------------- ProductIndentityFailedInfo    -----------
ref count      : 1
----------------- ComMotherBoard                -----------
ref count      : 1
.Health         : listened by port : 294920, 
----------------- PCIeGetMiHeFailInfo           -----------
ref count      : 1
----------------- ComCpu2                       -----------
ref count      : 1
.Health         : listened by port : 294920, 
----------------- Port1-4                       -----------
ref count      : 1
.LinkStatusBMA  : listened by port : 294920, 
.ActualMac      : listened by port : 917531, 
----------------- AICoreUpperMntr-802           -----------
ref count      : 1
.Mode           : send event count: 1
.Reading        : send event count: 1
.EventFRU       : send event count: 1
.SavedMode      : send event count: 1
.State          : send event count: 1 : recv event count: 1 : listened by port : 294920, 
.SubjectObj     : send event count: 1
.SavedReading   : send event count: 1
.DescriptionDynamic : send event count: 1
.ScannedCount   : send event count: 1
.PolicyObj      : send event count: 1
.SuggestionDynamic : send event count: 1
.SensorObj      : send event count: 1
.Threshold      : send event count: 1
.InformationObj : send event count: 1
.ReadingMask    : send event count: 1
.Operator       : send event count: 1
.Hysteresis     : send event count: 1
.AddInfo        : send event count: 1
.Time           : send event count: 1
----------------- Cpu1MemTempMinorMntr          -----------
ref count      : 1
.State          : listened by port : 294920, 
----------------- Bpn_MosTempHighMajorInfo      -----------
ref count      : 1
----------------- MezzSys1_5VFailInfo           -----------
ref count      : 1
----------------- Hdd2WearoutExp-2              -----------
ref count      : 1
.Value          : send event count: 106 : recv event count: 106 : listened by port : 294920, 
----------------- BBUCellLowTempMinPlcy         -----------
ref count      : 1
----------------- InsecureAlgorithmInfo         -----------
ref count      : 1
----------------- DevShortTermSpecInfo          -----------
ref count      : 1
----------------- pwr_issue_69_exp              -----------
ref count      : 1
.Value          : listened by port : 294920, 
----------------- 10GEPHYClockFailPlcy          -----------
ref count      : 1
----------------- PowerCablePlcy                -----------
ref count      : 1
----------------- BbuModulePresAccessor         -----------
ref count      : 1
----------------- success_dev_test              -----------
ref count      : 1
----------------- DiskIn2FailMntr-2             -----------
ref count      : 1
.State          : listened by port : 294920, 
----------------- VrdCpldExp                    -----------
ref count      : 1
.Value          : listened by port : 294920, 
----------------- Lom2Port1LinkAccessor-3       -----------
ref count      : 1
----------------- ComMemory                     -----------
ref count      : 1
.Health         : listened by port : 294920, 
----------------- pwr_issue_47_exp              -----------
ref count      : 1
.Value          : listened by port : 294920, 
----------------- pwr_issue_58_exp              -----------
ref count      : 1
.Value          : listened by port : 294920, 
----------------- Mem050ECCMntr                 -----------
ref count      : 1
.State          : listened by port : 294920, 
----------------- BaseLSWFailInfo               -----------
ref count      : 1
----------------- LDAPCertMonitor5_1            -----------
ref count      : 1
----------------- pwr_issue_36_exp              -----------
ref count      : 1
.Value          : listened by port : 294920, 
----------------- MemUsage_exp                  -----------
ref count      : 1
.Value          : listened by port : 294920, 
----------------- Lom2Port1LinkAccessor-4       -----------
ref count      : 1
----------------- cpu2_vsa_volt_monitor         -----------
ref count      : 1
.VoltValue      : listened by port : 294920, 
.MonSenValue    : send event count: 1889984
----------------- pwr_issue_25_exp              -----------
ref count      : 1
.Value          : listened by port : 294920, 
----------------- LDAPCertMonitor5_2            -----------
ref count      : 1
----------------- FabricSWLowInfo               -----------
ref count      : 1
----------------- Cpu2VddfixHighMntr            -----------
ref count      : 1
.State          : listened by port : 294920, 
----------------- HddBPStatus                   -----------
ref count      : 1
.TypeLengthCode : send event count: 1
.Health         : listened by port : 688148, 294920, 
.ReadingStatus  : send event count: 1
.AssertStatus   : send event count: 1
.Number         : send event count: 1
----------------- CpuVDDQTempMinorInfo          -----------
ref count      : 1
----------------- SysRestart_Event_7_3_D        -----------
ref count      : 1
.EventCode      : send event count: 1
----------------- RaidCardPFAEInfo              -----------
ref count      : 1
----------------- lm75_lomcard_temp-3           -----------
ref count      : 1
----------------- led_Mem040InstalledMntr       -----------
ref count      : 1
----------------- RaidBoardIdFail               -----------
ref count      : 1
.MonSenValue    : send event count: 1 : recv event count: 1 : listened by port : 294920, 
.RegValue       : send event count: 1
----------------- ComMemory110                  -----------
ref count      : 1
.Health         : listened by port : 294920, 
----------------- Mem140RemovedMntr             -----------
ref count      : 1
.State          : send event count: 1 : recv event count: 1 : listened by port : 294920, 
----------------- led_Hdd5PredicFailMntr-2      -----------
ref count      : 1
----------------- FabricLSWVcoreLowInfo         -----------
ref count      : 1
----------------- LicenseFileErrorPlcy          -----------
ref count      : 1
----------------- lm75_lomcard_temp-4           -----------
ref count      : 1
----------------- SysRestart_Event_7_3_E        -----------
ref count      : 1
.EventCode      : send event count: 1
----------------- DDRWorkAbnPlcy                -----------
ref count      : 1
----------------- led_Mem031InstalledMntr       -----------
ref count      : 1
----------------- Mem101InstalledMntr           -----------
ref count      : 1
.State          : send event count: 1 : recv event count: 1 : listened by port : 294920, 
----------------- HddIn1RbdStartMntr-2          -----------
ref count      : 1
.State          : listened by port : 294920, 
----------------- 1V8_PwrCirAblMntr             -----------
ref count      : 1
.State          : listened by port : 294920, 
----------------- LDAPCertMonitor5_3            -----------
ref count      : 1
----------------- Mem150ECCMntr                 -----------
ref count      : 1
.State          : listened by port : 294920, 
----------------- PwrFaultMntr50                -----------
ref count      : 1
.State          : listened by port : 294920, 
----------------- Sys3_3VPlcy                   -----------
ref count      : 1
----------------- SysRestart_Event_7_3_F        -----------
ref count      : 1
.EventCode      : send event count: 1
----------------- pg_p0v9_mon-1                 -----------
ref count      : 1
----------------- EntityDimm000                 -----------
ref count      : 1
.PowerState     : send event count: 1
.EnableState    : send event count: 2
.Health         : listened by port : 294920, 
----------------- Cpu1UncorrectMntr             -----------
ref count      : 1
.State          : listened by port : 294920, 
----------------- LomCardFru-3                  -----------
ref count      : 1
----------------- ComHdd9-2                     -----------
ref count      : 1
.Health         : recv event count: 2 : listened by port : 294920, 
----------------- PortFaultPlcy                 -----------
ref count      : 1
----------------- ComMemory111                  -----------
ref count      : 1
.Health         : listened by port : 294920, 
----------------- NPUUncorrectInfo              -----------
ref count      : 1
----------------- PwrFaultMntr51                -----------
ref count      : 1
.State          : listened by port : 294920, 
----------------- led_RaidBBUTempRdFail-1       -----------
ref count      : 1
----------------- CertOverDuePlcy               -----------
ref count      : 1
----------------- EntityDimm001                 -----------
ref count      : 1
.PowerState     : send event count: 1
.EnableState    : send event count: 2
.Health         : listened by port : 294920, 
----------------- Mem130ConfigErrMntr           -----------
ref count      : 1
.State          : listened by port : 294920, 
----------------- PS_Listen_0-5                 -----------
ref count      : 1
----------------- LomCardFru-4                  -----------
ref count      : 1
----------------- PCIeVoltHighMaintInfo         -----------
ref count      : 1
----------------- MemBrdMixPlcy                 -----------
ref count      : 1
----------------- FabricNotInstallInfo          -----------
ref count      : 1
----------------- MezzSys1_8VFailInfo           -----------
ref count      : 1
----------------- PwrFaultMntr52                -----------
ref count      : 1
.State          : listened by port : 294920, 
----------------- CpuNimBusLowInfo              -----------
ref count      : 1
----------------- ACChassisCoverOpenInfo        -----------
ref count      : 1
----------------- Mem070UncorrectMntr           -----------
ref count      : 1
.State          : listened by port : 294920, 
----------------- led_Cpu2UncorrectMntr         -----------
ref count      : 1
----------------- PS_Listen_0-6                 -----------
ref count      : 1
----------------- Mem061UncorrectMntr           -----------
ref count      : 1
.State          : listened by port : 294920, 
----------------- RaidIdExp                     -----------
ref count      : 1
.Value          : listened by port : 294920, 
----------------- SysRestartPreStatePolicyMntr  -----------
ref count      : 1
.State          : listened by port : 294920, 
----------------- Hdd11ReplaceMntr-2            -----------
ref count      : 1
.State          : listened by port : 294920, 
----------------- AICoreTempExpr-801            -----------
ref count      : 1
.Value          : send event count: 101 : recv event count: 101 : listened by port : 294920, 
----------------- PwrFaultMntr53                -----------
ref count      : 1
.State          : listened by port : 294920, 
----------------- led_Hdd0RebuildEndMntr-2      -----------
ref count      : 1
----------------- LDAPCertMonitor1_10           -----------
ref count      : 1
----------------- PCIeCardPFAEInfo              -----------
ref count      : 1
----------------- PCIeInspectFailPlcy           -----------
ref count      : 1
----------------- powercapping                  -----------
ref count      : 1
.Failed         : listened by port : 294920, 
----------------- VoutUvFaultInfo               -----------
ref count      : 1
----------------- led_Mem060ConfigErrMntr       -----------
ref count      : 1
----------------- LDAPCertMonitor5_5            -----------
ref count      : 1
----------------- BaseLSWLowInfo                -----------
ref count      : 1
----------------- M2TrnsCard3IdAcc-8            -----------
ref count      : 1
----------------- PwrFaultMntr54                -----------
ref count      : 1
.State          : listened by port : 294920, 
----------------- Disk11Listen_6-2              -----------
ref count      : 1
----------------- GpuBoardPowerFailInfo         -----------
ref count      : 1
----------------- Mem151InitErrorLogMntr        -----------
ref count      : 1
.State          : listened by port : 294920, 
----------------- Mem060MRCFatelErrMntr         -----------
ref count      : 1
.State          : listened by port : 294920, 
----------------- LDAPCertMonitor5_9            -----------
ref count      : 1
----------------- Is2280v2Valid-1               -----------
ref count      : 1
.Value          : listened by port : 294920, 
----------------- cpu2_vddfix_volt_exp          -----------
ref count      : 1
.Value          : send event count: 7640199 : recv event count: 7640198 : listened by port : 294920, 
.X              : send event count: 7640199
----------------- LDAPCertMonitor5_8            -----------
ref count      : 1
----------------- Disk7DevFault-2               -----------
ref count      : 1
.Value          : listened by port : 294920, 
----------------- PwrFaultMntr55                -----------
ref count      : 1
.State          : listened by port : 294920, 
----------------- Hdd5FailedArrayMntr-2         -----------
ref count      : 1
.State          : listened by port : 294920, 
----------------- adc_bus_0                     -----------
ref count      : 1
----------------- CpuProcHotEvent_01_ToHmm      -----------
ref count      : 1
----------------- LDAPCertMonitor5_4            -----------
ref count      : 1
----------------- LDAPCertMonitor5_6            -----------
ref count      : 1
----------------- ZIPFeatureKey                 -----------
ref count      : 1
----------------- LDAPCertMonitor5_7            -----------
ref count      : 1
----------------- PCIeCardCpuTempInfo           -----------
ref count      : 1
----------------- Cpu1TempFailedExpr            -----------
ref count      : 1
.Value          : send event count: 102 : recv event count: 102 : listened by port : 294920, 
.Y              : send event count: 1
----------------- BBUOutputOverLoadInfo         -----------
ref count      : 1
----------------- OMPowerAlarmInfo              -----------
ref count      : 1
----------------- 48BkpCfgAccessor              -----------
ref count      : 1
----------------- RiserCardVoltHighMaintInfo    -----------
ref count      : 1
----------------- AICoreTempExpr-802            -----------
ref count      : 1
.Value          : send event count: 101 : recv event count: 101 : listened by port : 294920, 
----------------- RedfishEventService           -----------
ref count      : 1
----------------- Cpu1Status                    -----------
ref count      : 1
.TypeLengthCode : send event count: 1
.Health         : listened by port : 688148, 294920, 
.ReadingStatus  : send event count: 1
.AssertStatus   : send event count: 2
.Number         : send event count: 1
----------------- Mem170MRCFatelErrMntr         -----------
ref count      : 1
.State          : listened by port : 294920, 
----------------- ComSASExpander0-2             -----------
ref count      : 1
.Health         : listened by port : 294920, 
----------------- CpuNavsHighInfo               -----------
ref count      : 1
----------------- Mem141MRCFatelErrMntr         -----------
ref count      : 1
.State          : listened by port : 294920, 
----------------- led_RAIDBBUFault-1            -----------
ref count      : 1
----------------- UnrecovErrorPlcy              -----------
ref count      : 1
----------------- led_Mem051ConfigErrMntr       -----------
ref count      : 1
----------------- Err1Accessor-1                -----------
ref count      : 1
----------------- Mem140InitErrorLogMntr        -----------
ref count      : 1
.State          : listened by port : 294920, 
----------------- Mem121ConfigErrMntr           -----------
ref count      : 1
.State          : listened by port : 294920, 
----------------- led_dimm100                   -----------
ref count      : 1
----------------- Disk9LocatErrMntr-2           -----------
ref count      : 1
.State          : listened by port : 294920, 
----------------- cpu2mem012_volt_Fail          -----------
ref count      : 1
.Value          : listened by port : 294920, 
.Y              : send event count: 1
----------------- FruDev0                       -----------
ref count      : 1
.Health         : listened by port : 294920, 
----------------- ChassisCoverClosedInfo        -----------
ref count      : 1
----------------- Gpio:C                        -----------
ref count      : 1
----------------- ChassisPowerGetFailPlcy       -----------
ref count      : 1
----------------- HpcMatchCfgErrPlcy            -----------
ref count      : 1
----------------- FabricRestartInfo             -----------
ref count      : 1
----------------- led_dimm101                   -----------
ref count      : 1
----------------- bbu_failed_exp_1-1            -----------
ref count      : 1
.Value          : listened by port : 294920, 
----------------- Disk8StatErrExp-2             -----------
ref count      : 1
.Value          : listened by port : 294920, 
----------------- PowerSupply_Event_7_02        -----------
ref count      : 1
.EventCode      : send event count: 1
----------------- MeshCardFaultPlcy             -----------
ref count      : 1
----------------- pg_p1v35_p1v5_exp-1           -----------
ref count      : 1
.Value          : send event count: 1 : recv event count: 1 : listened by port : 294920, 
----------------- cpu1_vrd3_chip                -----------
ref count      : 1
----------------- CpuVDDQ_CDHighInfo            -----------
ref count      : 1
----------------- SelFilter_2b                  -----------
ref count      : 1
----------------- ExpanderVoltHighPlcy          -----------
ref count      : 1
----------------- FabricLSWFaultInfo            -----------
ref count      : 1
----------------- PsPreFailureExp2-5            -----------
ref count      : 1
.Value          : listened by port : 294920, 
----------------- MemUtilise                    -----------
ref count      : 1
.TypeLengthCode : send event count: 1
.Health         : listened by port : 688148, 294920, 
.ReadingStatus  : send event count: 1
.AssertStatus   : send event count: 1
.Number         : send event count: 1
----------------- pwr_issue_14_exp              -----------
ref count      : 1
.Value          : listened by port : 294920, 
----------------- led_Disk4FailMntr-2           -----------
ref count      : 1
----------------- LedDispControl:C              -----------
ref count      : 1
----------------- led_Mem131ECCMntr             -----------
ref count      : 1
----------------- Mem031MRCFatelErrMntr         -----------
ref count      : 1
.State          : listened by port : 294920, 
----------------- ComPort4-4                    -----------
ref count      : 1
.Health         : listened by port : 294920, 
----------------- MezzLowerVoltage              -----------
ref count      : 1
----------------- ComPort4-3                    -----------
ref count      : 1
.Health         : listened by port : 294920, 
----------------- 12V_6_Volt                    -----------
ref count      : 1
.DebounceValue  : send event count: 21323197
.RawValue       : send event count: 1
----------------- Disk7Listen_7-2               -----------
ref count      : 1
----------------- VoutUvWarningInfo             -----------
ref count      : 1
----------------- BBUWiringErrorMajorInfo       -----------
ref count      : 1
----------------- BBUAddrConflictMinorPlcy      -----------
ref count      : 1
----------------- Cpu1HccsLinkMntr              -----------
ref count      : 1
.State          : listened by port : 294920, 
----------------- PICCard1V2FailInfo            -----------
ref count      : 1
----------------- latch_issue_record_accessor   -----------
ref count      : 1
----------------- SFPTempFailMntr               -----------
ref count      : 1
.State          : listened by port : 294920, 
----------------- 12V0_6PwrCirAbnormal          -----------
ref count      : 1
----------------- CPU_VCCGetFailPlcy            -----------
ref count      : 1
----------------- HDDBkpVolPlcy                 -----------
ref count      : 1
----------------- led_Mem000InstalledMntr       -----------
ref count      : 1
----------------- led_12.0V_VCC                 -----------
ref count      : 1
----------------- HddInner2-2                   -----------
ref count      : 1
.RebuildState   : listened by port : 294920, 
.Presence       : listened by port : 294920, 
.Id             : listened by port : 229382, 491534, 
.ReplaceFlag    : listened by port : 294920, 
----------------- 4U_Valid_exp                  -----------
ref count      : 1
.Value          : listened by port : 294920, 
----------------- PCIeGetMiHeFaMntr-801         -----------
ref count      : 1
.Mode           : send event count: 1
.Reading        : send event count: 1
.EventFRU       : send event count: 1
.SavedMode      : send event count: 1
.State          : send event count: 1 : recv event count: 1 : listened by port : 294920, 
.SubjectObj     : send event count: 1
.SavedReading   : send event count: 1
.DescriptionDynamic : send event count: 1
.ScannedCount   : send event count: 1
.PolicyObj      : send event count: 1
.SuggestionDynamic : send event count: 1
.SensorObj      : send event count: 1
.Threshold      : send event count: 1
.InformationObj : send event count: 1
.ReadingMask    : send event count: 1
.Operator       : send event count: 1
.Hysteresis     : send event count: 1
.AddInfo        : send event count: 1
.Time           : send event count: 1
----------------- Memory020                     -----------
ref count      : 1
.FDMFault       : listened by port : 294920, 
.ReplaceFlag    : listened by port : 294920, 
----------------- Memory031ReplaceMntr          -----------
ref count      : 1
.State          : listened by port : 294920, 
----------------- GPUPowerShowExpr-801          -----------
ref count      : 1
.Value          : send event count: 20350 : recv event count: 20350 : listened by port : 294920, 
----------------- PCIeGetMiHeFaMntr-802         -----------
ref count      : 1
.Mode           : send event count: 1
.Reading        : send event count: 1
.EventFRU       : send event count: 1
.SavedMode      : send event count: 1
.State          : send event count: 1 : recv event count: 1 : listened by port : 294920, 
.SubjectObj     : send event count: 1
.SavedReading   : send event count: 1
.DescriptionDynamic : send event count: 1
.ScannedCount   : send event count: 1
.PolicyObj      : send event count: 1
.SuggestionDynamic : send event count: 1
.SensorObj      : send event count: 1
.Threshold      : send event count: 1
.InformationObj : send event count: 1
.ReadingMask    : send event count: 1
.Operator       : send event count: 1
.Hysteresis     : send event count: 1
.AddInfo        : send event count: 1
.Time           : send event count: 1
----------------- PCIePowerUpDownPlcy           -----------
ref count      : 1
----------------- PsPreFailureExp2-6            -----------
ref count      : 1
.Value          : listened by port : 294920, 
----------------- M2Disk1                       -----------
ref count      : 1
.RebuildState   : listened by port : 294920, 
.Presence       : listened by port : 294920, 
.Id             : listened by port : 229382, 491534, 
.ReplaceFlag    : listened by port : 294920, 
----------------- Memory021                     -----------
ref count      : 1
.FDMFault       : listened by port : 294920, 
.ReplaceFlag    : listened by port : 294920, 
----------------- GPUPowerShowExpr-802          -----------
ref count      : 1
.Value          : send event count: 55657 : recv event count: 55657 : listened by port : 294920, 
----------------- led_Mem031ECCMntr             -----------
ref count      : 1
----------------- cpu2vsa_volt_value            -----------
ref count      : 1
.Value          : send event count: 1371526 : recv event count: 1371526 : listened by port : 294920, 
----------------- IO100MClockInfo               -----------
ref count      : 1
----------------- Mem070InitErrorCond           -----------
ref count      : 1
----------------- DiskLocatErrPlcy              -----------
ref count      : 1
----------------- M2Disk2                       -----------
ref count      : 1
.RebuildState   : listened by port : 294920, 
.Presence       : listened by port : 294920, 
.Id             : listened by port : 229382, 491534, 
.ReplaceFlag    : listened by port : 294920, 
----------------- led_Mem020ConfigErrMntr       -----------
ref count      : 1
----------------- FabricSWHighInfo              -----------
ref count      : 1
----------------- Hdd2RAIDPHYMntr-2             -----------
ref count      : 1
.State          : listened by port : 294920, 
----------------- PSUIdConflictInfo             -----------
ref count      : 1
----------------- Mem030UncorrectMntr           -----------
ref count      : 1
.State          : listened by port : 294920, 
----------------- IoutOcWarningInfo-5           -----------
ref count      : 1
----------------- RaidPcieError-1               -----------
ref count      : 1
.TypeLengthCode : send event count: 1
.Health         : listened by port : 688148, 294920, 
.ReadingStatus  : send event count: 1
.AssertStatus   : send event count: 1
.Number         : send event count: 1
----------------- CpuNavsGetFailedInfo          -----------
ref count      : 1
----------------- LcdPresencePlcy               -----------
ref count      : 1
----------------- Hdd6RAIDPHYMntr-2             -----------
ref count      : 1
.State          : listened by port : 294920, 
----------------- BmcEventSelClearedInfo        -----------
ref count      : 1
----------------- ComSASPHY                     -----------
ref count      : 1
.Health         : listened by port : 294920, 
----------------- Mem021UncorrectMntr           -----------
ref count      : 1
.State          : listened by port : 294920, 
----------------- dft_item_lm75_MB_temp         -----------
ref count      : 1
----------------- Port0BWUsage_exp-3            -----------
ref count      : 1
.Value          : listened by port : 294920, 
----------------- BBUOputShoCirdPrtcPlcy        -----------
ref count      : 1
----------------- IoutOcWarningInfo-6           -----------
ref count      : 1
----------------- pwr_latch_issue_36_exp        -----------
ref count      : 1
.Value          : listened by port : 294920, 
----------------- PSInputLostInfo               -----------
ref count      : 1
----------------- MemBrdTrainErrorInfo          -----------
ref count      : 1
----------------- 4U_5280_flag_exp              -----------
ref count      : 1
.Value          : listened by port : 294920, 
----------------- GpuBoardPowerOnFailInfo       -----------
ref count      : 1
----------------- led_Fan4FStatusMntr           -----------
ref count      : 1
----------------- Riser2Card                    -----------
ref count      : 1
.TypeLengthCode : send event count: 1
.Health         : listened by port : 688148, 294920, 
.ReadingStatus  : send event count: 1
.AssertStatus   : send event count: 2
.Number         : send event count: 1
----------------- sms0                          -----------
ref count      : 1
.MinPort        : listened by port : 294920, 
.BoBChannelType : listened by port : 950300, 917531, 819224, 589841, 
.MaxPort        : listened by port : 294920, 
.IPAddr         : listened by port : 294920, 655379, 
.UpdateStatus   : listened by port : 524303, 
.CdevChannelEnabled : listened by port : 950300, 
.RegisterState  : listened by port : 655379, 
.Port           : listened by port : 950300, 655379, 
----------------- IncorrectBatteryCountInfo     -----------
ref count      : 1
----------------- EnergySavingCancelPlcy        -----------
ref count      : 1
----------------- BoardIdExpr-901               -----------
ref count      : 1
.Value          : recv event count: 1 : listened by port : 294920, 
----------------- Port0BWUsage_exp-4            -----------
ref count      : 1
.Value          : listened by port : 294920, 
----------------- ComHddInner3-2                -----------
ref count      : 1
.Health         : listened by port : 294920, 
----------------- BoardIdExpr-902               -----------
ref count      : 1
.Value          : recv event count: 1 : listened by port : 294920, 
----------------- RaidCpldChip-1                -----------
ref count      : 1
----------------- Disk3MissingMntr-2            -----------
ref count      : 1
.State          : listened by port : 294920, 
----------------- M2TrnsCard3IdAcc-9            -----------
ref count      : 1
----------------- Disk7MissingMntr-2            -----------
ref count      : 1
.State          : listened by port : 294920, 
----------------- PchClockLostInfo              -----------
ref count      : 1
----------------- CertOverDueEvent_1            -----------
ref count      : 1
.EventCode      : send event count: 1
----------------- SwitchBrdVoltLowerInfo        -----------
ref count      : 1
----------------- Sensor_15_07_status_1         -----------
ref count      : 1
.EventCode      : send event count: 1
----------------- SnmpCommWorkKey               -----------
ref count      : 1
.WorkKey        : recv event count: 1 : listened by port : 131075, 851993, 294920, 655379, 589841, 
----------------- SysFwProg_Event_0_9_ToHmm     -----------
ref count      : 1
----------------- RFBANoPresInfo                -----------
ref count      : 1
----------------- Hdd1InsertMntr-2              -----------
ref count      : 1
.State          : send event count: 5 : recv event count: 5 : listened by port : 294920, 
.SavedReading   : send event count: 1
.Time           : send event count: 2
----------------- SasCableAErrInLoop-2          -----------
ref count      : 1
.Value          : listened by port : 294920, 
----------------- M2TransformCard39555-8        -----------
ref count      : 1
----------------- Cpu1Channel0                  -----------
ref count      : 1
.FDMFault       : listened by port : 294920, 
----------------- RAIDBBULowMntr-1              -----------
ref count      : 1
.State          : listened by port : 294920, 
----------------- PsCoreTemp-5                  -----------
ref count      : 1
.SensorUnitStr  : send event count: 1
.ReaddingConvert : send event count: 2847614
.ReadingStatus  : send event count: 1
.SensorName     : send event count: 1
.Number         : send event count: 1
.Health         : listened by port : 688148, 294920, 
.InnerName      : send event count: 1
.TypeLengthCode : send event count: 1
----------------- RAIDBBULowPlcy                -----------
ref count      : 1
----------------- Cpu1VsaFailMntr               -----------
ref count      : 1
.State          : listened by port : 294920, 
----------------- MngmntHealth                  -----------
ref count      : 1
.TypeLengthCode : send event count: 1
.Health         : send event count: 101 : recv event count: 101 : listened by port : 688148, 294920, 
.ReadingStatus  : send event count: 1
.AssertStatus   : send event count: 102
.Number         : send event count: 1
----------------- VSA_VOLT_CPU1                 -----------
ref count      : 1
.SensorUnitStr  : send event count: 1
.NegativeHysteresisConvert : send event count: 1
.ReaddingConvert : send event count: 1970070
.LowerCriticalConvert : send event count: 1
.UpperCriticalConvert : send event count: 1
.ReadingStatus  : send event count: 1
.Number         : send event count: 1
.Health         : listened by port : 688148, 294920, 
.PositiveHysteresisConvert : send event count: 1
.TypeLengthCode : send event count: 1
----------------- 0V8_VDD1_PwrCirAblMntr        -----------
ref count      : 1
.State          : listened by port : 294920, 
----------------- led_Mem011ConfigErrMntr       -----------
ref count      : 1
----------------- ComChassis                    -----------
ref count      : 1
.Health         : listened by port : 294920, 
----------------- Disk5LocatErrMntr-2           -----------
ref count      : 1
.State          : listened by port : 294920, 
----------------- MemBrdTempInfo                -----------
ref count      : 1
----------------- PsCoreTemp-6                  -----------
ref count      : 1
.SensorUnitStr  : send event count: 1
.ReaddingConvert : send event count: 1246963
.ReadingStatus  : send event count: 1
.SensorName     : send event count: 1
.Number         : send event count: 1
.Health         : listened by port : 688148, 294920, 
.InnerName      : send event count: 1
.TypeLengthCode : send event count: 1
----------------- Cpu1Channel1                  -----------
ref count      : 1
.FDMFault       : listened by port : 294920, 
----------------- bmc_reset_cause               -----------
ref count      : 1
.Value          : listened by port : 294920, 
----------------- VSA_VOLT_CPU2                 -----------
ref count      : 1
.SensorUnitStr  : send event count: 1
.NegativeHysteresisConvert : send event count: 1
.ReaddingConvert : send event count: 1889985
.LowerCriticalConvert : send event count: 1
.UpperCriticalConvert : send event count: 1
.ReadingStatus  : send event count: 1
.Number         : send event count: 1
.Health         : listened by port : 688148, 294920, 
.PositiveHysteresisConvert : send event count: 1
.TypeLengthCode : send event count: 1
----------------- CpuQpiLinkPFAEPlcy            -----------
ref count      : 1
----------------- CXPLinkPlcy                   -----------
ref count      : 1
----------------- PCIeHardwareFaultMinorInfo    -----------
ref count      : 1
----------------- FruDev:C                      -----------
ref count      : 1
----------------- SMMInstallInfo                -----------
ref count      : 1
----------------- DiskInner2Listen_1_Exp-2      -----------
ref count      : 1
.Value          : listened by port : 294920, 
----------------- BMCCoreTempExpr               -----------
ref count      : 1
.Value          : send event count: 478890 : recv event count: 478890 : listened by port : 294920, 
----------------- Cpu1Channel2                  -----------
ref count      : 1
.FDMFault       : listened by port : 294920, 
----------------- HddIn1FailAryMntr-2           -----------
ref count      : 1
.State          : listened by port : 294920, 
----------------- pwr_latch_issue_25_exp        -----------
ref count      : 1
.Value          : listened by port : 294920, 
----------------- PcieSlotExp3-9                -----------
ref count      : 1
.Value          : send event count: 1 : recv event count: 1 : listened by port : 294920, 
----------------- SSLCert9CertMonitor           -----------
ref count      : 1
----------------- Cpu1Channel3                  -----------
ref count      : 1
.FDMFault       : listened by port : 294920, 
----------------- HddFailedArrayPlcy            -----------
ref count      : 1
----------------- HddInner3ExpPHYMntr-2         -----------
ref count      : 1
.State          : listened by port : 294920, 
----------------- Disk0ForeignMntr-2            -----------
ref count      : 1
.State          : listened by port : 294920, 
----------------- pg_p1v8_3v3_exp-1             -----------
ref count      : 1
.Value          : send event count: 1 : recv event count: 1 : listened by port : 294920, 
----------------- BIO3V3HighInfo                -----------
ref count      : 1
----------------- Disk6Listen_1_Exp-2           -----------
ref count      : 1
.Value          : listened by port : 294920, 
----------------- NpuHealthMajorInfo            -----------
ref count      : 1
----------------- pwr_latch_issue_03_exp        -----------
ref count      : 1
.Value          : listened by port : 294920, 
----------------- FIO3V3HighInfo                -----------
ref count      : 1
----------------- FIOInletMtempInfo             -----------
ref count      : 1
----------------- Disk4ForeignMntr-2            -----------
ref count      : 1
.State          : listened by port : 294920, 
----------------- MezzCardReplaceInfo           -----------
ref count      : 1
----------------- cpu2_vddfix_volt_monitor      -----------
ref count      : 1
.VoltValue      : listened by port : 294920, 
.MonSenValue    : send event count: 142195
----------------- Disk3Listen_1-2               -----------
ref count      : 1
----------------- led_HddIn1RemovedMntr-2       -----------
ref count      : 1
----------------- Disk2Listen_1_Exp2-2          -----------
ref count      : 1
.Value          : listened by port : 294920, 
----------------- led_Mem050RemovedMntr         -----------
ref count      : 1
----------------- MB_temp_accessor              -----------
ref count      : 1
----------------- MainBrd100MClockPlcy2         -----------
ref count      : 1
----------------- Disk8ForeignMntr-2            -----------
ref count      : 1
.State          : send event count: 2 : recv event count: 2 : listened by port : 294920, 
.SavedReading   : send event count: 2
.Time           : send event count: 2
----------------- CpuJCTempfailInfo             -----------
ref count      : 1
----------------- Cpu1Channel5                  -----------
ref count      : 1
.FDMFault       : listened by port : 294920, 
----------------- Rear12BackplaneHddInfo        -----------
ref count      : 1
----------------- RearSasConnectErrMntr         -----------
ref count      : 1
.State          : listened by port : 294920, 
----------------- Cpu1Channel4                  -----------
ref count      : 1
.FDMFault       : listened by port : 294920, 
----------------- raid_error_exp-1              -----------
ref count      : 1
.Value          : listened by port : 294920, 
----------------- 12V0_2PwrCirAbnormal          -----------
ref count      : 1
----------------- led_Mem161RemovedMntr         -----------
ref count      : 1
----------------- pwr_latch_issue_14_exp        -----------
ref count      : 1
.Value          : listened by port : 294920, 
----------------- Disk3-2                       -----------
ref count      : 1
.TypeLengthCode : send event count: 1
.Health         : listened by port : 688148, 294920, 
.ReadingStatus  : send event count: 1
.AssertStatus   : send event count: 2
.Number         : send event count: 1
----------------- 1822Chip1V2GetFailPlcy        -----------
ref count      : 1
----------------- BmcEepCheckFailInfo           -----------
ref count      : 1
----------------- Stdby1_2VPlcy                 -----------
ref count      : 1
----------------- SelFilter_08_07               -----------
ref count      : 1
----------------- RiserCardPwrPlcy              -----------
ref count      : 1
----------------- CpuDdrvddLowInfo              -----------
ref count      : 1
----------------- Cpu1Channel6                  -----------
ref count      : 1
.FDMFault       : listened by port : 294920, 
----------------- PsuMixInsertSupPlcy           -----------
ref count      : 1
----------------- led_disk11-2                  -----------
ref count      : 1
----------------- SFPTempTempExpr               -----------
ref count      : 1
.Value          : send event count: 70129 : recv event count: 70129 : listened by port : 294920, 
----------------- M2Disk1FailedArrayMntr        -----------
ref count      : 1
.State          : listened by port : 294920, 
----------------- cpu1_vddfix_volt_monitor      -----------
ref count      : 1
.VoltValue      : listened by port : 294920, 
.MonSenValue    : send event count: 122889
----------------- NpuVrdTempMinorInfo           -----------
ref count      : 1
----------------- 12V_2_Volt_LowMntr            -----------
ref count      : 1
.State          : listened by port : 294920, 
----------------- CpuMarginFailPlcy             -----------
ref count      : 1
----------------- HDDBkp0FailInfo               -----------
ref count      : 1
----------------- FabricLSWTempMinorInfo        -----------
ref count      : 1
----------------- M2TransformCard39555-9        -----------
ref count      : 1
----------------- Mem061InitErrorCond           -----------
ref count      : 1
----------------- Cpu1Channel7                  -----------
ref count      : 1
.FDMFault       : listened by port : 294920, 
----------------- OutletTempFailDebounce        -----------
ref count      : 1
.MonSenValue    : listened by port : 294920, 
----------------- Hdd8ExpPHYMntr-2              -----------
ref count      : 1
.State          : listened by port : 294920, 
----------------- Front24NvmeBpExpression       -----------
ref count      : 1
.Value          : listened by port : 294920, 
.Y              : send event count: 1
.X              : send event count: 1
----------------- MutualAuthCliCertMonitor10    -----------
ref count      : 1
----------------- Fan3FPresence_Listen_0        -----------
ref count      : 1
----------------- IncorrectBatteryCntPlcy       -----------
ref count      : 1
----------------- lom2_port2_link_mon-3         -----------
ref count      : 1
.MonSenValue    : send event count: 1 : recv event count: 1 : listened by port : 294920, 
----------------- PcieSlotExp3-8                -----------
ref count      : 1
.Value          : send event count: 1 : recv event count: 1 : listened by port : 294920, 
----------------- Mem061RemovedMntr             -----------
ref count      : 1
.State          : send event count: 1 : recv event count: 1 : listened by port : 294920, 
----------------- MutualAuthCliCertMonitor11    -----------
ref count      : 1
----------------- Mem041InitErrorLogMntr        -----------
ref count      : 1
.State          : listened by port : 294920, 
----------------- lom2_port2_link_mon-4         -----------
ref count      : 1
.MonSenValue    : send event count: 1 : recv event count: 1 : listened by port : 294920, 
----------------- Hdd10MdWroutLowMntr-2         -----------
ref count      : 1
.State          : listened by port : 294920, 
----------------- HDDBkpVolGetFailPlcy          -----------
ref count      : 1
----------------- PowerEvent_0                  -----------
ref count      : 1
.EventCode      : send event count: 1
----------------- Hdd3MdWroutLowMntr-2          -----------
ref count      : 1
.State          : listened by port : 294920, 
----------------- TempEvent_0                   -----------
ref count      : 1
.EventCode      : send event count: 1
----------------- ComMemory120                  -----------
ref count      : 1
.Health         : listened by port : 294920, 
----------------- led_fan2F_status              -----------
ref count      : 1
----------------- CXPCableInfo                  -----------
ref count      : 1
----------------- NormalNvmeComType             -----------
ref count      : 1
.Value          : send event count: 1 : recv event count: 1 : listened by port : 294920, 
----------------- led_dimm061_mntr              -----------
ref count      : 1
----------------- PowerEvent_1                  -----------
ref count      : 1
.EventCode      : send event count: 1
----------------- MutualAuthCliCertMonitor13    -----------
ref count      : 1
----------------- TempEvent_1                   -----------
ref count      : 1
.EventCode      : send event count: 1
----------------- ComMemory121                  -----------
ref count      : 1
.Health         : listened by port : 294920, 
----------------- MutualAuthCliCertMonitor12    -----------
ref count      : 1
----------------- PSFailureInfo                 -----------
ref count      : 1
----------------- PowerEvent_2                  -----------
ref count      : 1
.EventCode      : send event count: 1
----------------- PCIeVoltLowMaintInfo          -----------
ref count      : 1
----------------- EntityDimm010                 -----------
ref count      : 1
.PowerState     : send event count: 1
.EnableState    : send event count: 2
.Health         : listened by port : 294920, 
----------------- TempEvent_2                   -----------
ref count      : 1
.EventCode      : send event count: 1
----------------- DiskIn2MissingMntr-2          -----------
ref count      : 1
.State          : listened by port : 294920, 
----------------- DiskIn3ForeignMntr-2          -----------
ref count      : 1
.State          : listened by port : 294920, 
----------------- pg_p0v9_debounce-1            -----------
ref count      : 1
.MonSenValue    : listened by port : 294920, 
.RegValue       : send event count: 7
----------------- MutualAuthCliCertMonitor14    -----------
ref count      : 1
----------------- Expression:C                  -----------
ref count      : 1
----------------- Cpu2MemTempThre               -----------
ref count      : 1
.Value          : send event count: 1 : recv event count: 1 : listened by port : 294920, 
----------------- SysRestart_Event_7_1_0        -----------
ref count      : 1
.EventCode      : send event count: 1
----------------- PowerEvent_3                  -----------
ref count      : 1
.EventCode      : send event count: 1
----------------- EntityDimm011                 -----------
ref count      : 1
.PowerState     : send event count: 1
.EnableState    : send event count: 2
.Health         : listened by port : 294920, 
----------------- Mem030InitErrorLogMntr        -----------
ref count      : 1
.State          : listened by port : 294920, 
----------------- TempEvent_3                   -----------
ref count      : 1
.EventCode      : send event count: 1
----------------- MutualAuthCliCertMonitor15    -----------
ref count      : 1
----------------- Fan1FPresence_Listen_0        -----------
ref count      : 1
----------------- PcieFPGALoadFailInfo          -----------
ref count      : 1
----------------- PowerOffReqInfo               -----------
ref count      : 1
----------------- Mem030InitErrorCond           -----------
ref count      : 1
----------------- SysRestart_Event_7_1_1        -----------
ref count      : 1
.EventCode      : send event count: 1
----------------- SystemErrorInfo               -----------
ref count      : 1
----------------- PowerEvent_4                  -----------
ref count      : 1
.EventCode      : send event count: 1
----------------- MutualAuthCliCertMonitor16    -----------
ref count      : 1
----------------- TempEvent_4                   -----------
ref count      : 1
.EventCode      : send event count: 1
----------------- LDAPCertMonitor5_10           -----------
ref count      : 1
----------------- LomCardTempFailDeb-3          -----------
ref count      : 1
.MonSenValue    : listened by port : 294920, 
----------------- led_HddIn0RbdStartMntr-2      -----------
ref count      : 1
----------------- cpu1mem23_volt_test           -----------
ref count      : 1
----------------- Disk1LocatErrMntr-2           -----------
ref count      : 1
.State          : listened by port : 294920, 
----------------- Mem021InitErrorCond           -----------
ref count      : 1
----------------- PowerEvent_5                  -----------
ref count      : 1
.EventCode      : send event count: 1
----------------- TempEvent_5                   -----------
ref count      : 1
.EventCode      : send event count: 1
----------------- SysPwrSigDropInfo             -----------
ref count      : 1
----------------- InletTempExpr                 -----------
ref count      : 1
.Value          : send event count: 141166 : recv event count: 141166 : listened by port : 294920, 
----------------- MutualAuthCliCertMonitor17    -----------
ref count      : 1
----------------- LomCardTempFailDeb-4          -----------
ref count      : 1
.MonSenValue    : listened by port : 294920, 
----------------- RackCableDisconnectedPlcy     -----------
ref count      : 1
----------------- BBULowVoltageMajorInfo        -----------
ref count      : 1
----------------- 1V2_2_PwrCirAblMntr           -----------
ref count      : 1
.State          : listened by port : 294920, 
----------------- FAN4FSpeedOemConfig           -----------
ref count      : 1
----------------- PowerEvent_6                  -----------
ref count      : 1
.EventCode      : send event count: 1
----------------- SelFilter_08_0B               -----------
ref count      : 1
----------------- TempEvent_6                   -----------
ref count      : 1
.EventCode      : send event count: 1
----------------- ElectValveOut12VHighPlcy      -----------
ref count      : 1
----------------- Disk2Listen_1_Exp-2           -----------
ref count      : 1
.Value          : listened by port : 294920, 
----------------- PowerEvent_7                  -----------
ref count      : 1
.EventCode      : send event count: 1
----------------- BBUBusBarOvVolPrtcInfo        -----------
ref count      : 1
----------------- PcbVeCpldVerExp_v180          -----------
ref count      : 1
.Value          : listened by port : 294920, 
.X              : send event count: 1
----------------- IOBoardTempReadFailInfo       -----------
ref count      : 1
----------------- TempEvent_7                   -----------
ref count      : 1
.EventCode      : send event count: 1
----------------- PwrFaultMntr66                -----------
ref count      : 1
.State          : listened by port : 294920, 
----------------- cpu2_mem012_vrd_temp          -----------
ref count      : 1
----------------- DiskIn3FailMntr-2             -----------
ref count      : 1
.State          : listened by port : 294920, 
----------------- PowerEvent_8                  -----------
ref count      : 1
.EventCode      : send event count: 1
----------------- TempEvent_8                   -----------
ref count      : 1
.EventCode      : send event count: 1
----------------- 2V5_2_PwrCirAbl_Exp           -----------
ref count      : 1
.Value          : listened by port : 294920, 
----------------- led_ComMemory000              -----------
ref count      : 1
----------------- PCIeCardGetInfoFailPlcy       -----------
ref count      : 1
----------------- EntityDisk0-2                 -----------
ref count      : 1
.Health         : send event count: 2 : recv event count: 2 : listened by port : 294920, 
.CurrentScore   : send event count: 2
----------------- PwrFaultMntr67                -----------
ref count      : 1
.State          : listened by port : 294920, 
----------------- BmcHeartbeatExpPlcy           -----------
ref count      : 1
----------------- PowerEvent_9                  -----------
ref count      : 1
.EventCode      : send event count: 1
----------------- IncorrectPSUCountInfo         -----------
ref count      : 1
----------------- MosVoltAbnormalPlcy           -----------
ref count      : 1
----------------- BakHeartAbnorPlcy             -----------
ref count      : 1
----------------- MemTempMajorInfo              -----------
ref count      : 1
----------------- led_ComMemory001              -----------
ref count      : 1
----------------- MemUncorrectInfo              -----------
ref count      : 1
----------------- DiskFlashInfo                 -----------
ref count      : 1
----------------- RAIDBBUFaultMntr-1            -----------
ref count      : 1
.State          : listened by port : 294920, 
----------------- led_dimm110                   -----------
ref count      : 1
----------------- TempEvent_9                   -----------
ref count      : 1
.EventCode      : send event count: 1
----------------- Disk8DevFault-2               -----------
ref count      : 1
.Value          : listened by port : 294920, 
----------------- Stdby1_05VLowInfo             -----------
ref count      : 1
----------------- Riser1_present_mon            -----------
ref count      : 1
.MonSenValue    : send event count: 1 : recv event count: 1 : listened by port : 294920, 
.RegValue       : send event count: 1
----------------- pwr_issue_50_exp              -----------
ref count      : 1
.Value          : listened by port : 294920, 
----------------- pwr_issue_61_exp              -----------
ref count      : 1
.Value          : listened by port : 294920, 
----------------- Language                      -----------
ref count      : 1
.EventLangVersion : send event count: 1
----------------- led_Hdd7PredicFailMntr-2      -----------
ref count      : 1
----------------- led_dimm111                   -----------
ref count      : 1
----------------- SysRestart_Event_7_1_8        -----------
ref count      : 1
.EventCode      : send event count: 1
----------------- MainBrd100MClockPlcy          -----------
ref count      : 1
----------------- PSUCurrentUnequalInfo         -----------
ref count      : 1
----------------- Dimm100                       -----------
ref count      : 1
.TypeLengthCode : send event count: 1
.Health         : listened by port : 688148, 294920, 
.ReadingStatus  : send event count: 1
.AssertStatus   : send event count: 2
.Number         : send event count: 1
----------------- FAN4F_Sta_Listen_0            -----------
ref count      : 1
----------------- Memory130ReplaceMntr          -----------
ref count      : 1
.State          : listened by port : 294920, 
----------------- HDD_BP_status_2               -----------
ref count      : 1
.EventCode      : send event count: 1
----------------- led_Mem001RemovedMntr         -----------
ref count      : 1
----------------- Dimm101                       -----------
ref count      : 1
.TypeLengthCode : send event count: 1
.Health         : listened by port : 688148, 294920, 
.ReadingStatus  : send event count: 1
.AssertStatus   : send event count: 1
.Number         : send event count: 1
----------------- InletTempFailDebounce         -----------
ref count      : 1
.MonSenValue    : listened by port : 294920, 
----------------- HddPFAEInfo                   -----------
ref count      : 1
----------------- PSTempInfo                    -----------
ref count      : 1
----------------- Stdby1_8VLowInfo              -----------
ref count      : 1
----------------- Cpu1Presentinfo               -----------
ref count      : 1
----------------- LeakCardPresentPlcy           -----------
ref count      : 1
----------------- OCPHWFaultMinorPlcy           -----------
ref count      : 1
----------------- PCIeMemoryFaultCountInfo      -----------
ref count      : 1
----------------- ps1_present_mon               -----------
ref count      : 1
.MonSenValue    : listened by port : 294920, 
----------------- BMAForwardMntr                -----------
ref count      : 1
.State          : listened by port : 294920, 
----------------- PHYErrIncTooFastInfo          -----------
ref count      : 1
----------------- Cpu1QPIPFAPort0Mntr           -----------
ref count      : 1
.State          : listened by port : 294920, 
----------------- MbdMosDropMajorInfo           -----------
ref count      : 1
----------------- DiskInner0Listen_7-2          -----------
ref count      : 1
----------------- PsRedundancyLostMntr          -----------
ref count      : 1
.State          : listened by port : 294920, 
----------------- SysFwProg_Event_0_c_ToHmm     -----------
ref count      : 1
----------------- OutletTempFailInfo            -----------
ref count      : 1
----------------- ProductTypeAccessor           -----------
ref count      : 1
----------------- Cpu2VddqTemp                  -----------
ref count      : 1
.SensorUnitStr  : send event count: 1
.ReaddingConvert : send event count: 124081
.UpperCriticalConvert : send event count: 1
.ReadingStatus  : send event count: 1
.Number         : send event count: 1
.Health         : listened by port : 688148, 294920, 
.TypeLengthCode : send event count: 1
----------------- Hdd8RebuildStartMntr-2        -----------
ref count      : 1
.State          : listened by port : 294920, 
----------------- DefaultInletExp               -----------
ref count      : 1
.Value          : listened by port : 294920, 
----------------- OneMorePsPlcy                 -----------
ref count      : 1
----------------- Memory030                     -----------
ref count      : 1
.FDMFault       : listened by port : 294920, 
.ReplaceFlag    : listened by port : 294920, 
----------------- led_Hdd9InsertMntr-2          -----------
ref count      : 1
----------------- ChipSet_Event_3_1_ToHmm       -----------
ref count      : 1
----------------- SyslogItemCfg_0               -----------
ref count      : 1
----------------- InnerSasConnectErrMntr        -----------
ref count      : 1
.State          : listened by port : 294920, 
----------------- CpuUsageHigh_exp              -----------
ref count      : 1
.Value          : listened by port : 294920, 
----------------- dbd_none                      -----------
ref count      : 1
----------------- Mem061ECCMntr                 -----------
ref count      : 1
.State          : listened by port : 294920, 
----------------- led_dimm111_mntr              -----------
ref count      : 1
----------------- LedDispElmt_S:C               -----------
ref count      : 1
----------------- CpuDdrVddqFailPlcy            -----------
ref count      : 1
----------------- Hdd11WearoutExp-2             -----------
ref count      : 1
.Value          : send event count: 1 : recv event count: 1 : listened by port : 294920, 
----------------- led_Fan3FInstallMntr          -----------
ref count      : 1
----------------- led_disk1-2                   -----------
ref count      : 1
----------------- SyslogItemCfg_1               -----------
ref count      : 1
----------------- PassCardRemovedInfo           -----------
ref count      : 1
----------------- led_Disk5FailMntr-2           -----------
ref count      : 1
----------------- CpuP1v8LowInfo                -----------
ref count      : 1
----------------- pg_p0v9_mss_exp-1             -----------
ref count      : 1
.Value          : send event count: 1 : recv event count: 1 : listened by port : 294920, 
----------------- BBUModuleFaultInfo            -----------
ref count      : 1
----------------- LicenseRevokePlcy             -----------
ref count      : 1
----------------- Disk8Listen_7-2               -----------
ref count      : 1
----------------- LiquidLeakageInfo             -----------
ref count      : 1
----------------- SyslogItemCfg_2               -----------
ref count      : 1
----------------- Memory:C                      -----------
ref count      : 1
----------------- PSRedundancy                  -----------
ref count      : 1
.TypeLengthCode : send event count: 1
.Health         : listened by port : 688148, 294920, 
.ReadingStatus  : send event count: 1
.AssertStatus   : send event count: 1
.Number         : send event count: 1
----------------- InsufficientBBUPowerInfo      -----------
ref count      : 1
----------------- reset_pca9545_Exp-8           -----------
ref count      : 1
.Value          : listened by port : 294920, 
----------------- EX3_3VStdbyGetFailPlcy        -----------
ref count      : 1
----------------- Mem161ECCMntr                 -----------
ref count      : 1
.State          : listened by port : 294920, 
----------------- HddBackCardPcbidAccessor      -----------
ref count      : 1
----------------- Payload:C                     -----------
ref count      : 1
----------------- SyslogItemCfg_3               -----------
ref count      : 1
----------------- led_cpu2_VDDQTempMinor        -----------
ref count      : 1
----------------- PCIeSysLoadStatusInfo         -----------
ref count      : 1
----------------- reset_pca9545_Exp-9           -----------
ref count      : 1
.Value          : listened by port : 294920, 
----------------- SMMCommLossPlcy               -----------
ref count      : 1
----------------- Cpu2VsaHighWaringMntr         -----------
ref count      : 1
.State          : listened by port : 294920, 
----------------- Hdd6RebuildStartMntr-2        -----------
ref count      : 1
.State          : send event count: 1 : recv event count: 1 : listened by port : 294920, 
----------------- IOBoard2OnRiser2              -----------
ref count      : 1
----------------- led_Hdd2RebuildEndMntr-2      -----------
ref count      : 1
----------------- PICCard1V2LowInfo             -----------
ref count      : 1
----------------- Hdd9Flash_exp-2               -----------
ref count      : 1
.Value          : listened by port : 294920, 
----------------- Mem120InitErrorLogMntr        -----------
ref count      : 1
.State          : listened by port : 294920, 
----------------- HddInner2ReplaceMntr-2        -----------
ref count      : 1
.State          : listened by port : 294920, 
----------------- GpuCarrBoardPFAEPlcy          -----------
ref count      : 1
----------------- NTPSyncTime                   -----------
ref count      : 1
.TypeLengthCode : send event count: 1
.Health         : listened by port : 688148, 294920, 
.ReadingStatus  : send event count: 1
.AssertStatus   : send event count: 1
.Number         : send event count: 1
----------------- CpuVRHotInfo                  -----------
ref count      : 1
----------------- LeakCardNumErrPlcy            -----------
ref count      : 1
----------------- pg_p1v2_accessor-1            -----------
ref count      : 1
----------------- UIDLedCtrl                    -----------
ref count      : 1
.CtrlAccessor   : send event count: 7
----------------- Cpu2CoreTempMinorMntr         -----------
ref count      : 1
.State          : listened by port : 294920, 
----------------- MAClientCertOverDueMntr_10    -----------
ref count      : 1
.State          : listened by port : 294920, 
----------------- CpuUtilise                    -----------
ref count      : 1
.TypeLengthCode : send event count: 1
.Health         : listened by port : 688148, 294920, 
.ReadingStatus  : send event count: 1
.AssertStatus   : send event count: 1
.Number         : send event count: 1
----------------- Hdd2Flash_exp-2               -----------
ref count      : 1
.Value          : listened by port : 294920, 
----------------- led_ComPS1                    -----------
ref count      : 1
----------------- HddIn0MdWroutLowMntr-2        -----------
ref count      : 1
.State          : listened by port : 294920, 
----------------- SwitchBrdClkInfo              -----------
ref count      : 1
----------------- Mem051MRCFatelErrMntr         -----------
ref count      : 1
.State          : listened by port : 294920, 
----------------- CpuErrorInfo                  -----------
ref count      : 1
----------------- LDAPCertMonitor3_1            -----------
ref count      : 1
----------------- MAClientCertOverDueMntr_11    -----------
ref count      : 1
.State          : listened by port : 294920, 
----------------- Mem131InitErrorLogMntr        -----------
ref count      : 1
.State          : listened by port : 294920, 
----------------- HPButtonInfo                  -----------
ref count      : 1
----------------- cpu2_vrd3_chip                -----------
ref count      : 1
----------------- BBUCommLostPlcy               -----------
ref count      : 1
----------------- CpuBdTempGetFailPlcy          -----------
ref count      : 1
----------------- lomcard_temp_monitor-3        -----------
ref count      : 1
.TempValue      : send event count: 1388322
.MonSenValue    : send event count: 271559
----------------- Hdd4WearoutExp-2              -----------
ref count      : 1
.Value          : send event count: 1 : recv event count: 1 : listened by port : 294920, 
----------------- led_ComPS2                    -----------
ref count      : 1
----------------- Hdd3FailedArrayMntr-2         -----------
ref count      : 1
.State          : listened by port : 294920, 
----------------- MAClientCertOverDueMntr_12    -----------
ref count      : 1
.State          : listened by port : 294920, 
----------------- Riser3BoardIdTempFailExpr     -----------
ref count      : 1
.Value          : listened by port : 294920, 
----------------- LDAPCertMonitor3_2            -----------
ref count      : 1
----------------- Stby1VFailPlcy                -----------
ref count      : 1
----------------- SysRestart_Event_7_1_D        -----------
ref count      : 1
.EventCode      : send event count: 1
----------------- Mem160RemovedMntr             -----------
ref count      : 1
.State          : send event count: 1 : recv event count: 1 : listened by port : 294920, 
----------------- BMAForwardFailPlcy            -----------
ref count      : 1
----------------- SelfTestFailInfo              -----------
ref count      : 1
----------------- MAClientCertOverDueMntr_13    -----------
ref count      : 1
.State          : listened by port : 294920, 
----------------- Mem161MRCFatelErrMntr         -----------
ref count      : 1
.State          : listened by port : 294920, 
----------------- LDAPCertMonitor3_3            -----------
ref count      : 1
----------------- SysRestart                    -----------
ref count      : 1
.TypeLengthCode : send event count: 1
.Health         : listened by port : 688148, 294920, 
.ReadingStatus  : send event count: 1
.AssertStatus   : send event count: 102
.Number         : send event count: 1
----------------- lomcard_temp_monitor-4        -----------
ref count      : 1
.TempValue      : send event count: 1332032
.MonSenValue    : send event count: 255534
----------------- time_hopping_value_exp        -----------
ref count      : 1
.Value          : listened by port : 294920, 
----------------- SysRestart_Event_7_1_E        -----------
ref count      : 1
.EventCode      : send event count: 1
----------------- Hdd4RebuildStartMntr-2        -----------
ref count      : 1
.State          : send event count: 1 : recv event count: 1 : listened by port : 294920, 
----------------- BkpMiscCableInfo              -----------
ref count      : 1
----------------- MAClientCertOverDueMntr_14    -----------
ref count      : 1
.State          : listened by port : 294920, 
----------------- M2Disk1WearoutExp             -----------
ref count      : 1
.Value          : send event count: 1 : recv event count: 1 : listened by port : 294920, 
----------------- LDAPCertMonitor3_4            -----------
ref count      : 1
----------------- led_HddIn0InsertMntr-2        -----------
ref count      : 1
----------------- SysRestart_Event_7_1_F        -----------
ref count      : 1
.EventCode      : send event count: 1
----------------- ComHdd7-2                     -----------
ref count      : 1
.Health         : listened by port : 294920, 
----------------- SystemAbnormalErrInfo         -----------
ref count      : 1
----------------- MAClientCertOverDueMntr_15    -----------
ref count      : 1
.State          : listened by port : 294920, 
----------------- Memory031                     -----------
ref count      : 1
.FDMFault       : listened by port : 294920, 
.ReplaceFlag    : listened by port : 294920, 
----------------- LDAPCertMonitor3_5            -----------
ref count      : 1
----------------- MemoryChannel:C               -----------
ref count      : 1
----------------- led_Mem160InstalledMntr       -----------
ref count      : 1
----------------- BBUCellOverTemMajPlcy         -----------
ref count      : 1
----------------- LswChipFaultPlcy              -----------
ref count      : 1
----------------- Cpu2VddqTempExpr              -----------
ref count      : 1
.Value          : send event count: 114316 : recv event count: 114316 : listened by port : 294920, 
----------------- MAClientCertOverDueMntr_16    -----------
ref count      : 1
.State          : listened by port : 294920, 
----------------- ReadonlyFS_exp                -----------
ref count      : 1
.Value          : listened by port : 294920, 
----------------- LDAPCertMonitor3_6            -----------
ref count      : 1
----------------- LowNoisyInletExp              -----------
ref count      : 1
.Value          : listened by port : 294920, 
----------------- FabricSwitchSVIDFailedInfo    -----------
ref count      : 1
----------------- led_Mem151InstalledMntr       -----------
ref count      : 1
----------------- volt_12v1_sensor_monitor      -----------
ref count      : 1
----------------- Pcb_Bmc_Ve_exp                -----------
ref count      : 1
.Value          : send event count: 1 : recv event count: 1 : listened by port : 294920, 
----------------- MAClientCertOverDueMntr_17    -----------
ref count      : 1
.State          : listened by port : 294920, 
----------------- Sys12VLowInfo                 -----------
ref count      : 1
----------------- AddInCard_Event_03_1          -----------
ref count      : 1
.EventCode      : send event count: 1
----------------- RAIDTempExpH-1                -----------
ref count      : 1
.Value          : listened by port : 294920, 
----------------- FabricLSWVoltLowInfo          -----------
ref count      : 1
----------------- LDAPCertMonitor3_8            -----------
ref count      : 1
----------------- GetInfoFailExpr-901           -----------
ref count      : 1
.Value          : listened by port : 294920, 
----------------- LDAPCertMonitor3_7            -----------
ref count      : 1
----------------- Hdd4FlashMntr-2               -----------
ref count      : 1
.State          : listened by port : 294920, 
----------------- CpuVeCpldAccessor             -----------
ref count      : 1
----------------- Cpu1BistFailMntr              -----------
ref count      : 1
.State          : listened by port : 294920, 
----------------- FabricPowerOnInfo             -----------
ref count      : 1
----------------- Hdd2RebuildStartMntr-2        -----------
ref count      : 1
.State          : send event count: 1 : recv event count: 1 : listened by port : 294920, 
----------------- PsFanStatus-5                 -----------
ref count      : 1
.InnerName      : send event count: 1
.TypeLengthCode : send event count: 1
.SensorName     : send event count: 1
.Health         : listened by port : 688148, 294920, 
.ReadingStatus  : send event count: 1
.AssertStatus   : send event count: 1
.Number         : send event count: 1
----------------- RetimerLoadfailInfo           -----------
ref count      : 1
----------------- RaidCardSts_Lsn_0_2-1         -----------
ref count      : 1
----------------- SelFilter_12_03               -----------
ref count      : 1
----------------- NICCardReplaceInfo            -----------
ref count      : 1
----------------- RiserTempPlcy                 -----------
ref count      : 1
----------------- LDAPCertMonitor3_9            -----------
ref count      : 1
----------------- FWMismatchMntr                -----------
ref count      : 1
.State          : listened by port : 294920, 
----------------- pwr_issue_80_exp-3            -----------
ref count      : 1
.Value          : listened by port : 294920, 
----------------- pwr_issue_80_exp-4            -----------
ref count      : 1
.Value          : listened by port : 294920, 
----------------- PsFanStatus-6                 -----------
ref count      : 1
.InnerName      : send event count: 1
.TypeLengthCode : send event count: 1
.SensorName     : send event count: 1
.Health         : listened by port : 688148, 294920, 
.ReadingStatus  : send event count: 1
.AssertStatus   : send event count: 1
.Number         : send event count: 1
----------------- PCIeBandWidthDecreaseInfo     -----------
ref count      : 1
----------------- PsAddrFaultPolicy             -----------
ref count      : 1
----------------- RaidCardTempMajorInfo         -----------
ref count      : 1
----------------- SelFilter_12_04               -----------
ref count      : 1
----------------- DftStatus                     -----------
ref count      : 1
.DftEnable      : listened by port : 131075, 
----------------- Disk4Listen_1-2               -----------
ref count      : 1
----------------- Hdd11-2                       -----------
ref count      : 1
.RebuildState   : listened by port : 294920, 
.Presence       : listened by port : 294920, 
.Id             : listened by port : 229382, 491534, 
.ReplaceFlag    : listened by port : 294920, 
----------------- VinUvWarningInfo              -----------
ref count      : 1
----------------- PSUReplaceMntr-5              -----------
ref count      : 1
.State          : listened by port : 294920, 
----------------- NicTempFailInfo               -----------
ref count      : 1
----------------- GetInfoFailExpr-902           -----------
ref count      : 1
.Value          : listened by port : 294920, 
----------------- PSUReplaceMntr-6              -----------
ref count      : 1
.State          : listened by port : 294920, 
----------------- IOBoxBrdVoltPlcy              -----------
ref count      : 1
----------------- pwr_issue_19_exp              -----------
ref count      : 1
.Value          : listened by port : 294920, 
----------------- No_SD_Event_1                 -----------
ref count      : 1
.EventCode      : send event count: 1
alias name: a:DiscreteSensor58, object name: Dimm131
alias name: a:Entity207d, object name: EntityDimm161
alias name: a:DiscreteSensor82, object name: BBUStatus-1
alias name: a:Entity2076, object name: EntityDimm130
alias name: a:ThresholdSensor32, object name: Cpu2VddqTemp
alias name: a:Entityb69, object name: EntityGPU-901
alias name: a:DiscreteSensor59, object name: Dimm140
alias name: a:DiscreteSensor8a, object name: Disk7-2
alias name: a:Entity207e, object name: EntityDimm170
alias name: a:DiscreteSensor83, object name: Disk0-2
alias name: a:Entity2077, object name: EntityDimm131
alias name: a:ThresholdSensor33, object name: Cpu1VrdTemp
alias name: a:DiscreteSensor8b, object name: Disk8-2
alias name: a:Entity207f, object name: EntityDimm171
alias name: a:DiscreteSensor84, object name: Disk1-2
alias name: a:Entity2078, object name: EntityDimm140
alias name: a:ThresholdSensor34, object name: Cpu2VrdTemp
alias name: a:DiscreteSensor8c, object name: Disk9-2
alias name: a:DiscreteSensor85, object name: Disk2-2
alias name: a:Entity2079, object name: EntityDimm141
alias name: a:ThresholdSensor35, object name: VSA_VOLT_CPU1
alias name: a:DiscreteSensor8d, object name: Disk10-2
alias name: a:DiscreteSensor86, object name: Disk3-2
alias name: a:ThresholdSensor36, object name: VSA_VOLT_CPU2
alias name: a:DiscreteSensor8e, object name: Disk11-2
alias name: a:DiscreteSensor40, object name: Cpu2Memory
alias name: a:DiscreteSensor87, object name: Disk4-2
alias name: a:ThresholdSensor37, object name: VDDFIX_VOLT_CPU1
alias name: a:DiscreteSensor8f, object name: DiskInner0-2
alias name: a:DiscreteSensor41, object name: Dimm000
alias name: a:DiscreteSensor88, object name: Disk5-2
alias name: a:ThresholdSensor38, object name: VDDFIX_VOLT_CPU2
alias name: a:DiscreteSensor42, object name: Dimm001
alias name: a:DiscreteSensor89, object name: Disk6-2
alias name: a:Entity2060, object name: EntityDimm000
alias name: a:DiscreteSensor4a, object name: Dimm041
alias name: a:DiscreteSensor43, object name: Dimm010
alias name: a:Entity2061, object name: EntityDimm001
alias name: a:DiscreteSensor4b, object name: Dimm050
alias name: a:DiscreteSensor44, object name: Dimm011
alias name: a:Memory10, object name: Memory071
alias name: a:DiscreteSensora0, object name: PsTempStatus-6
alias name: a:Entity2062, object name: EntityDimm010
alias name: a:DiscreteSensor4c, object name: Dimm051
alias name: a:DiscreteSensor45, object name: Dimm020
alias name: a:Memory11, object name: Memory100
alias name: a:Entity206a, object name: EntityDimm050
alias name: a:Entity2063, object name: EntityDimm011
alias name: a:DiscreteSensor4d, object name: Dimm060
alias name: a:DiscreteSensora1, object name: RtcBattery
alias name: a:Entity460, object name: EntityDisk0-2
alias name: a:DiscreteSensor46, object name: Dimm021
alias name: a:Memory12, object name: Memory101
alias name: a:Entity206b, object name: EntityDimm051
alias name: a:DiscreteSensor70, object name: Riser2Card
alias name: a:Entity2064, object name: EntityDimm020
alias name: a:DiscreteSensor4e, object name: Dimm061
alias name: a:DiscreteSensora2, object name: Fan1FStatus
alias name: a:Entity461, object name: EntityDisk1-2
alias name: a:DiscreteSensor47, object name: Dimm030
alias name: a:Memory1a, object name: Memory141
alias name: a:Memory13, object name: Memory110
alias name: a:Entity206c, object name: EntityDimm060
alias name: a:DiscreteSensor71, object name: Riser3Card
alias name: a:Entity2065, object name: EntityDimm021
alias name: a:DiscreteSensor4f, object name: Dimm070
alias name: a:ThresholdSensor21, object name: Power-5
alias name: a:Entity462, object name: EntityDisk2-2
alias name: a:Memory1b, object name: Memory150
alias name: a:Entitya60, object name: EntityPowerSupply-5
alias name: a:DiscreteSensora3, object name: Fan2FStatus
alias name: a:Memory14, object name: Memory111
alias name: a:Entity206d, object name: EntityDimm061
alias name: a:DiscreteSensor72, object name: SASCable_sen
alias name: a:Entity2066, object name: EntityDimm030
alias name: a:Entity46a, object name: EntityDisk10-2
alias name: a:ThresholdSensor22, object name: Power-6
alias name: a:DiscreteSensora4, object name: Fan3FStatus
alias name: a:Entity463, object name: EntityDisk3-2
alias name: a:DiscreteSensor49, object name: Dimm040
alias name: a:Memory1c, object name: Memory151
alias name: a:DiscreteSensor7a, object name: SelStatus
alias name: a:Memory15, object name: Memory120
alias name: a:Entity206e, object name: EntityDimm070
alias name: a:DiscreteSensor73, object name: RaidPres
alias name: a:Entity2067, object name: EntityDimm031
alias name: a:Entitya61, object name: EntityPowerSupply-6
alias name: a:ThresholdSensor23, object name: PsIOut-6
alias name: a:Memory1, object name: Memory000
alias name: a:Entity46b, object name: EntityDisk11-2
alias name: a:Memory1d, object name: Memory160
alias name: a:DiscreteSensor7b, object name: OperationLogFull
alias name: a:Memory16, object name: Memory121
alias name: a:Entity206f, object name: EntityDimm071
alias name: a:DiscreteSensor74, object name: CpuUtilise
alias name: a:Entity2068, object name: EntityDimm040
alias name: a:Entity46c, object name: EntityDiskInner0-2
alias name: a:Memory2, object name: Memory001
alias name: a:Entity464, object name: EntityDisk4-2
alias name: a:Entity465, object name: EntityDisk5-2
alias name: a:Memory1e, object name: Memory161
alias name: a:Entity2a60, object name: lom_entity-3
alias name: a:DiscreteSensor7c, object name: SecurityLogFull
alias name: a:Memory17, object name: Memory130
alias name: a:ThresholdSensor2a, object name: 12_0V_VCC_4
alias name: a:DiscreteSensor75, object name: MemUtilise
alias name: a:Memorya, object name: Memory041
alias name: a:Entity46d, object name: EntityDiskInner1-2
alias name: a:ThresholdSensor25, object name: SysTotalPower
alias name: a:Memory3, object name: Memory010
alias name: a:Entity466, object name: EntityDisk6-2
alias name: a:Memory1f, object name: Memory170
alias name: a:Entity2a61, object name: lom_entity-4
alias name: a:TrapItemCfg2, object name: TrapItemCfg_2
alias name: a:Memory18, object name: Memory131
alias name: a:ThresholdSensor2b, object name: 12_0V_VCC_5
alias name: a:ThresholdSensor2d, object name: 1_2V_VDDQ1
alias name: a:Memoryb, object name: Memory050
alias name: a:Entity46e, object name: EntityDiskInner2-2
alias name: a:ThresholdSensor26, object name: PsCoreTemp-6
alias name: a:Memory4, object name: Memory011
alias name: a:Entity467, object name: EntityDisk7-2
alias name: a:DiscreteSensor76, object name: PSRedundancy
alias name: a:TrapItemCfg1, object name: TrapItemCfg_1
alias name: a:TrapItemCfg3, object name: TrapItemCfg_3
alias name: a:Memory19, object name: Memory140
alias name: a:ThresholdSensor2c, object name: 12_0V_VCC_6
alias name: a:ThresholdSensor2e, object name: 1_2V_VDDQ2
alias name: a:Memoryc, object name: Memory051
alias name: a:Entity46f, object name: EntityDiskInner3-2
alias name: a:ThresholdSensor27, object name: PSInletTemp-6
alias name: a:Memory5, object name: Memory020
alias name: a:Entity468, object name: EntityDisk8-2
alias name: a:DiscreteSensor77, object name: BMCBootup
alias name: a:Entity2069, object name: EntityDimm041
alias name: a:DiscreteSensor7f, object name: RTCTime
alias name: a:TrapItemCfg0, object name: TrapItemCfg_0
alias name: a:DiscreteSensora6, object name: Fan1FPresence
alias name: a:DiscreteSensor78, object name: BMCTimeHopping
alias name: a:ThresholdSensor2f, object name: 1_2V_VDDQ3
alias name: a:DiscreteSensora9, object name: Fan4FPresence
alias name: a:ThresholdSensor28, object name: 12_0V_VCC_2
alias name: a:Memory6, object name: Memory021
alias name: a:Entity469, object name: EntityDisk9-2
alias name: a:Memoryd, object name: Memory060
alias name: a:DiscreteSensor48, object name: Dimm031
alias name: a:DiscreteSensora5, object name: Fan4FStatus
alias name: a:DiscreteSensora7, object name: Fan2FPresence
alias name: a:DiscreteSensor79, object name: NTPSyncTime
alias name: a:Memorye, object name: Memory061
alias name: a:ThresholdSensor29, object name: 12_0V_VCC_3
alias name: a:Memory7, object name: Memory030
alias name: a:DiscreteSensor3a, object name: Cpu2Prochot
alias name: a:DiscreteSensor7d, object name: BMAHeartBeat
alias name: a:DiscreteSensora8, object name: Fan3FPresence
alias name: a:Memoryf, object name: Memory070
alias name: a:Memory8, object name: Memory031
alias name: a:DiscreteSensor3b, object name: SystemNotice
alias name: a:DiscreteSensor7e, object name: CertOverDue
alias name: a:ThresholdSensorb0, object name: GPUOutletTemp-802
alias name: a:Memory9, object name: Memory040
alias name: a:ThresholdSensor24, object name: PsPOut-6
alias name: a:DiscreteSensor3c, object name: SystemError
alias name: a:ThresholdSensorb1, object name: GPUInletTemp-802
alias name: a:SmtpItemCfg0, object name: SmtpItemCfg_0
alias name: a:DiscreteSensor3d, object name: Cpu1Status
alias name: a:ThresholdSensorb2, object name: GPUPower-901
alias name: a:Entityb70, object name: EntityInnerHddCard-2
alias name: a:DiscreteSensor60, object name: Dimm171
alias name: a:SmtpItemCfg1, object name: SmtpItemCfg_1
alias name: a:ThresholdSensor10, object name: PsVin-5
alias name: a:DiscreteSensor3e, object name: Cpu2Status
alias name: a:User10, object name: User16
alias name: a:ThresholdSensorb3, object name: GPUAICoreTemp-901
alias name: a:DiscreteSensor61, object name: PcieStatus
alias name: a:SmtpItemCfg2, object name: SmtpItemCfg_2
alias name: a:DiscreteSensor3f, object name: Cpu1Memory
alias name: a:ThresholdSensor11, object name: PsIin-5
alias name: a:User11, object name: User17
alias name: a:ThresholdSensorb4, object name: GPUOutletTemp-901
alias name: a:DiscreteSensor62, object name: AcpiStatus
alias name: a:SmtpItemCfg3, object name: SmtpItemCfg_3
alias name: a:DiscreteSensor39, object name: Cpu1Prochot
alias name: a:DiscreteSensor6a, object name: PwrOkSigDrop
alias name: a:ThresholdSensorb5, object name: GPUInletTemp-901
alias name: a:DiscreteSensor63, object name: SysFwProgress
alias name: a:ThresholdSensor13, object name: PsIOut-5
alias name: a:DiscreteSensor6b, object name: PwrOnTimeOut
alias name: a:ThresholdSensorb6, object name: GPUPower-902
alias name: a:ThresholdSensor1b, object name: Fan2Fspeed
alias name: a:DiscreteSensor64, object name: PowerButton
alias name: a:ThresholdSensor14, object name: PsPOut-5
alias name: a:DiscreteSensor6c, object name: PwrCapStatus
alias name: a:ThresholdSensorb7, object name: GPUAICoreTemp-902
alias name: a:DiscreteSensor65, object name: SysRestart
alias name: a:ThresholdSensor15, object name: PsCoreTemp-5
alias name: a:User1, object name: User1
alias name: a:DiscreteSensor6d, object name: HddBPStatus
alias name: a:DiscreteSensor66, object name: BootError
alias name: a:ThresholdSensor1d, object name: Fan3Fspeed
alias name: a:ThresholdSensor16, object name: PSInletTemp-5
alias name: a:DiscreteSensor90, object name: DiskInner1-2
alias name: a:ThresholdSensorb8, object name: GPUOutletTemp-902
alias name: a:User2, object name: User2
alias name: a:DiscreteSensor6e, object name: HDD_BP_status
alias name: a:DiscreteSensor67, object name: Watchdog2
alias name: a:ThresholdSensor17, object name: PsVin-6
alias name: a:Usera, object name: User10
alias name: a:DiscreteSensor91, object name: DiskInner2-2
alias name: a:ThresholdSensorb9, object name: GPUInletTemp-902
alias name: a:DiscreteSensor6f, object name: Riser1Card
alias name: a:User3, object name: User3
alias name: a:DiscreteSensor68, object name: MngmntHealth
alias name: a:ThresholdSensor1f, object name: Fan4Fspeed
alias name: a:Entity360, object name: EntityCpu1
alias name: a:ThresholdSensor18, object name: PsIin-6
alias name: a:Userb, object name: User11
alias name: a:DiscreteSensor92, object name: DiskInner3-2
alias name: a:Entity361, object name: EntityCpu2
alias name: a:User4, object name: User4
alias name: a:DiscreteSensor69, object name: UidButton
alias name: a:DiscreteSensor9a, object name: link_status_4-4
alias name: a:ThresholdSensor19, object name: Fan1Fspeed
alias name: a:Userc, object name: User12
alias name: a:DiscreteSensor93, object name: link_status_1-3
alias name: a:User5, object name: User5
alias name: a:DiscreteSensor9b, object name: PsStatus-5
alias name: a:ThresholdSensor1, object name: InletTemp
alias name: a:Userd, object name: User13
alias name: a:DiscreteSensor94, object name: link_status_2-3
alias name: a:User6, object name: User6
alias name: a:DiscreteSensor9c, object name: PsFanStatus-5
alias name: a:ThresholdSensor2, object name: OutletTemp
alias name: a:Usere, object name: User14
alias name: a:DiscreteSensor95, object name: link_status_3-3
alias name: a:User7, object name: User7
alias name: a:ThresholdSensora, object name: RaidCardTemp-1
alias name: a:DiscreteSensor9d, object name: PsTempStatus-5
alias name: a:ThresholdSensor3, object name: SysDisksMaxTmp
alias name: a:Userf, object name: User15
alias name: a:DiscreteSensor96, object name: link_status_4-3
alias name: a:User8, object name: User8
alias name: a:ThresholdSensorb, object name: RaidCardBBUTemp-1
alias name: a:Entityb60, object name: EntityRaidCard-1
alias name: a:DiscreteSensor9e, object name: PsStatus-6
alias name: a:ThresholdSensor4, object name: Cpu1CoreRem
alias name: a:DiscreteSensor50, object name: Dimm071
alias name: a:DiscreteSensor97, object name: link_status_1-4
alias name: a:User9, object name: User9
alias name: a:ThresholdSensoraa, object name: GPUPower-801
alias name: a:Entity2560, object name: EntityCpu1Mem
alias name: a:ThresholdSensorc, object name: NICTemp-3
alias name: a:Entity760, object name: EntityMainBoard
alias name: a:DiscreteSensor9f, object name: PsFanStatus-6
alias name: a:ThresholdSensor5, object name: Cpu2CoreRem
alias name: a:DiscreteSensor51, object name: Dimm100
alias name: a:DiscreteSensor98, object name: link_status_2-4
alias name: a:Entity1e60, object name: EntityFan1
alias name: a:ThresholdSensorab, object name: GPUAICoreTemp-801
alias name: a:Entity2561, object name: EntityCpu2Mem
alias name: a:ThresholdSensord, object name: NICTemp-4
alias name: a:ThresholdSensor6, object name: SysHDDMaxTmp
alias name: a:DiscreteSensor52, object name: Dimm101
alias name: a:DiscreteSensor99, object name: link_status_3-4
alias name: a:Entity1e61, object name: EntityFan2
alias name: a:ThresholdSensorac, object name: GPUOutletTemp-801
alias name: a:Entity2070, object name: EntityDimm100
alias name: a:Entityb6a, object name: EntityGPU-902
alias name: a:DiscreteSensor5a, object name: Dimm141
alias name: a:ThresholdSensore, object name: Cpu1MemTemp
alias name: a:ThresholdSensor7, object name: SysSSDMaxTmp
alias name: a:DiscreteSensor53, object name: Dimm110
alias name: a:Entity1e62, object name: EntityFan3
alias name: a:ThresholdSensorad, object name: GPUInletTemp-801
alias name: a:Entity2071, object name: EntityDimm101
alias name: a:ThresholdSensorf, object name: Cpu2MemTemp
alias name: a:DiscreteSensor5b, object name: Dimm150
alias name: a:DiscreteSensor54, object name: Dimm111
alias name: a:ThresholdSensor8, object name: SysSFPMaxTmp
alias name: a:Memory20, object name: Memory171
alias name: a:Entity1e63, object name: EntityFan4
alias name: a:ThresholdSensorae, object name: GPUPower-802
alias name: a:Entity2072, object name: EntityDimm110
alias name: a:DiscreteSensor5c, object name: Dimm151
alias name: a:Entityb65, object name: EntityPcie
alias name: a:ThresholdSensor9, object name: 1711CoreTemp
alias name: a:DiscreteSensor55, object name: Dimm120
alias name: a:Entity207a, object name: EntityDimm150
alias name: a:ThresholdSensoraf, object name: GPUAICoreTemp-802
alias name: a:Entity2073, object name: EntityDimm111
alias name: a:DiscreteSensor5d, object name: Dimm160
alias name: a:Entityb66, object name: PSBoardEntity
alias name: a:DiscreteSensor56, object name: Dimm121
alias name: a:Entity207b, object name: EntityDimm151
alias name: a:DiscreteSensor80, object name: RaidCardStatus-1
alias name: a:Entity2074, object name: EntityDimm120
alias name: a:DiscreteSensor5e, object name: Dimm161
alias name: a:ThresholdSensor30, object name: 1_2V_VDDQ4
alias name: a:Entityb67, object name: EntityGPU-801
alias name: a:DiscreteSensor57, object name: Dimm130
alias name: a:Entity207c, object name: EntityDimm160
alias name: a:DiscreteSensor81, object name: RaidPcieError-1
alias name: a:Entity2075, object name: EntityDimm121
alias name: a:DiscreteSensor5f, object name: Dimm170
alias name: a:ThresholdSensor31, object name: Cpu1VddqTemp
alias name: a:Entityb68, object name: EntityGPU-802
===========================has object===========================
cpu2mem012_volt_accessor, temp_accessor-e, InnerHddId2Accessor, Cpu1ProcHotAccessor, TPMPresenceAccessor, rear9545_chan, Lom1Port3LinkAccessor-3, 4NVME_accessor, pcbid_accessor, temp_accessor-8, issue_record_accessor, 48BkpCfgAccessor, adc_ch3_accessor, gpio121_bus, pca9545_chan3-9, InnerHddId1Accessor, 100M0ClockAccessor, temp_accessor-9, rtc_volt_accessor, 33MClockAccessor, issue_accessor, CpldLedTubAccessor1, cpu1_vddfix_volt_accessor, Lom1Port3LinkAccessor-4, cpu1_mem345_vrd_temp, gpio72_bus, BbuAcLostAccessor, cpld1, RaidCardPresAccessor, MB_temp_accessor, InletTemp_category_accessor, CpldLedTubAccessor2, InletTemp_category_chip, Lom1Port0LinkAccessor-3, adc_ch4_accessor, Pcb_Vd_CpldAccessor, localbus1, RearBackplanePresenceAccessor, i2c1_pca9545_chip, CpldLedTubAccessor3, STBY3V3FailCpldAccessor, Lom1Port0LinkAccessor-4, RaidCpldChip-1, hb_raid_accessor-1, pca9545_chan2-e, Lom2Port3LinkAccessor-3, M2_pca9555_hddBP, InBkpPresAccessor, pca9545_chan3-e, Cpu0TbRstFlatAcc, pca9545_chan1, adc_ch5_accessor, pca9545_chan2-8, cpu2_vsa_volt_accessor, 50MClockAccessor, OutletTemp_category_chip, Lom2Port3LinkAccessor-4, M2TrnsCard1IdAcc-9, RiserCard9555-e, LedTestAccessor, pg_p0v9_mss_accessor-1, cpu2_mem345_vrd_temp, pca9545_chan2, ImuHeartbeatLostAcc, PwrCircuitAbnormalAccessor, RiserCard9555-8, inlet_temp_accessor, OutletTemp_category_accessor, CpldBmcUpAccessor, pca9545_chip-e, pca9545_chan2-9, Lom2Port0LinkAccessor-3, pca9545_chan3, pg_p3v3mr_accessor-1, pca9545_chip-8, RiserCard9555-9, HDDBackplaneBoardIdAccessor, BiosIdAccessor, pca9545_chan4, vrd_pca9545_chip, Lom2Port0LinkAccessor-4, NoBackPlaneStatusAccessor, Bin_Cpu_CpldAccessor, hddBP_type_accessor, pca9545_chip-9, BbuStatus, M2TrnsCard3IdAcc-8, Lom1Port2LinkAccessor-3, PcbVeCpldAccessor, cpu2_vrd3_chip, vrd_pca9545_chan0, M2TransformCard19555-e, M2TrnsCard2IdAcc-e, Hi1710IBus, M2TrnsCard3IdAcc-9, lm75_MB_temp, Lom1Port2LinkAccessor-4, Raid9555, Psu1OPOKStatusAccessor, vrd_pca9545_chan1, Cpu1ThermTripAccessor, 100M1ClockAccessor, M2TrnsCard1IdAcc-8, pca9545_chan1-e, cpu1_mem012_vrd_temp, M2TransformCard19555-9, pg_p1v8_3v3_accessor-1, vrd_pca9545_chan2, pca9545_chan1-8, cpu2_vrd2_chip, RearBpBoardIdPca9555Accessor, lm75_inlet_temp, adc_volt_chip, M2TransformCard19555-8, pg_pptv_accessor-1, pg_ddr4_vppreg_acc-1, cpu1_vrd_temp, vrd_pca9545_chan3, pca9545_chan1-9, cpu1_vrd2_chip, i2c1_Riser3_pca9545_chip, Cpu0ThermTripAccessor, ProductIdCpldAccessor, BbuModulePresAccessor, Lom2Port2LinkAccessor-3, HddBackCardPcbidAccessor, pcbid_cpld_accessor, BlueLedStateAccessor, 12BpPresAccessor, PS1PresAccessor, i2c_1, PS2PresAccessor, Err1Accessor-1, latch_error_code_accessor, cpu2_vrd_temp, Lom2Port2LinkAccessor-4, cpu2_vrd1_chip, latch_issue_record_accessor, LeftEarAccessor, lm75_lomcard_temp-3, cpu1_vrd1_chip, Err0Accessor-1, cpu1mem012_volt_accessor, cpu2_mem012_vrd_temp, Raiser1PresenceAccessor, Riser3V3EventAccessor-e, RearBackplanePca9555, HDDBackplane5VEventAccessor, pca9545_chan4-8, lm75_lomcard_temp-4, Riser3V3EventAccessor-8, cpu2_vrd0_chip, CpuVeCpldAccessor, M2TrnsCard1IdAcc-e, Hi1710, RiserCard3BoardIdAccessor, Psu2OPOKStatusAccessor, pg_p0v9_accessor-1, i2c_4, HDDBackplanePresenceAccessor, Riser3V3EventAccessor-9, lm75_outlet_temp, LED2ColorAccessor, cpu2mem345_volt_accessor, Cpu0ProcHotAccessor, HDDBackplaneBomIdAccessor, pca9545_chan4-9, Lom1Port1LinkAccessor-3, i2c_5, latch_issue_accessor, cpu1_vrd0_chip, M2TransformCard29555-e, UidButtonEvent, pg_p1v2_accessor-1, adc_bus_0, RaidIdAccessor_8, outlet_temp_accessor, Raiser2PresenceAccessor, i2c_6, Lom1Port1LinkAccessor-4, reset_pca9545-e, RightEarAccessor, adc_ch6_accessor, cpu2_vddfix_volt_accessor, reset_pca9545-8, gpio31_bus, M2TransformCard29555-8, M2TransformCard29555-9, i2c_7, i2c4_pca9545_chip, lm75_temp-e, reset_pca9545-9, PowerGdAccessor, Riser3Card9555, 32kClockAccessor, ProductTypeAccessor, lm75_temp-8, ExtraModelAccessor, ProductIdCpldExtAccessor, LED2StateAccessor, cpu1mem345_volt_accessor, STB1V8FailCpldAccessor, reset_i2c1_pca9545, Cpu0TaRstFlatAcc, reset_i2c4_pca9545, Cpu1TaRstFlatAcc, pg_p1v35_p1v5_accessor-1, lm75_temp-9, lomcard_temp_accessor-3, Lom2Port1LinkAccessor-3, pca9545_chan3-8, cpu1_vsa_volt_accessor, adc_ch2_accessor, cpu1_vrd3_chip, CpuTypeCpldAccessor, ButtonShieldSupportAccessor, M2TrnsCard2IdAcc-9, VRDBomIdCpldAccessor, error_code_accessor, Raiser3PresenceAccessor, lomcard_temp_accessor-4, Cpu1TbRstFlatAcc, Lom2Port1LinkAccessor-4, M2TransformCard39555-9, M2TransformCard39555-8, M2TrnsCard2IdAcc-8, 
=====================method info=============================
key=EventInformation.Mock
input para list:
u y q y output para list:

key=SmtpItemCfg.SetEmailName
input para list:
s output para list:

key=TrapItemCfg.PropertySyncMethod
input para list:
* output para list:
* 
key=EnvRecord.ClearHistoryRecord
input para list:
output para list:

key=ThresholdSensor.SetThresholdParam
input para list:
y y y output para list:

key=TrapItemCfg.SetSeparator
input para list:
y output para list:

key=SdrDev.SetDynamicSensorNumBase
input para list:
y output para list:

key=EnvRecord.RollbackEnvTempRecord
input para list:
output para list:

key=EventPolicy.SetDeassertFlag
input para list:
y output para list:

key=SmtpConfig.SetTempletChassisSerialNumber
input para list:
y output para list:

key=TrapConfig.SetTrapMode
input para list:
y output para list:

key=SyslogItemCfg.SetDestAddr
input para list:
s output para list:

key=TrapItemCfg.SetBobEnable
input para list:
y output para list:

key=Component.SetHealth
input para list:
y output para list:

key=EventInformation.ShieldEvent
input para list:
u y y output para list:

key=TrapItemCfg.SetShowKeyWord
input para list:
y output para list:

key=SmtpConfig.SetTlsSendMode
input para list:
y output para list:

key=SmtpItemCfg.SetSeveritySend
input para list:
y output para list:

key=SmtpItemCfg.SetTimeSend
input para list:
y output para list:

key=ConditionTask.SetAgentProperty
input para list:
s * u output para list:

key=SmtpConfig.SetTempletAsset
input para list:
y output para list:

key=SmtpItemCfg.SetEmailDesc
input para list:
s output para list:

key=SmtpItemCfg.SetEventCodeSend
input para list:
y output para list:

key=DiscreteSensor.State
input para list:
y output para list:

key=EventConfiguration.SetSelSync
input para list:
y output para list:

key=TrapConfig.SetTrapIdentity
input para list:
y output para list:

key=SyslogConfig.SetMsgFormat
input para list:
y output para list:

key=SyslogConfig.SetAuthType
input para list:
y output para list:

key=SmtpConfig.SetLoginName
input para list:
s output para list:

key=SyslogConfig.SetEnableState
input para list:
y output para list:

key=TrapConfig.SetTrapEnable
input para list:
y output para list:

key=DiscreteSensor.Test
input para list:
u q output para list:

key=Sel.QuerySelLog
input para list:
i i s s i s i i output para list:
* 
key=SmtpConfig.SetSenderName
input para list:
s output para list:

key=SyslogItemCfg.SetDestPort
input para list:
u output para list:

key=SyslogConfig.GetCertInfo
input para list:
y output para list:
s s s s s s s u 
key=EventPolicy.SetAction
input para list:
y output para list:

key=TrapConfig.PropertySyncMethod
input para list:
* output para list:
* 
key=TrapItemCfg.SetEventDescSend
input para list:
y output para list:

key=ThresholdSensor.SetSensorThreshold
input para list:
y y y y y y y output para list:

key=SmtpConfig.SetTempletBoardSn
input para list:
y output para list:

key=TrapItemCfg.SetSensorNameSend
input para list:
y output para list:

key=FruStatics.SetVersionChange
input para list:
y output para list:

key=TrapConfig.SendTest
input para list:
y output para list:

key=SmtpItemCfg.SetSensorNameSend
input para list:
y output para list:

key=EventDescp.GetEventItem
input para list:
ay output para list:
y u s 
key=SmtpConfig.SetTempletTopic
input para list:
s output para list:

key=TrapItemCfg.SetTimeSend
input para list:
y output para list:

key=Warning.SetPcieSlotAlarmState
input para list:
y output para list:

key=SmtpItemCfg.SetShowKeyWord
input para list:
y output para list:

key=SyslogConfig.SetMsgSeverity
input para list:
u output para list:

key=SyslogConfig.ImportCert
input para list:
y s s output para list:

key=LedDispControl.SetRawData
input para list:
y y y output para list:

key=EventInformation.SetSeverity
input para list:
y output para list:

key=SmtpItemCfg.PropertySyncMethod
input para list:
* output para list:
* 
key=EventConfiguration.SetBoardPowerDropMntr
input para list:
output para list:

key=TrapItemCfg.SetItemEnable
input para list:
y output para list:

key=ThresholdSensor.GetEventItem
input para list:
q output para list:
q u y u s 
key=SdrDev.SetSdrVerChangeFlag
input para list:
output para list:

key=TrapConfig.SetSendSeverity
input para list:
y output para list:

key=TrapItemCfg.SetSeveritySend
input para list:
y output para list:

key=SyslogItemCfg.SetEnableState
input para list:
y output para list:

key=SmtpConfig.SetTempletChassisName
input para list:
y output para list:

key=Led.UIDSyncMethod
input para list:
* output para list:

key=TrapConfig.SetVersion
input para list:
y output para list:

key=SmtpConfig.SendTest
input para list:
y output para list:

key=Sel.CollectSel
input para list:
s output para list:

key=SmtpConfig.SetSmtpServer
input para list:
s output para list:

key=SyslogConfig.SetNetProtocol
input para list:
y output para list:

key=SyslogItemCfg.SetTestTrigger
input para list:
y output para list:

key=Sel.GetEventInfo
input para list:
u u output para list:
s s s 
key=SyslogConfig.SetMsgIdentity
input para list:
u output para list:

key=SyslogConfig.CertInfoPropertySyncMethod
input para list:
* output para list:
* 
key=SyslogConfig.GetCertStatus
input para list:
y output para list:
y 
key=Led.SetUIDLedIdentify
input para list:
y y output para list:

key=Warning.GetEventDescInfo
input para list:
ay output para list:
s 
key=Entity.GetEventItem
input para list:
q output para list:
q s u y u s 
key=EventInformation.SetEnable
input para list:
y output para list:

key=Sel.RearmEvents
input para list:
u output para list:

key=Sel.ClearSel
input para list:
output para list:

key=TrapConfig.UpdateTrapCiphertext
input para list:
u output para list:

key=TrapConfig.SetCommunityName
input para list:
s output para list:

key=SmtpConfig.UpdateSmtpCiphertext
input para list:
u output para list:

key=Sel.SetSelEnable
input para list:
y output para list:

key=SyslogConfig.SetMsgProtocol
input para list:
y output para list:

key=RedfishEventService.GenAlertOriginRscURI
input para list:
s output para list:

key=TrapItemCfg.SetDestIpAddr
input para list:
s output para list:

key=ThresholdSensor.Test
input para list:
u d output para list:

key=SmtpConfig.SetTempletIpaddr
input para list:
y output para list:

key=SyslogConfig.PropertySyncMethod
input para list:
* output para list:
* 
key=SmtpItemCfg.SetEventDescSend
input para list:
y output para list:

key=TrapItemCfg.SetBmaVethPort
input para list:
u output para list:

key=ManualControlLed.SetState
input para list:
y output para list:

key=I2cLed.SetState
input para list:
y y output para list:

key=FdmWebConfig.PostSelToFdm
input para list:
u u s ay output para list:

key=Sel.SetQuerySelMaxNum
input para list:
q output para list:

key=EventPolicy.DeassertFlagSync
input para list:
* output para list:

key=SyslogItemCfg.SetLogSrcMask
input para list:
u output para list:

key=EventConfiguration.PostEvent
input para list:
s y output para list:

key=SmtpConfig.SetSendSeverity
input para list:
y output para list:

key=I2cLed.SetComponentLed
input para list:
y output para list:

key=SmtpItemCfg.SetSeparator
input para list:
y output para list:

key=SmtpConfig.SetAnonymousMode
input para list:
y output para list:

key=SmtpConfig.SetTempletChassisLocation
input para list:
y output para list:

key=Warning.GetEventItem
input para list:
q output para list:
q s s u y u s s s s u s s s y q u s y 
key=RedfishEventService.GenRedfishEventMsg
input para list:
s s s s u s s y y s s y s s y s y output para list:

key=TrapItemCfg.SetEventCodeSend
input para list:
y output para list:

key=SyslogItemCfg.PropertySyncMethod
input para list:
* output para list:
* 
key=SmtpConfig.SetServerPort
input para list:
i output para list:

key=SmtpConfig.SetLoginPasswd
input para list:
s output para list:

key=EventMonitor.DelEventFromMonitor
input para list:
output para list:

key=SmtpConfig.SetSmtpEnable
input para list:
y output para list:

key=EventInformation.SeveritySync
input para list:
* output para list:

key=RedfishEventService.PostRedfishEventMsg
input para list:
y s y output para list:

key=EventConfiguration.PostEvengMsgToSensor
input para list:
ay y ay output para list:

key=SmtpConfig.PropertySyncMethod
input para list:
* output para list:
* 
key=Warning.SetImmediatelyReport
input para list:
y output para list:

key=TrapConfig.SetTrapv3Userid
input para list:
y output para list:

key=EventInformation.SetEventType
input para list:
y output para list:

key=DiscreteSensor.GetEventItem
input para list:
q output para list:
q u y u s 
key=TrapItemCfg.SetDestIpPort
input para list:
u output para list:

key=Led.SetState
input para list:
y y y output para list:

key=SyslogConfig.ImportCRL
input para list:
s output para list:

key=SmtpItemCfg.SetItemEnable
input para list:
y output para list:

key=sensor_alarm.deconnect_to_cli
input para list:
s output para list:

key=sensor_alarm.save_dlog_cfg
input para list:
output para list:

key=sensor_alarm.dlog_outype
input para list:
s output para list:

key=sensor_alarm.set_trace_cfg
input para list:
s output para list:

key=sensor_alarm.dlog_outlvl
input para list:
s output para list:

key=sensor_alarm.connect_to_cli
input para list:
s s output para list:

=====================listen info=============================
my ipc id=294920
key=<ASM.AsStatus, handler=0xaaaab7f1ffd0, state=0
key=<DataNotifyHotswap.MixHotswapState, handler=0xaaaab7f76b80, state=0
key=<FruDev.Health, handler=0xaaaab7f1f130, state=1
key=<NetCard.FDMFault, handler=0xaaaab7f66cb8, state=0
key=<Cpu.FDMFault, handler=0xaaaab7f66cb8, state=0
key=<Raid.Health, handler=0xaaaab7f1f130, state=0
key=<Expression.Value, handler=0xaaaab7f66cb8, state=1
key=<EventMonitor.State, handler=0xaaaab7f66e40, state=1
key=<Chassis.Location, handler=0xaaaab7f34950, state=0
key=<BusinessPort.LinkStatusBMA, handler=0xaaaab7f66e40, state=0
key=<Memory.ReplaceFlag, handler=0xaaaab7f66cb8, state=1
key=<NetCard.ReplaceFlag, handler=0xaaaab7f66cb8, state=0
key=<AgentEntity.Health, handler=0xaaaab7f1ed68, state=0
key=<Hotswap.MixHotswapState, handler=0xaaaab7f76ac8, state=1
key=<IpmbEthBlade.Presence, handler=0xaaaab7f1fc58, state=0
key=<ThresholdSensor.Health, handler=0xaaaab7f1ed48, state=1
key=<BIOSEvent.EventData, handler=0xaaaab7f66cb8, state=0
key=<SdrDev.SensorErrorMix, handler=0xaaaab7f66cb8, state=1
key=<OnePower.ReplaceFlag, handler=0xaaaab7f66cb8, state=0
key=<DiscreteSensor.Health, handler=0xaaaab7f1ed48, state=1
key=<Component.Health, handler=0xaaaab7f1ef28, state=1
key=<BMC.HostName, handler=0xaaaab7f34950, state=0
key=<Raid.ReplaceFlag, handler=0xaaaab7f66cb8, state=0
key=<Chassis.ChassisName, handler=0xaaaab7f34950, state=0
key=<MemoryChannel.FDMFault, handler=0xaaaab7f66cb8, state=0
key=<Hdd.ReplaceFlag, handler=0xaaaab7f66cb8, state=1
key=<Hdd.RebuildState, handler=0xaaaab7f66cb8, state=1
key=<HDDBackplane.ReplaceFlag, handler=0xaaaab7f66cb8, state=0
key=<Payload.ResetFlag, handler=0xaaaab7f74d78, state=0
key=<ComputerSystem.iBMAEvent, handler=0xaaaab7f66e40, state=0
key=<PcieCard.Health, handler=0xaaaab7f1f130, state=1
key=<Payload.PwrOkSigDrop, handler=0xaaaab7f66cb8, state=1
key=<ShelfManage.Health, handler=0xaaaab7f1eae8, state=0
key=<NetCard.Health, handler=0xaaaab7f1f130, state=0
key=<Upgrade.UpgradedFlag, handler=0xaaaab7f1b900, state=0
key=<RegMonitor.MonSenValue, handler=0xaaaab7f66e40, state=1
key=<Watchdog2.WdTmFlag, handler=0xaaaab7f66cb8, state=1
key=<AgentComponent.Health, handler=0xaaaab7f1ef28, state=0
key=<Payload.ChassisPowerState, handler=0xaaaab7f12020, state=1
key=<Entity.Health, handler=0xaaaab7f1ed68, state=1
key=<MassStorage.Health, handler=0xaaaab7f1f130, state=0
key=<Hdd.Presence, handler=0xaaaab7f66cb8, state=1
key=<Elabel.ProductAssetTag, handler=0xaaaab7f34950, state=1
key=<Memory.FDMFault, handler=0xaaaab7f66cb8, state=0
key=<BBU.Present, handler=0xaaaab7f66cb8, state=1
key=<MezzCard.Health, handler=0xaaaab7f1f130, state=0
key=<Payload.SysResetFlag, handler=0xaaaab7f12020, state=1
key=<MainBoard.Health, handler=0xaaaab7f1f130, state=0
key=<Payload.AcpiValue, handler=0xaaaab7f66cb8, state=1
key=<SMS.IPAddr, handler=0xaaaab7f081d8, state=0
key=<Eth.Health, handler=0xaaaab7f1f130, state=0
key=<Sel.SELCleared, handler=0xaaaab7f66cb8, state=0
key=<PcieCard.ReplaceFlag, handler=0xaaaab7f66cb8, state=0
key=<RiserPcieCard.Health, handler=0xaaaab7f1f130, state=0
key=<UidButton.MixPressEvent, handler=0xaaaab7f66cb8, state=0
key=<OnePower.VinStatus, handler=0xaaaab7f66cb8, state=0
key=<Payload.PwrButtonFlag, handler=0xaaaab7f66cb8, state=0
key=<Lcd.Health, handler=0xaaaab7f1f130, state=0
key=<Elabel.ChassisSerialNumber, handler=0xaaaab7f34950, state=1
key=<SMS.MinPort, handler=0xaaaab7f081d8, state=0
key=<SMS.MaxPort, handler=0xaaaab7f081d8, state=0
key=<Warning.HealthStatus, handler=0xaaaab7f1eae8, state=1
key=<PcieCard.FDMFault, handler=0xaaaab7f66e40, state=1
key=<Payload.RestartValue, handler=0xaaaab7f66cb8, state=1
key=<Upgrade.PreRollbackFlag, handler=0xaaaab7f1b900, state=0
key=<RiserPcieCard.ReplaceFlag, handler=0xaaaab7f66cb8, state=0
key=<PcieCard.FatalError, handler=0xaaaab7f66e40, state=1
key=<EncryptKey.WorkKey, handler=0xaaaab7f1b668, state=1
key=<PowerCapping.Failed, handler=0xaaaab7f66cb8, state=0
key=<Elabel.BoardSerialNumber, handler=0xaaaab7f34950, state=1
key=<VoltMonitor.VoltValue, handler=0xaaaab7f7a908, state=1
key=<OnePower.Health, handler=0xaaaab7f1f130, state=0
key=<Card.Health, handler=0xaaaab7f1f130, state=0
=====================route info=============================
.key=VariantExpression, rpc_port=50023, msg_que_id=753686
.key=CafeDev, rpc_port=50007, msg_que_id=229382
.key=IPMIMessageFilter, rpc_port=50025, msg_que_id=819224
.key=PRODUCT, rpc_port=50023, msg_que_id=753686
.key=BOARD, rpc_port=50023, msg_que_id=753686
.key=GPUBoard, rpc_port=50014, msg_que_id=458765
.key=VirOpticalModule, rpc_port=50028, msg_que_id=917531
.key=IpmbAddr, rpc_port=50025, msg_que_id=819224
.key=CoolingCondition, rpc_port=50021, msg_que_id=688148
.key=SysPower, rpc_port=50024, msg_que_id=786455
.key=CpuBoard, rpc_port=50014, msg_que_id=458765
.key=PcieHddRemoveMonitor, rpc_port=50016, msg_que_id=524303
.key=VRDAction, rpc_port=50008, msg_que_id=262151
.key=EnergySaving, rpc_port=50017, msg_que_id=557072
.key=PIPE, rpc_port=50015, msg_que_id=491534
.key=PasswdSetting, rpc_port=50026, msg_que_id=851993
.key=FdmWebConfig, rpc_port=50015, msg_que_id=491534
.key=SpecialPcieCard, rpc_port=50028, msg_que_id=917531
.key=RedfishEventService, rpc_port=50020, msg_que_id=655379
.key=LicenseManage, rpc_port=50002, msg_que_id=65537
.key=AccelerateCard, rpc_port=50014, msg_que_id=458765
.key=PCIeSDICard, rpc_port=50014, msg_que_id=458765
.key=PcieRetimer, rpc_port=50001, msg_que_id=32768
.key=PTASPolicy, rpc_port=50021, msg_que_id=688148
.key=EventMonitor, rpc_port=50009, msg_que_id=294920
.key=VirtualWire, rpc_port=50023, msg_que_id=753686
.key=SmtpConfig, rpc_port=50009, msg_que_id=294920
.key=PowerMgnt, rpc_port=50024, msg_que_id=786455
.key=HwMBAddrAllocMgmt, rpc_port=50014, msg_que_id=458765
.key=MeInfo, rpc_port=50017, msg_que_id=557072
.key=MutualAuthenticationCliCert, rpc_port=50023, msg_que_id=753686
.key=FANBoard, rpc_port=50014, msg_que_id=458765
.key=SystemManagerInfo, rpc_port=50023, msg_que_id=753686
.key=SensorShortTermSpecMonitor, rpc_port=50009, msg_que_id=294920
.key=SASCable, rpc_port=50016, msg_que_id=524303
.key=DevTest, rpc_port=50009, msg_que_id=294920
.key=NandInfo, rpc_port=50023, msg_que_id=753686
.key=EventDescpCfgToHmm, rpc_port=50009, msg_que_id=294920
.key=UserRole, rpc_port=50026, msg_que_id=851993
.key=SilkTemplate, rpc_port=50017, msg_que_id=557072
.key=Retimer, rpc_port=50014, msg_que_id=458765
.key=SyslogConfig, rpc_port=50009, msg_que_id=294920
.key=ProxyVideo, rpc_port=50018, msg_que_id=589841
.key=SmmFanFirmware, rpc_port=50008, msg_que_id=262151
.key=SSDPCtrlPtConfig, rpc_port=50019, msg_que_id=622610
.key=ResidentNetConfig, rpc_port=50028, msg_que_id=917531
.key=KvmLink, rpc_port=50004, msg_que_id=131075
.key=MasterSMM, rpc_port=50023, msg_que_id=753686
.key=ComputerSystem, rpc_port=50010, msg_que_id=327689
.key=LocalPcieCard, rpc_port=50014, msg_que_id=458765
.key=VPD, rpc_port=50016, msg_que_id=524303
.key=ComponentInfo, rpc_port=50017, msg_que_id=557072
.key=LSWConfig, rpc_port=50028, msg_que_id=917531
.key=AlertFilter, rpc_port=50009, msg_que_id=294920
.key=ModbusAddrAllocMgmt, rpc_port=50014, msg_que_id=458765
.key=Cooling, rpc_port=50021, msg_que_id=688148
.key=FANClass, rpc_port=50021, msg_que_id=688148
.key=HDDBackplane, rpc_port=50014, msg_que_id=458765
.key=ChipFirmwareMgnt, rpc_port=50008, msg_que_id=262151
.key=DftItem, rpc_port=50011, msg_que_id=360458
.key=Stateless, rpc_port=50028, msg_que_id=917531
.key=PcieAddrInfo, rpc_port=50015, msg_que_id=491534
.key=DftAction, rpc_port=50011, msg_que_id=360458
.key=ConditionTask, rpc_port=50009, msg_que_id=294920
.key=ExpBoard, rpc_port=50014, msg_que_id=458765
.key=OpaMezzInfo, rpc_port=50014, msg_que_id=458765
.key=SyslogItemCfg, rpc_port=50009, msg_que_id=294920
.key=ThresholdAssert, rpc_port=50009, msg_que_id=294920
.key=SolLink, rpc_port=50025, msg_que_id=819224
.key=MainBoard, rpc_port=50014, msg_que_id=458765
.key=IOBoard, rpc_port=50014, msg_que_id=458765
.key=_Snmp, rpc_port=50018, msg_que_id=589841
.key=SecurityModule, rpc_port=50014, msg_que_id=458765
.key=LLDPConfig, rpc_port=50028, msg_que_id=917531
.key=BBUModule, rpc_port=50024, msg_que_id=786455
.key=LeakageDetectionCard, rpc_port=50014, msg_que_id=458765
.key=SmtpItemCfg, rpc_port=50009, msg_que_id=294920
.key=DataAcquisitionMetric, rpc_port=50015, msg_que_id=491534
.key=RaidController, rpc_port=50016, msg_que_id=524303
.key=PMEServiceConfig, rpc_port=50023, msg_que_id=753686
.key=Memory, rpc_port=50017, msg_que_id=557072
.key=LicenseFeatureKey, rpc_port=50002, msg_que_id=65537
.key=VoltMonitor, rpc_port=50009, msg_que_id=294920
.key=PSUGroup, rpc_port=50024, msg_que_id=786455
.key=OemSdr, rpc_port=50009, msg_que_id=294920
.key=NPU, rpc_port=50017, msg_que_id=557072
.key=DiskSubArray, rpc_port=50016, msg_que_id=524303
.key=CollectPropertyDefinition, rpc_port=50023, msg_que_id=753686
.key=_card_manage, rpc_port=50014, msg_que_id=458765
.key=Action, rpc_port=50008, msg_que_id=262151
.key=OnePower, rpc_port=50024, msg_que_id=786455
.key=Kvm, rpc_port=50004, msg_que_id=131075
.key=DiscreteSensor, rpc_port=50009, msg_que_id=294920
.key=ThresholdSensorMonitor, rpc_port=50009, msg_que_id=294920
.key=CertMonitor, rpc_port=50023, msg_que_id=753686
.key=Pex8796, rpc_port=50001, msg_que_id=32768
.key=LicenseSaleInfo, rpc_port=50002, msg_que_id=65537
.key=PortMapping, rpc_port=50028, msg_que_id=917531
.key=RawEepromFruDev, rpc_port=50007, msg_que_id=229382
.key=_kvm_vmm, rpc_port=50004, msg_que_id=131075
.key=EnergySavingCfgItem, rpc_port=50017, msg_que_id=557072
.key=CpuStatistic, rpc_port=50017, msg_que_id=557072
.key=CompositionSetting, rpc_port=50001, msg_que_id=32768
.key=PsSleep, rpc_port=50024, msg_que_id=786455
.key=SysBattery, rpc_port=50024, msg_que_id=786455
.key=Pex9765, rpc_port=50001, msg_que_id=32768
.key=PermitRule, rpc_port=50026, msg_que_id=851993
.key=BMC, rpc_port=50023, msg_que_id=753686
.key=Snmp, rpc_port=50018, msg_que_id=589841
.key=VoltTest, rpc_port=50009, msg_que_id=294920
.key=LedPanel, rpc_port=50009, msg_que_id=294920
.key=EthFunction, rpc_port=50028, msg_que_id=917531
.key=_PowerMgnt, rpc_port=50024, msg_que_id=786455
.key=PowerCapping, rpc_port=50024, msg_que_id=786455
.key=RegAction, rpc_port=50014, msg_que_id=458765
.key=_ddns, rpc_port=50005, msg_que_id=163844
.key=M2TransformCard, rpc_port=50014, msg_que_id=458765
.key=SmBios, rpc_port=50013, msg_que_id=425996
.key=SensorOemConfig, rpc_port=50009, msg_que_id=294920
.key=Bios, rpc_port=50013, msg_que_id=425996
.key=McdlSdr, rpc_port=50009, msg_que_id=294920
.key=PMBusTempMonitor, rpc_port=50009, msg_que_id=294920
.key=DiskSlotInfo, rpc_port=50014, msg_que_id=458765
.key=LDAP, rpc_port=50023, msg_que_id=753686
.key=PassThroughCard, rpc_port=50014, msg_que_id=458765
.key=ReserveChanTest, rpc_port=50011, msg_que_id=360458
.key=RedfishEvtSubscription, rpc_port=50020, msg_que_id=655379
.key=Watchdog2, rpc_port=50022, msg_que_id=720917
.key=LedDispElmt_S, rpc_port=50009, msg_que_id=294920
.key=TransferFileInfo, rpc_port=50023, msg_que_id=753686
.key=PsuSlot, rpc_port=50024, msg_que_id=786455
.key=FruPayload, rpc_port=50022, msg_que_id=720917
.key=VMDCondition, rpc_port=50023, msg_que_id=753686
.key=_User, rpc_port=50026, msg_que_id=851993
.key=BoardInfoCollectCfg, rpc_port=50023, msg_que_id=753686
.key=Policy1Class, rpc_port=50021, msg_que_id=688148
.key=NetCard, rpc_port=50014, msg_que_id=458765
.key=Sel, rpc_port=50009, msg_que_id=294920
.key=ProductComponent, rpc_port=50023, msg_que_id=753686
.key=SLIMCableConfig, rpc_port=50016, msg_que_id=524303
.key=CfgMgnt, rpc_port=50003, msg_que_id=98306
.key=RiserPcieCard, rpc_port=50014, msg_que_id=458765
.key=OpticalModule, rpc_port=50028, msg_que_id=917531
.key=NPUHistoryECCInfo, rpc_port=50017, msg_que_id=557072
.key=RepeaterMgnt, rpc_port=50014, msg_que_id=458765
.key=ChipValueChecker, rpc_port=50009, msg_que_id=294920
.key=_net_nat, rpc_port=50029, msg_que_id=950300
.key=IPMIChannel, rpc_port=50025, msg_que_id=819224
.key=OscaPcieCard, rpc_port=50014, msg_que_id=458765
.key=LedDispElmt_RP, rpc_port=50009, msg_que_id=294920
.key=EventPolicy, rpc_port=50009, msg_que_id=294920
.key=iBMAUSBMassStorage, rpc_port=50004, msg_que_id=131075
.key=NvGPUAction, rpc_port=50014, msg_que_id=458765
.key=DiskArray, rpc_port=50016, msg_que_id=524303
.key=OscaPort, rpc_port=50013, msg_que_id=425996
.key=RmcpConfig, rpc_port=50025, msg_que_id=819224
.key=SASPHYStatus, rpc_port=50016, msg_que_id=524303
.key=SMMPCIeInfo, rpc_port=50014, msg_que_id=458765
.key=OCPCard, rpc_port=50014, msg_que_id=458765
.key=VirtualHDDBackplane, rpc_port=50014, msg_que_id=458765
.key=ProxyVmm, rpc_port=50018, msg_que_id=589841
.key=VmseChannel, rpc_port=50017, msg_que_id=557072
.key=HinicFirmware, rpc_port=50008, msg_que_id=262151
.key=MatchRegValue, rpc_port=50001, msg_que_id=32768
.key=Warning, rpc_port=50009, msg_que_id=294920
.key=Contact, rpc_port=50023, msg_que_id=753686
.key=Session, rpc_port=50026, msg_que_id=851993
.key=ExtendPcieCard, rpc_port=50014, msg_que_id=458765
.key=MaxValueMonitor, rpc_port=50009, msg_que_id=294920
.key=BusinessPort, rpc_port=50028, msg_que_id=917531
.key=CLASSFANTYPE, rpc_port=50021, msg_que_id=688148
.key=ButtonTest, rpc_port=50011, msg_que_id=360458
.key=SdrDev, rpc_port=50009, msg_que_id=294920
.key=SSDPConfig, rpc_port=50019, msg_que_id=622610
.key=BoardPower, rpc_port=50024, msg_que_id=786455
.key=PCIeSSDCard, rpc_port=50014, msg_que_id=458765
.key=USBMassStorage, rpc_port=50004, msg_que_id=131075
.key=MassStorage, rpc_port=50016, msg_que_id=524303
.key=TrapConfig, rpc_port=50009, msg_que_id=294920
.key=BIOSEvent, rpc_port=50009, msg_que_id=294920
.key=Led, rpc_port=50009, msg_que_id=294920
.key=PortConfig, rpc_port=50028, msg_que_id=917531
.key=PCIeDisk, rpc_port=50016, msg_que_id=524303
.key=PTAS, rpc_port=50021, msg_que_id=688148
.key=CompositionZone, rpc_port=50001, msg_que_id=32768
.key=MctpCtrl, rpc_port=50012, msg_que_id=393227
.key=SignalMonitor, rpc_port=50009, msg_que_id=294920
.key=MutualAuthentication, rpc_port=50023, msg_que_id=753686
.key=Card, rpc_port=50014, msg_que_id=458765
.key=RaidChip, rpc_port=50016, msg_que_id=524303
.key=Eth, rpc_port=50028, msg_que_id=917531
.key=LogicalDriveAlertInfo, rpc_port=50016, msg_que_id=524303
.key=Video, rpc_port=50004, msg_que_id=131075
.key=LedDispControl, rpc_port=50009, msg_que_id=294920
.key=Dump, rpc_port=50027, msg_que_id=884762
.key=FruStatics, rpc_port=50007, msg_que_id=229382
.key=_BIOS, rpc_port=50013, msg_que_id=425996
.key=ScriptEngine, rpc_port=50027, msg_que_id=884762
.key=PcieRootPortMap, rpc_port=50007, msg_que_id=229382
.key=FruDev, rpc_port=50007, msg_que_id=229382
.key=FPGAMemory, rpc_port=50017, msg_que_id=557072
.key=EventSeverityChange, rpc_port=50009, msg_que_id=294920
.key=_dfm, rpc_port=50000, msg_que_id=0
.key=TrapItemCfg, rpc_port=50009, msg_que_id=294920
.key=LedTest, rpc_port=50009, msg_que_id=294920
.key=DataCondition, rpc_port=50017, msg_que_id=557072
.key=StorageDiagnose, rpc_port=50016, msg_que_id=524303
.key=PcieCard, rpc_port=50014, msg_que_id=458765
.key=PowerAlert, rpc_port=50024, msg_que_id=786455
.key=PowerSignalMonitor, rpc_port=50009, msg_que_id=294920
.key=ComponentFirmware, rpc_port=50008, msg_que_id=262151
.key=NpuAbility, rpc_port=50017, msg_que_id=557072
.key=_Dft, rpc_port=50011, msg_que_id=360458
.key=MgmtChipEnvConfig, rpc_port=50023, msg_que_id=753686
.key=BMCCoreManagement, rpc_port=50023, msg_que_id=753686
.key=SeriaManagement, rpc_port=50025, msg_que_id=819224
.key=OcpCardControl, rpc_port=50014, msg_que_id=458765
.key=FirmwareLimit, rpc_port=50011, msg_que_id=360458
.key=User, rpc_port=50026, msg_que_id=851993
.key=Upgrade, rpc_port=50008, msg_que_id=262151
.key=_sensor_alarm, rpc_port=50009, msg_que_id=294920
.key=PrivilegeAgent, rpc_port=50018, msg_que_id=589841
.key=Eeprom, rpc_port=50008, msg_que_id=262151
.key=Condition, rpc_port=50021, msg_que_id=688148
.key=TempMonitor, rpc_port=50009, msg_que_id=294920
.key=_CpuMem, rpc_port=50017, msg_que_id=557072
.key=SMM, rpc_port=50023, msg_que_id=753686
.key=LDAPCommon, rpc_port=50023, msg_que_id=753686
.key=SensorCategory, rpc_port=50009, msg_que_id=294920
.key=NandFlash, rpc_port=50023, msg_que_id=753686
.key=Raid, rpc_port=50014, msg_que_id=458765
.key=TransferFile, rpc_port=50023, msg_que_id=753686
.key=DftCtrl, rpc_port=50011, msg_que_id=360458
.key=Entity, rpc_port=50009, msg_que_id=294920
.key=UidButton, rpc_port=50009, msg_que_id=294920
.key=Hdd, rpc_port=50016, msg_que_id=524303
.key=InterfaceTest, rpc_port=50011, msg_que_id=360458
.key=CardAction, rpc_port=50014, msg_que_id=458765
.key=EncryptKey, rpc_port=50026, msg_que_id=851993
.key=_diagnose, rpc_port=50015, msg_que_id=491534
.key=Language, rpc_port=50009, msg_que_id=294920
.key=Hotswap, rpc_port=50022, msg_que_id=720917
.key=ManualControlLed, rpc_port=50009, msg_que_id=294920
.key=_agentless, rpc_port=50010, msg_que_id=327689
.key=AlertString, rpc_port=50009, msg_que_id=294920
.key=LocalHostAgentPort, rpc_port=50029, msg_que_id=950300
.key=DftLSWConfig, rpc_port=50028, msg_que_id=917531
.key=DataAcquisitionTagDefinition, rpc_port=50015, msg_que_id=491534
.key=MezzCard, rpc_port=50014, msg_que_id=458765
.key=MemoryChannel, rpc_port=50017, msg_que_id=557072
.key=_Payload, rpc_port=50022, msg_que_id=720917
.key=AssetLocateBoard, rpc_port=50014, msg_que_id=458765
.key=RegMonitor, rpc_port=50009, msg_que_id=294920
.key=_MaintDebug, rpc_port=50027, msg_que_id=884762
.key=SysFWProgressStatus, rpc_port=50017, msg_que_id=557072
.key=_StorageMgnt, rpc_port=50016, msg_que_id=524303
.key=ConditionGroup, rpc_port=50021, msg_que_id=688148
.key=OSDrivePartition, rpc_port=50010, msg_que_id=327689
.key=_BMC, rpc_port=50023, msg_que_id=753686
.key=Log, rpc_port=50027, msg_que_id=884762
.key=_portal, rpc_port=50006, msg_que_id=196613
.key=Payload, rpc_port=50022, msg_que_id=720917
.key=_FileManage, rpc_port=50003, msg_que_id=98306
.key=PCIeFPGACard, rpc_port=50014, msg_que_id=458765
.key=LicenseKeyInfo, rpc_port=50002, msg_que_id=65537
.key=EthRename, rpc_port=50028, msg_que_id=917531
.key=StorageCfgCustomize, rpc_port=50016, msg_que_id=524303
.key=PcieSwitch, rpc_port=50001, msg_que_id=32768
.key=FdmConfig, rpc_port=50015, msg_que_id=491534
.key=MSPP, rpc_port=50024, msg_que_id=786455
.key=Firmware, rpc_port=50008, msg_que_id=262151
.key=DataAcquisitionService, rpc_port=50015, msg_que_id=491534
.key=VNC, rpc_port=50004, msg_que_id=131075
.key=ExtendSASCable, rpc_port=50016, msg_que_id=524303
.key=I2CTest, rpc_port=50011, msg_que_id=360458
.key=DiscreteEvent, rpc_port=50009, msg_que_id=294920
.key=FanGroup, rpc_port=50021, msg_que_id=688148
.key=LicenseSaleItem, rpc_port=50002, msg_que_id=65537
.key=DeaSdr, rpc_port=50009, msg_que_id=294920
.key=Vmm, rpc_port=50004, msg_que_id=131075
.key=SSLEncryptKey, rpc_port=50026, msg_que_id=851993
.key=ChipConfigMgnt, rpc_port=50008, msg_que_id=262151
.key=Ipmb, rpc_port=50025, msg_que_id=819224
.key=TreeNode, rpc_port=50015, msg_que_id=491534
.key=ProcessorFamily, rpc_port=50015, msg_que_id=491534
.key=SMS, rpc_port=50010, msg_que_id=327689
.key=PcieSwitchAction, rpc_port=50001, msg_que_id=32768
.key=EventInformation, rpc_port=50009, msg_que_id=294920
.key=FibreChannel, rpc_port=50028, msg_que_id=917531
.key=LDAPGroup, rpc_port=50023, msg_que_id=753686
.key=AgeTest, rpc_port=50011, msg_que_id=360458
.key=ThresholdSensor, rpc_port=50009, msg_que_id=294920
.key=EthGroup, rpc_port=50028, msg_que_id=917531
.key=BladeCpuThermal, rpc_port=50021, msg_que_id=688148
.key=PCIeTransformCard, rpc_port=50014, msg_que_id=458765
.key=CompositionEndpoint, rpc_port=50001, msg_que_id=32768
.key=PswCpld, rpc_port=50001, msg_que_id=32768
.key=ConditionAction, rpc_port=50009, msg_que_id=294920
.key=EnvRecord, rpc_port=50009, msg_que_id=294920
.key=_PcieSwitch, rpc_port=50001, msg_que_id=32768
.key=BoardRTC, rpc_port=50023, msg_que_id=753686
.key=BladeCoolingPolicy, rpc_port=50021, msg_que_id=688148
.key=LedDispElmt, rpc_port=50009, msg_que_id=294920
.key=_cooling_app, rpc_port=50021, msg_que_id=688148
.key=GPUCard, rpc_port=50014, msg_que_id=458765
.key=StringFormator, rpc_port=50009, msg_que_id=294920
.key=EventConfiguration, rpc_port=50009, msg_que_id=294920
.key=Chassis, rpc_port=50023, msg_que_id=753686
.key=ComponentPowerCtrl, rpc_port=50014, msg_que_id=458765
.key=_MCTP, rpc_port=50012, msg_que_id=393227
.key=Redfish, rpc_port=50020, msg_que_id=655379
.key=EndpointIdentifier, rpc_port=50001, msg_que_id=32768
.key=Pex8725, rpc_port=50001, msg_que_id=32768
.key=_LicenseMgnt, rpc_port=50002, msg_que_id=65537
.key=BoardTypeDefinition, rpc_port=50023, msg_que_id=753686
.key=KRBCommon, rpc_port=50023, msg_que_id=753686
.key=_UPGRADE, rpc_port=50008, msg_que_id=262151
.key=SOLManagement, rpc_port=50025, msg_que_id=819224
.key=ChipVrdParameterConfig, rpc_port=50008, msg_que_id=262151
.key=LSWChipMgnt, rpc_port=50028, msg_que_id=917531
.key=ExPortConfig, rpc_port=50028, msg_que_id=917531
.key=BBU, rpc_port=50016, msg_que_id=524303
.key=VncLink, rpc_port=50004, msg_que_id=131075
.key=HDDLocationStatus, rpc_port=50016, msg_que_id=524303
.key=EthFunctionDefine, rpc_port=50028, msg_que_id=917531
.key=DNSSetting, rpc_port=50005, msg_que_id=163844
.key=SSL, rpc_port=50023, msg_que_id=753686
.key=RemoteHttpsServerRootCert, rpc_port=50023, msg_que_id=753686
.key=DftVersion, rpc_port=50011, msg_que_id=360458
.key=PeripheralDeviceSensor, rpc_port=50014, msg_que_id=458765
.key=SASExpander, rpc_port=50016, msg_que_id=524303
.key=MemoryBoard, rpc_port=50014, msg_que_id=458765
.key=Cpu, rpc_port=50017, msg_que_id=557072
.key=RegConfig, rpc_port=50014, msg_que_id=458765
.key=_FruData, rpc_port=50007, msg_que_id=229382
.key=Gpio, rpc_port=50009, msg_que_id=294920
.key=LicenseAlarmInfo, rpc_port=50002, msg_que_id=65537
.key=LDAPCert, rpc_port=50023, msg_que_id=753686
.key=ChipValueReader, rpc_port=50009, msg_que_id=294920
.key=VRDUpgradeMgnt, rpc_port=50008, msg_que_id=262151
.key=LedCtrl, rpc_port=50009, msg_que_id=294920
.key=PefFilter, rpc_port=50009, msg_que_id=294920
.key=_redfish, rpc_port=50020, msg_que_id=655379
.key=AdditionalFan, rpc_port=50021, msg_que_id=688148
.key=SelFilter, rpc_port=50009, msg_que_id=294920
.key=CPLDSelftest, rpc_port=50011, msg_que_id=360458
.key=SMMportswitch, rpc_port=50028, msg_que_id=917531
.key=PcieRetimerAction, rpc_port=50001, msg_que_id=32768
.key=OAM, rpc_port=50028, msg_que_id=917531
.key=ModbusSlave, rpc_port=50014, msg_que_id=458765
.key=PowerOnCriteria, rpc_port=50022, msg_que_id=720917
.key=CpuPowTempMap, rpc_port=50021, msg_que_id=688148
.key=Diagnose, rpc_port=50015, msg_que_id=491534
.key=Fru, rpc_port=50007, msg_que_id=229382
.key=MMPortOtmInfo, rpc_port=50028, msg_que_id=917531
.key=LogicalDrive, rpc_port=50016, msg_que_id=524303
.key=I2cLed, rpc_port=50009, msg_que_id=294920
.key=_discovery, rpc_port=50019, msg_que_id=622610
.key=EventDescp, rpc_port=50009, msg_que_id=294920
.key=_ipmi_app, rpc_port=50025, msg_que_id=819224
.key=Composition, rpc_port=50001, msg_que_id=32768
.key=Component, rpc_port=50007, msg_que_id=229382
.key=BusinessPortVLAN, rpc_port=50028, msg_que_id=917531
.key=MutualAuthenticationRootCert, rpc_port=50023, msg_que_id=753686
.key=Elabel, rpc_port=50007, msg_que_id=229382
.key=SecurityEnhance, rpc_port=50026, msg_que_id=851993
.key=VRDUpgradeMgntAssist, rpc_port=50008, msg_que_id=262151
.key=InsertStatusLedCtrl, rpc_port=50009, msg_que_id=294920
.key=ResidentStorageMgnt, rpc_port=50016, msg_que_id=524303
.key=_NetConfig, rpc_port=50028, msg_que_id=917531
.key=LicenseGeneralInfo, rpc_port=50002, msg_que_id=65537
.key=DftStatus, rpc_port=50011, msg_que_id=360458
.key=NTP, rpc_port=50023, msg_que_id=753686
.key=Com, rpc_port=50025, msg_que_id=819224
.key=NoDevTest, rpc_port=50009, msg_que_id=294920
.key=MngtPortCap, rpc_port=50028, msg_que_id=917531
.key=USBPortSwitch, rpc_port=50023, msg_que_id=753686
.key=IpmbEth, rpc_port=50025, msg_que_id=819224
.key=SLIMCable, rpc_port=50016, msg_que_id=524303
.key=Modbus, rpc_port=50014, msg_que_id=458765
.key=IsMemBoard, rpc_port=50014, msg_que_id=458765
.key=ExternalRefInfo, rpc_port=50015, msg_que_id=491534
.key=AccessorUpdateAction, rpc_port=50008, msg_que_id=262151
.key=ProxyKvm, rpc_port=50018, msg_que_id=589841
.key=ChipUpgradeByI2C, rpc_port=50008, msg_que_id=262151
=====================other info=============================
ipmi app rpc port=50025
dft app rpc port=50011
my rpc port=50009
my ipc id=294920
sync sem4 id=32768
module id=10
=============================client end==========================
=====================class info============================
--------------------- Com                 -----------------
--------------------- FdmWebConfig        -----------------
--------------------- Wave                -----------------
--------------------- SignalMonitor       -----------------
--------------------- LicenseManage       -----------------
--------------------- SelFilter           -----------------
--------------------- SdrDev              -----------------
listened       : SdrType12RecId: 229382, 
               : SensorErrorMix: 294920, 
--------------------- SysFWProgressStatus -----------------
--------------------- Anchor              -----------------
--------------------- Watchdog2           -----------------
listened       : WdTmFlag: 294920, 
--------------------- Condition           -----------------
--------------------- DeaSdr              -----------------
--------------------- Sel                 -----------------
listened       : SELCleared: 294920, 
--------------------- EnvRecord           -----------------
--------------------- LedTest             -----------------
--------------------- Pca9555             -----------------
--------------------- NandFlash           -----------------
--------------------- Language            -----------------
--------------------- BBU                 -----------------
listened       : Present: 294920, 
--------------------- SyslogItemCfg       -----------------
--------------------- NoDevTest           -----------------
--------------------- SmtpItemCfg         -----------------
--------------------- EventSeverityChange -----------------
--------------------- DftStatus           -----------------
listened       : DftEnable: 131075, 
--------------------- VoltMonitor         -----------------
listened       : VoltValue: 294920, 
--------------------- RaidController      -----------------
--------------------- SmtpConfig          -----------------
listened       : LoginPasswdMasterKeyId: 851993, 
--------------------- User                -----------------
listened       : SnmpPrivProtocol: 589841, 
               : Privilege: 851993, 
               : IsUserEnable: 851993, 
               : PassWord: 851993, 
--------------------- Component           -----------------
listened       : Health: 294920, 
--------------------- Chip                -----------------
--------------------- DbdCfgCont          -----------------
--------------------- Bus                 -----------------
--------------------- VoltTest            -----------------
--------------------- TempMonitor         -----------------
--------------------- BOARD               -----------------
listened       : SlotId: 753686, 917531, 
--------------------- DftItem             -----------------
--------------------- MainBoard           -----------------
listened       : Health: 294920, 
--------------------- BMC                 -----------------
listened       : HostName: 589841, 163844, 917531, 294920, 
               : CustomManufacturer: 655379, 
--------------------- Log                 -----------------
--------------------- PowerSignalMonitor  -----------------
--------------------- OnePower            -----------------
listened       : PsType: 786455, 
               : Health: 294920, 
               : VinStatus: 294920, 
               : ReplaceFlag: 294920, 
--------------------- EventPolicy         -----------------
--------------------- Lm75                -----------------
--------------------- SMS                 -----------------
listened       : BoBChannelType: 589841, 819224, 917531, 950300, 
               : IPAddr: 655379, 294920, 
               : Port: 655379, 950300, 
               : RegisterState: 655379, 
               : MinPort: 294920, 
               : MaxPort: 294920, 
               : UpdateStatus: 524303, 
               : CdevChannelEnabled: 950300, 
--------------------- LedPanel            -----------------
--------------------- BIOSEvent           -----------------
listened       : EventData: 294920, 
--------------------- ThresholdAssert     -----------------
--------------------- LedDispElmt         -----------------
--------------------- Hdd                 -----------------
listened       : Id: 491534, 229382, 
               : ReplaceFlag: 294920, 
               : Presence: 294920, 
               : RebuildState: 294920, 
--------------------- DbdCfgContBin       -----------------
--------------------- SmBios              -----------------
listened       : SmBiosStatus: 491534, 393227, 262151, 458765, 131075, 
               : FileChange: 557072, 
--------------------- FdmConfig           -----------------
--------------------- TrapItemCfg         -----------------
listened       : BmaVethIpPort: 950300, 
--------------------- PcieCard            -----------------
listened       : Health: 294920, 
               : FatalError: 294920, 
               : FDMFault: 294920, 
               : ReplaceFlag: 294920, 
--------------------- PowerCapping        -----------------
listened       : Failed: 294920, 
--------------------- TrapConfig          -----------------
listened       : CommunityMasterKeyId: 851993, 
--------------------- ChipVrdParameterConfig-----------------
--------------------- SASCable            -----------------
--------------------- LedCtrl             -----------------
--------------------- Hotswap             -----------------
listened       : CurrentHotswapState: 458765, 917531, 
               : MixHotswapState: 786455, 294920, 
--------------------- LicenseFeatureKey   -----------------
--------------------- FruDev              -----------------
listened       : Health: 294920, 
--------------------- SysPower            -----------------
--------------------- Accessor            -----------------
--------------------- LocalBusMix         -----------------
--------------------- DiscreteEvent       -----------------
--------------------- LedDispControl      -----------------
--------------------- RiserPcieCard       -----------------
listened       : Health: 294920, 
               : ReplaceFlag: 294920, 
--------------------- Eth                 -----------------
listened       : VlanID: 589841, 
               : Health: 294920, 
--------------------- Elabel              -----------------
listened       : BoardSerialNumber: 65537, 294920, 
               : MfgDateTime: 753686, 
               : ProductAssetTag: 294920, 
               : ChassisSerialNumber: 294920, 
--------------------- Connector           -----------------
--------------------- EthGroup            -----------------
listened       : IpVersion: 589841, 851993, 
               : IpAddr: 589841, 819224, 851993, 917531, 
               : Ipv6Addr: 589841, 851993, 917531, 
               : SLAACIpv6Addr: 589841, 917531, 
               : Ipv6LocalLink: 589841, 917531, 
               : ActivePort: 589841, 917531, 
               : Type: 589841, 917531, 
               : IpMode: 851993, 753686, 
               : SubnetMask: 851993, 
               : DefaultGateway: 851993, 
               : Ipv6Mode: 851993, 753686, 
               : Ipv6DefaultGateway: 851993, 
               : Ipv6Prefix: 851993, 
               : VlanID: 917531, 
               : VlanState: 917531, 
               : NetMode: 917531, 
--------------------- InnerBus            -----------------
--------------------- DevTest             -----------------
--------------------- Raid                -----------------
listened       : Health: 294920, 
               : ReplaceFlag: 294920, 
--------------------- InsertStatusLedCtrl -----------------
--------------------- DbdCfgMidAvg        -----------------
--------------------- DataCondition       -----------------
--------------------- StringFormator      -----------------
--------------------- EncryptKey          -----------------
listened       : WorkKey: 589841, 655379, 294920, 851993, 131075, 
--------------------- EventDescpCfgToHmm  -----------------
--------------------- Payload             -----------------
listened       : SysResetFlag: 32768, 491534, 262151, 425996, 557072, 458765, 786455, 294920, 327689, 524303, 131075, 
               : ChassisPowerState: 491534, 262151, 425996, 557072, 458765, 786455, 720917, 294920, 327689, 524303, 131075, 
               : ResetFlag: 491534, 425996, 557072, 458765, 786455, 327689, 524303, 294920, 
               : RestartValue: 425996, 294920, 
               : AcpiStatus: 720917, 
               : BoardStableStatus: 819224, 
               : AcpiValue: 294920, 
               : PwrOkSigDrop: 294920, 
               : PwrButtonFlag: 294920, 
               : PowerGd: 688148, 
--------------------- HDDBackplane        -----------------
listened       : ReplaceFlag: 294920, 
--------------------- Cooling             -----------------
--------------------- LicenseAlarmInfo    -----------------
--------------------- AlertFilter         -----------------
--------------------- McdlSdr             -----------------
--------------------- FANClass            -----------------
--------------------- NTP                 -----------------
listened       : NtpPwdMasterKeyId: 851993, 
               : SysTimeJumpVal: 753686, 
--------------------- EventConfiguration  -----------------
--------------------- SensorCategory      -----------------
--------------------- Led                 -----------------
--------------------- Pca9545             -----------------
--------------------- ThresholdSensorMonitor-----------------
--------------------- NetCard             -----------------
listened       : HotplugCtrlStatus: 458765, 
               : Health: 294920, 
               : Eid: 917531, 
               : PrePlug: 917531, 
               : FDMFault: 294920, 
               : ReplaceFlag: 294920, 
--------------------- Gpio                -----------------
--------------------- DiscreteSensor      -----------------
listened       : Health: 294920, 688148, 
--------------------- I2c                 -----------------
--------------------- MaxValueMonitor     -----------------
--------------------- Entity              -----------------
listened       : Health: 294920, 
--------------------- Memory              -----------------
listened       : ReplaceFlag: 294920, 
               : FDMFault: 294920, 
--------------------- Vrd                 -----------------
--------------------- LedDispElmt_S       -----------------
--------------------- EventDescp          -----------------
--------------------- ChipValueReader     -----------------
--------------------- SensorOemConfig     -----------------
--------------------- PefFilter           -----------------
--------------------- PMBusTempMonitor    -----------------
--------------------- CertMonitor         -----------------
--------------------- BMCCoreManagement   -----------------
--------------------- EventMonitor        -----------------
listened       : State: 294920, 
--------------------- OemSdr              -----------------
--------------------- Warning             -----------------
listened       : HealthStatus: 294920, 
--------------------- PeripheralDeviceSensor-----------------
--------------------- MeInfo              -----------------
listened       : CpuTjmax: 688148, 
--------------------- Cpu                 -----------------
listened       : IErr: 491534, 131075, 
               : McErr: 491534, 131075, 
               : Error2: 491534, 
               : MirrorFailChMask: 491534, 
               : Version: 688148, 
               : FDMFault: 294920, 
--------------------- RedfishEventService -----------------
--------------------- ConditionAction     -----------------
--------------------- ThresholdSensor     -----------------
listened       : Health: 294920, 688148, 
--------------------- ChipValueChecker    -----------------
--------------------- CLASSFANTYPE        -----------------
--------------------- Expression          -----------------
listened       : Value: 294920, 
--------------------- PRODUCT             -----------------
listened       : SessionTokenLength: 327689, 
--------------------- SyslogConfig        -----------------
--------------------- Fru                 -----------------
--------------------- SASExpander         -----------------
--------------------- LedDispElmt_RP      -----------------
--------------------- UidButton           -----------------
listened       : MixPressEvent: 294920, 
--------------------- ComputerSystem      -----------------
listened       : iBMAEvent: 294920, 
--------------------- AdcBus              -----------------
--------------------- SensorShortTermSpecMonitor-----------------
--------------------- BoardRTC            -----------------
--------------------- I2cLed              -----------------
--------------------- ConditionTask       -----------------
--------------------- PMEServiceConfig    -----------------
listened       : BoardInfoCollectEnable: 753686, 
--------------------- EventInformation    -----------------
--------------------- BusinessPort        -----------------
listened       : ActualMac: 917531, 
               : LinkStatusBMA: 294920, 
--------------------- RegMonitor          -----------------
listened       : MonSenValue: 294920, 
--------------------- PCIeFPGACard        -----------------
--------------------- Chassis             -----------------
listened       : ChassisNum: 917531, 
               : ChassisName: 294920, 
               : Location: 294920, 
--------------------- ManualControlLed    -----------------
--------------------- Upgrade             -----------------
listened       : UpgradedFlag: 589841, 655379, 425996, 294920, 851993, 131075, 753686, 
               : PreRollbackFlag: 589841, 655379, 425996, 294920, 851993, 131075, 753686, 
               : Degrade: 557072, 
               : UpgradeFileMasterKeyId: 851993, 
--------------------- FruStatics          -----------------
--------------------- MemoryChannel       -----------------
listened       : FDMFault: 294920, 
--------------------- AlertString         -----------------
=====================fwrite info============================
fm sync fwrite cnt: 0
log fwrite cnt: 0
fm setcontent fwrite cnt: 0
