==========================object===========================
----------------- Hdd9-2                        -----------
ref count      : 1
.RebuildState   : listened by port : 294920, 
.Presence       : listened by port : 294920, 
.Id             : listened by port : 229382, 491534, 
.ReplaceFlag    : listened by port : 294920, 
----------------- PcieCard-901                  -----------
ref count      : 1
.FatalError     : listened by port : 294920, 
.FDMFault       : listened by port : 294920, 
.Health         : listened by port : 294920, 
.ReplaceFlag    : listened by port : 294920, 
----------------- M2ZoneTempMinorInfo           -----------
ref count      : 1
----------------- CpuVCoreLowInfo               -----------
ref count      : 1
----------------- SmtpItemCfg_0                 -----------
ref count      : 1
----------------- FabricLSWVcoreLowInfo         -----------
ref count      : 1
----------------- PcieCard-902                  -----------
ref count      : 1
.FatalError     : listened by port : 294920, 
.FDMFault       : listened by port : 294920, 
.Health         : listened by port : 294920, 
.ReplaceFlag    : listened by port : 294920, 
----------------- MainbrdPsAbnorInfo            -----------
ref count      : 1
----------------- AcpiStatus                    -----------
ref count      : 1
.Health         : listened by port : 688148, 294920, 
----------------- LicenseFeatureEnableExpr      -----------
ref count      : 1
.Value          : listened by port : 294920, 
----------------- SmtpItemCfg_1                 -----------
ref count      : 1
----------------- Stateless:C                   -----------
ref count      : 1
----------------- Memory040                     -----------
ref count      : 1
.FDMFault       : listened by port : 294920, 
.ReplaceFlag    : listened by port : 294920, 
----------------- RearBpVirtualConnector        -----------
ref count      : 1
----------------- ExpanderVoltHighInfo          -----------
ref count      : 1
----------------- ComHdd11-2                    -----------
ref count      : 1
.Health         : listened by port : 294920, 
----------------- iBMAUSBMassStorage            -----------
ref count      : 1
----------------- PCIeCardBatteryInfo           -----------
ref count      : 1
----------------- SmtpItemCfg_2                 -----------
ref count      : 1
----------------- AEPMemoryMinorInfo            -----------
ref count      : 1
----------------- Memory041                     -----------
ref count      : 1
.FDMFault       : listened by port : 294920, 
.ReplaceFlag    : listened by port : 294920, 
----------------- NandFlash:C                   -----------
ref count      : 1
----------------- Port4LinkDownMntr-3           -----------
ref count      : 1
.State          : listened by port : 294920, 
----------------- Hdd11-2                       -----------
ref count      : 1
.RebuildState   : listened by port : 294920, 
.Presence       : listened by port : 294920, 
.Id             : listened by port : 229382, 491534, 
.ReplaceFlag    : listened by port : 294920, 
----------------- PICCardFaultInfo              -----------
ref count      : 1
----------------- SmtpItemCfg_3                 -----------
ref count      : 1
----------------- SDCardInstalledInfo           -----------
ref count      : 1
----------------- Snmp                          -----------
ref count      : 1
.PortID         : listened by port : 917531, 
.PrivProtocol   : listened by port : 917531, 
.AuthProtocol   : listened by port : 917531, 
.OldEngineID    : listened by port : 851993, 
.SnmpCommMasterKeyId : listened by port : 851993, 
----------------- Port4LinkDownMntr-4           -----------
ref count      : 1
.State          : listened by port : 294920, 
----------------- FabricSwitchSVIDFailedInfo    -----------
ref count      : 1
----------------- 12VVddqLowFailInfo            -----------
ref count      : 1
----------------- BBUCellOverTemMinInfo         -----------
ref count      : 1
----------------- LcdFailureInfo                -----------
ref count      : 1
----------------- RaidInitErrInfo               -----------
ref count      : 1
----------------- ComHDDBackplane-2             -----------
ref count      : 1
.Health         : listened by port : 294920, 
----------------- NICTemp-3                     -----------
ref count      : 1
.Health         : listened by port : 688148, 294920, 
----------------- MemNVDIMMCapAbsentInfo        -----------
ref count      : 1
----------------- RedfishEventService           -----------
ref count      : 1
----------------- MezzOpaSvidFaild              -----------
ref count      : 1
----------------- CoolingVirtual                -----------
ref count      : 1
----------------- KRBServer                     -----------
ref count      : 1
.BindDNPswMasterKeyId : listened by port : 851993, 
----------------- SwitchBrdPSUInfo              -----------
ref count      : 1
----------------- BasePlanePowerOffInfo         -----------
ref count      : 1
----------------- NICTemp-4                     -----------
ref count      : 1
.Health         : listened by port : 688148, 294920, 
----------------- LicenseManage:C               -----------
ref count      : 1
----------------- Memory150                     -----------
ref count      : 1
.FDMFault       : listened by port : 294920, 
.ReplaceFlag    : listened by port : 294920, 
----------------- WatDetCabAbsentInfo           -----------
ref count      : 1
----------------- NICVoltHighInfo               -----------
ref count      : 1
----------------- PMemTempMinorInfo             -----------
ref count      : 1
----------------- lom1_port3_link_mon-3         -----------
ref count      : 1
.MonSenValue    : listened by port : 294920, 
----------------- SysRestartTurnOnPolicyInfo    -----------
ref count      : 1
----------------- Memory151                     -----------
ref count      : 1
.FDMFault       : listened by port : 294920, 
.ReplaceFlag    : listened by port : 294920, 
----------------- LogicalDrive1-101             -----------
ref count      : 1
----------------- lom1_port3_link_mon-4         -----------
ref count      : 1
.MonSenValue    : listened by port : 294920, 
----------------- CXPCableInfo                  -----------
ref count      : 1
----------------- MezzSys12VFailInfo            -----------
ref count      : 1
----------------- LDAP                          -----------
ref count      : 1
.BindDNPswMasterKeyId : listened by port : 851993, 
----------------- PCIeAddrInfoVirtual           -----------
ref count      : 1
----------------- Sys1_1VHighInfo               -----------
ref count      : 1
----------------- CpuDdrvddLowInfo              -----------
ref count      : 1
----------------- BIO3V3LowInfo                 -----------
ref count      : 1
----------------- Disk1-2                       -----------
ref count      : 1
.Health         : listened by port : 688148, 294920, 
----------------- CpuVccioLowInfo               -----------
ref count      : 1
----------------- NC12VLowInfo                  -----------
ref count      : 1
----------------- PcieSlot1Connect-e            -----------
ref count      : 1
----------------- MemCfgErrorInfo               -----------
ref count      : 1
----------------- ModbusCommInitInfo            -----------
ref count      : 1
----------------- LDAPCert6_1                   -----------
ref count      : 1
----------------- PCIeLinkDownInfo              -----------
ref count      : 1
----------------- SysRestartPreStatePolicyInfo  -----------
ref count      : 1
----------------- CpuVDDQ_ABGetFailedInfo       -----------
ref count      : 1
----------------- RaidPHY7-1                    -----------
ref count      : 1
----------------- sms0                          -----------
ref count      : 1
.MinPort        : listened by port : 294920, 
.BoBChannelType : listened by port : 950300, 917531, 819224, 589841, 
.MaxPort        : listened by port : 294920, 
.IPAddr         : listened by port : 294920, 655379, 
.UpdateStatus   : listened by port : 524303, 
.CdevChannelEnabled : listened by port : 950300, 
.RegisterState  : listened by port : 655379, 
.Port           : listened by port : 950300, 655379, 
----------------- RFBANoPresInfo                -----------
ref count      : 1
----------------- RedfishWorkKey                -----------
ref count      : 1
.WorkKey        : recv event count: 1 : listened by port : 131075, 851993, 294920, 655379, 589841, 
----------------- LDAPCert6_2                   -----------
ref count      : 1
----------------- SSDTempReadFailInfo           -----------
ref count      : 1
----------------- USBIoutOcFaultInfo            -----------
ref count      : 1
----------------- CpuDDRVPP_ABGetFailedInfo     -----------
ref count      : 1
----------------- ComMemory050                  -----------
ref count      : 1
.Health         : listened by port : 294920, 
----------------- LDAPCert6_3                   -----------
ref count      : 1
----------------- PcieSEC1                      -----------
ref count      : 1
----------------- Mem2DefaultThermalPolicy      -----------
ref count      : 1
----------------- ComMemory051                  -----------
ref count      : 1
.Health         : listened by port : 294920, 
----------------- LDAPCert6_4                   -----------
ref count      : 1
----------------- IOSlotUnavailableInfo         -----------
ref count      : 1
----------------- PsIin-5                       -----------
ref count      : 1
.Health         : listened by port : 688148, 294920, 
----------------- PcieSEC2                      -----------
ref count      : 1
----------------- NC12VFailInfo                 -----------
ref count      : 1
----------------- Cpu2HighPerCoreTempThermal    -----------
ref count      : 1
----------------- MemBrdTempInfo                -----------
ref count      : 1
----------------- GPUInletTemp-801              -----------
ref count      : 1
.Health         : listened by port : 688148, 294920, 
----------------- PsIin-6                       -----------
ref count      : 1
.Health         : listened by port : 688148, 294920, 
----------------- LDAPCert6_5                   -----------
ref count      : 1
----------------- LicenseSaleInfo:C             -----------
ref count      : 1
----------------- PcieSEC3                      -----------
ref count      : 1
----------------- GPUInletTemp-802              -----------
ref count      : 1
.Health         : listened by port : 688148, 294920, 
----------------- BbuModulePresAccessor         -----------
ref count      : 1
----------------- LDAPCert6_6                   -----------
ref count      : 1
----------------- HDDBkpVolLowMajorInfo         -----------
ref count      : 1
----------------- RiserCardFru-e                -----------
ref count      : 1
----------------- SysPower:C                    -----------
ref count      : 1
----------------- EiuaVoltHighInfo              -----------
ref count      : 1
----------------- LDAPCert6_7                   -----------
ref count      : 1
----------------- SysHDDMaxTmp                  -----------
ref count      : 1
.Health         : listened by port : 688148, 294920, 
----------------- CpuVRDTempMajorInfo           -----------
ref count      : 1
----------------- PCIeVoltLowMaintInfo          -----------
ref count      : 1
----------------- ComPowerSupply-5              -----------
ref count      : 1
.Health         : listened by port : 294920, 
----------------- ComHdd7-2                     -----------
ref count      : 1
.Health         : listened by port : 294920, 
----------------- LDAPCert6_8                   -----------
ref count      : 1
----------------- BbuCapacityLowInfo            -----------
ref count      : 1
----------------- PsFanStatus-5                 -----------
ref count      : 1
.Health         : listened by port : 688148, 294920, 
----------------- SMMTempGetFailInfo            -----------
ref count      : 1
----------------- ComMemory160                  -----------
ref count      : 1
.Health         : listened by port : 294920, 
----------------- Stdby1_0V_LswCoreLowInfo      -----------
ref count      : 1
----------------- DevOfflineInfo                -----------
ref count      : 1
----------------- PCIeFPGACard:C                -----------
ref count      : 1
----------------- RiserCardAnchor-8             -----------
ref count      : 1
----------------- LDAPCert6_9                   -----------
ref count      : 1
----------------- ComPowerSupply-6              -----------
ref count      : 1
.Health         : listened by port : 294920, 
----------------- SyslogConfig:C                -----------
ref count      : 1
----------------- PsFanStatus-6                 -----------
ref count      : 1
.Health         : listened by port : 688148, 294920, 
----------------- Hdd0RemovedMntr-2             -----------
ref count      : 1
.State          : listened by port : 294920, 
----------------- ComMemory161                  -----------
ref count      : 1
.Health         : listened by port : 294920, 
----------------- Ps-5                          -----------
ref count      : 1
----------------- LDAPCommon:C                  -----------
ref count      : 1
----------------- CpuVmcpHighInfo               -----------
ref count      : 1
----------------- RiserCardAnchor-9             -----------
ref count      : 1
----------------- HddInner2-2                   -----------
ref count      : 1
.RebuildState   : listened by port : 294920, 
.Presence       : listened by port : 294920, 
.Id             : listened by port : 229382, 491534, 
.ReplaceFlag    : listened by port : 294920, 
----------------- Ps-6                          -----------
ref count      : 1
----------------- Warning                       -----------
ref count      : 1
.HealthStatus   : listened by port : 294920, 
----------------- BBUProtectInfo                -----------
ref count      : 1
----------------- Dimm070                       -----------
ref count      : 1
.Health         : listened by port : 688148, 294920, 
----------------- BmcEventSelFullInfo           -----------
ref count      : 1
----------------- SysInitErrorInfo              -----------
ref count      : 1
----------------- CpuVCoreHighInfo              -----------
ref count      : 1
----------------- FruNameVirtual-901            -----------
ref count      : 1
----------------- Disk11-2                      -----------
ref count      : 1
.Health         : listened by port : 688148, 294920, 
----------------- HddRemovedInfo                -----------
ref count      : 1
----------------- Dimm071                       -----------
ref count      : 1
.Health         : listened by port : 688148, 294920, 
----------------- SysTotalPowerFailInfo         -----------
ref count      : 1
----------------- MngmntHealth                  -----------
ref count      : 1
.Health         : listened by port : 688148, 294920, 
----------------- RS485Out12VLowInfo            -----------
ref count      : 1
----------------- dump_0                        -----------
ref count      : 1
----------------- LeakCardAbsAlmInfo            -----------
ref count      : 1
----------------- ComPS1                        -----------
ref count      : 1
.Health         : listened by port : 294920, 
----------------- PCIeDisklostInfo              -----------
ref count      : 1
----------------- GPUAICoreTemp-901             -----------
ref count      : 1
.Health         : listened by port : 688148, 294920, 
----------------- NodeBMCHeartBeatInfo          -----------
ref count      : 1
----------------- FruNameVirtual-902            -----------
ref count      : 1
----------------- SecureBootFailedInfo          -----------
ref count      : 1
----------------- CpuDTSGetFailInfo             -----------
ref count      : 1
----------------- ComPS2                        -----------
ref count      : 1
.Health         : listened by port : 294920, 
----------------- SecurityEnhance               -----------
ref count      : 1
.IpmiMasterKeyId : listened by port : 851993, 
.SystemLockDownStatus : listened by port : 819224, 655379, 
.CertOverdueWarnTime : listened by port : 753686, 
.MKUpdateInterval : listened by port : 851993, 
.BannerState    : listened by port : 851993, 
.RMCPCipherSuites : listened by port : 819224, 
.TLSVersion     : listened by port : 131075, 589841, 
.AntiDNSRebindStatus : listened by port : 589841, 
.SnmpPrivacyPwdMasterKeyId : listened by port : 851993, 
.SSLCipherSuites : listened by port : 589841, 
----------------- Hdd8-2                        -----------
ref count      : 1
.RebuildState   : listened by port : 294920, 
.Presence       : listened by port : 294920, 
.Id             : listened by port : 229382, 491534, 
.ReplaceFlag    : listened by port : 294920, 
----------------- Fan3FStatusThermal            -----------
ref count      : 1
----------------- OcpCardFaultInfo              -----------
ref count      : 1
----------------- GPUAICoreTemp-902             -----------
ref count      : 1
.Health         : listened by port : 688148, 294920, 
----------------- PcieCard-801                  -----------
ref count      : 1
.FatalError     : listened by port : 294920, 
.FDMFault       : listened by port : 294920, 
.Health         : listened by port : 294920, 
.ReplaceFlag    : listened by port : 294920, 
----------------- UserRoleCust1                 -----------
ref count      : 1
.VMMMgnt        : listened by port : 851993, 
.KVMMgnt        : listened by port : 851993, 
----------------- EthGroup0                     -----------
ref count      : 1
.IpMode         : listened by port : 753686, 851993, 
.VlanState      : listened by port : 917531, 
.SLAACIpv6Addr  : listened by port : 917531, 589841, 
.Ipv6Addr       : listened by port : 917531, 851993, 589841, 
.SubnetMask     : listened by port : 851993, 
.Ipv6Mode       : listened by port : 753686, 851993, 
.Type           : listened by port : 917531, 589841, 
.ActivePort     : listened by port : 917531, 589841, 
.IpVersion      : listened by port : 851993, 589841, 
.NetMode        : listened by port : 917531, 
.Ipv6LocalLink  : listened by port : 917531, 589841, 
.VlanID         : listened by port : 917531, 
.Ipv6DefaultGateway : listened by port : 851993, 
.Ipv6Prefix     : listened by port : 851993, 
.DefaultGateway : listened by port : 851993, 
.IpAddr         : listened by port : 917531, 851993, 819224, 589841, 
----------------- ComHddInner3-2                -----------
ref count      : 1
.Health         : listened by port : 294920, 
----------------- PcieCard-802                  -----------
ref count      : 1
.FatalError     : listened by port : 294920, 
.FDMFault       : listened by port : 294920, 
.Health         : listened by port : 294920, 
.ReplaceFlag    : listened by port : 294920, 
----------------- Hdd0ReplaceMntr-2             -----------
ref count      : 1
.State          : listened by port : 294920, 
----------------- UserRoleCust2                 -----------
ref count      : 1
.VMMMgnt        : listened by port : 851993, 
.KVMMgnt        : listened by port : 851993, 
----------------- ClockConnector                -----------
ref count      : 1
----------------- Stby1VFailInfo                -----------
ref count      : 1
----------------- Riser1Card                    -----------
ref count      : 1
.Health         : listened by port : 688148, 294920, 
----------------- UserRoleCust3                 -----------
ref count      : 1
.VMMMgnt        : listened by port : 851993, 
.KVMMgnt        : listened by port : 851993, 
----------------- ComHdd10-2                    -----------
ref count      : 1
.Health         : listened by port : 294920, 
----------------- EthGroup2                     -----------
ref count      : 1
.IpMode         : listened by port : 753686, 851993, 
.VlanState      : listened by port : 917531, 
.SLAACIpv6Addr  : listened by port : 917531, 589841, 
.Ipv6Addr       : listened by port : 917531, 851993, 589841, 
.SubnetMask     : listened by port : 851993, 
.Ipv6Mode       : listened by port : 753686, 851993, 
.Type           : listened by port : 917531, 589841, 
.ActivePort     : listened by port : 917531, 589841, 
.IpVersion      : listened by port : 851993, 589841, 
.NetMode        : listened by port : 917531, 
.Ipv6LocalLink  : listened by port : 917531, 589841, 
.VlanID         : listened by port : 917531, 
.Ipv6DefaultGateway : listened by port : 851993, 
.Ipv6Prefix     : listened by port : 851993, 
.DefaultGateway : listened by port : 851993, 
.IpAddr         : listened by port : 917531, 851993, 819224, 589841, 
----------------- FruNameConnector-901          -----------
ref count      : 1
----------------- Sys1_5VGetFailInfo            -----------
ref count      : 1
----------------- UserRoleCust4                 -----------
ref count      : 1
.VMMMgnt        : listened by port : 851993, 
.KVMMgnt        : listened by port : 851993, 
----------------- SysVoltageLowInfo             -----------
ref count      : 1
----------------- PolicyFrontDiskTemp           -----------
ref count      : 1
----------------- BmcEepCheckFailInfo           -----------
ref count      : 1
----------------- FruNameConnector-902          -----------
ref count      : 1
----------------- Hdd10-2                       -----------
ref count      : 1
.RebuildState   : listened by port : 294920, 
.Presence       : listened by port : 294920, 
.Id             : listened by port : 229382, 491534, 
.ReplaceFlag    : listened by port : 294920, 
----------------- VinUvWarningInfo              -----------
ref count      : 1
----------------- MainboardVoltageFailInfo      -----------
ref count      : 1
----------------- CpuReplaceInfo                -----------
ref count      : 1
----------------- UpgradeCpldConnector          -----------
ref count      : 1
----------------- RAIDBBUInstallMntr-1          -----------
ref count      : 1
.State          : listened by port : 294920, 
----------------- Sys1_5VLowInfo                -----------
ref count      : 1
----------------- SwitchBrdVoltFailInfo         -----------
ref count      : 1
----------------- MemUsageInfo                  -----------
ref count      : 1
----------------- UserRole:C                    -----------
ref count      : 1
----------------- Cpu2MemTemp                   -----------
ref count      : 1
.Health         : listened by port : 688148, 294920, 
----------------- Fan4FStatus                   -----------
ref count      : 1
.Health         : listened by port : 688148, 294920, 
----------------- MeInfo                        -----------
ref count      : 1
.CpuTjmax       : listened by port : 688148, 
----------------- RaidCardAnchor-1              -----------
ref count      : 1
----------------- LeakCardPresentInfo           -----------
ref count      : 1
----------------- DiskRAIDPHYInfo               -----------
ref count      : 1
----------------- SDCardFaultInfo               -----------
ref count      : 1
----------------- LDAPCert2_10                  -----------
ref count      : 1
----------------- MemInitErrorLogInfo           -----------
ref count      : 1
----------------- Memory050                     -----------
ref count      : 1
.FDMFault       : listened by port : 294920, 
.ReplaceFlag    : listened by port : 294920, 
----------------- MutualAuthenticationRootCert1 -----------
ref count      : 1
.CRLFilePath    : listened by port : 589841, 
.hashId         : listened by port : 589841, 
.hashValue      : listened by port : 589841, 
----------------- Memory051                     -----------
ref count      : 1
.FDMFault       : listened by port : 294920, 
.ReplaceFlag    : listened by port : 294920, 
----------------- CpuThermTripInfo              -----------
ref count      : 1
----------------- MutualAuthenticationRootCert2 -----------
ref count      : 1
.CRLFilePath    : listened by port : 589841, 
.hashId         : listened by port : 589841, 
.hashValue      : listened by port : 589841, 
----------------- PortConfig:C                  -----------
ref count      : 1
----------------- PCIeGetPowerFailInfo          -----------
ref count      : 1
----------------- RiserCardPwrInfo              -----------
ref count      : 1
----------------- Cpu1                          -----------
ref count      : 1
.Error2         : listened by port : 491534, 
.Version        : listened by port : 688148, 
.IErr           : listened by port : 131075, 491534, 
.FDMFault       : listened by port : 294920, 
.McErr          : listened by port : 131075, 491534, 
.MirrorFailChMask : listened by port : 491534, 
----------------- MutualAuthenticationRootCert3 -----------
ref count      : 1
.CRLFilePath    : listened by port : 589841, 
.hashId         : listened by port : 589841, 
.hashValue      : listened by port : 589841, 
----------------- Memory040ReplaceMntr          -----------
ref count      : 1
.State          : listened by port : 294920, 
----------------- OcpBandWidthDecreaseInfo      -----------
ref count      : 1
----------------- SSH                           -----------
ref count      : 1
.State          : listened by port : 950300, 917531, 851993, 589841, 
.Port           : listened by port : 950300, 917531, 851993, 589841, 
----------------- PHYFaultInfo                  -----------
ref count      : 1
----------------- Cpu2                          -----------
ref count      : 1
.Error2         : listened by port : 491534, 
.Version        : listened by port : 688148, 
.IErr           : listened by port : 131075, 491534, 
.FDMFault       : listened by port : 294920, 
.McErr          : listened by port : 131075, 491534, 
.MirrorFailChMask : listened by port : 491534, 
----------------- Hdd9RemovedMntr-2             -----------
ref count      : 1
.State          : listened by port : 294920, 
----------------- MutualAuthenticationRootCert4 -----------
ref count      : 1
.CRLFilePath    : listened by port : 589841, 
.hashId         : listened by port : 589841, 
.hashValue      : listened by port : 589841, 
----------------- DNSSetting:C                  -----------
ref count      : 1
----------------- WEBHTTP                       -----------
ref count      : 1
.State          : listened by port : 950300, 917531, 851993, 589841, 
.Port           : listened by port : 950300, 917531, 851993, 589841, 
----------------- Stdby3_3VLowInfo              -----------
ref count      : 1
----------------- ProxyKvm0                     -----------
ref count      : 1
.LocalKVMState  : listened by port : 131075, 
.Port           : listened by port : 131075, 
.KvmTimeout     : listened by port : 131075, 
.State          : listened by port : 131075, 
.ScreenSwitch   : listened by port : 131075, 
----------------- MutualAuthenticationRootCert5 -----------
ref count      : 1
.CRLFilePath    : listened by port : 589841, 
.hashId         : listened by port : 589841, 
.hashValue      : listened by port : 589841, 
----------------- Disk0-2                       -----------
ref count      : 1
.Health         : listened by port : 688148, 294920, 
----------------- 1822Chip0V8HighInfo           -----------
ref count      : 1
----------------- CertOverDue                   -----------
ref count      : 1
.Health         : listened by port : 688148, 294920, 
----------------- NPUOverVoltageInfo            -----------
ref count      : 1
----------------- PcieAbnInfo                   -----------
ref count      : 1
----------------- MutualAuthenticationRootCert6 -----------
ref count      : 1
.CRLFilePath    : listened by port : 589841, 
.hashId         : listened by port : 589841, 
.hashValue      : listened by port : 589841, 
----------------- 10GEPHYClockInfo              -----------
ref count      : 1
----------------- CPLDVer-2                     -----------
ref count      : 1
----------------- Memory160                     -----------
ref count      : 1
.FDMFault       : listened by port : 294920, 
.ReplaceFlag    : listened by port : 294920, 
----------------- FrontDiskBPInfo               -----------
ref count      : 1
----------------- LDAPCert5_1                   -----------
ref count      : 1
----------------- MutualAuthenticationRootCert7 -----------
ref count      : 1
.CRLFilePath    : listened by port : 589841, 
.hashId         : listened by port : 589841, 
.hashValue      : listened by port : 589841, 
----------------- PCIeCardVoltGetFailInfo       -----------
ref count      : 1
----------------- CPUBoardReplaceInfo           -----------
ref count      : 1
----------------- 1822Chip1V2HighInfo           -----------
ref count      : 1
----------------- Memory161                     -----------
ref count      : 1
.FDMFault       : listened by port : 294920, 
.ReplaceFlag    : listened by port : 294920, 
----------------- UserRoleUser                  -----------
ref count      : 1
.VMMMgnt        : listened by port : 851993, 
.KVMMgnt        : listened by port : 851993, 
----------------- ElectValveOut12VHighInfo      -----------
ref count      : 1
----------------- SSL                           -----------
ref count      : 1
.SSLMasterKeyId : listened by port : 851993, 
.CertStatus     : listened by port : 589841, 
----------------- LDAPCert5_2                   -----------
ref count      : 1
----------------- InnerHddCard2-2               -----------
ref count      : 1
----------------- RaidPHY6-1                    -----------
ref count      : 1
----------------- Stby3_3V_LswClockGetFailInfo  -----------
ref count      : 1
----------------- Stdby1_05VHighInfo            -----------
ref count      : 1
----------------- NCPortInfo                    -----------
ref count      : 1
----------------- MutualAuthenticationRootCert8 -----------
ref count      : 1
.CRLFilePath    : listened by port : 589841, 
.hashId         : listened by port : 589841, 
.hashValue      : listened by port : 589841, 
----------------- LDAPCert5_3                   -----------
ref count      : 1
----------------- PICCard3V3HighInfo            -----------
ref count      : 1
----------------- SysSFPMaxTmp                  -----------
ref count      : 1
.Health         : listened by port : 688148, 294920, 
----------------- MutualAuthenticationRootCert9 -----------
ref count      : 1
.CRLFilePath    : listened by port : 589841, 
.hashId         : listened by port : 589841, 
.hashValue      : listened by port : 589841, 
----------------- RAIDBBUInstallInfo            -----------
ref count      : 1
----------------- WEBHTTPS                      -----------
ref count      : 1
.State          : listened by port : 950300, 917531, 851993, 589841, 
.Port           : listened by port : 950300, 917531, 851993, 589841, 
----------------- RaidComLossInfo               -----------
ref count      : 1
----------------- LDAPCert5_4                   -----------
ref count      : 1
----------------- PeakClippingInvalidInfo       -----------
ref count      : 1
----------------- PCIeRetimerUpfailInfo         -----------
ref count      : 1
----------------- OutletTempMinorInfo           -----------
ref count      : 1
----------------- CpuCoreTempMinorInfo          -----------
ref count      : 1
----------------- RaidCardBBUTempInfo           -----------
ref count      : 1
----------------- Sys1_8VHighInfo               -----------
ref count      : 1
----------------- LDAPCert5_5                   -----------
ref count      : 1
----------------- ComPS                         -----------
ref count      : 1
.Health         : listened by port : 294920, 
----------------- link_status_4-3               -----------
ref count      : 1
.Health         : listened by port : 688148, 294920, 
----------------- KRBCommon                     -----------
ref count      : 1
----------------- Stdby1_05VLowInfo             -----------
ref count      : 1
----------------- Cpu:C                         -----------
ref count      : 1
----------------- FabricPowerOffingInfo         -----------
ref count      : 1
----------------- FabricNotInstallInfo          -----------
ref count      : 1
----------------- BBUCellOverTemMajInfo         -----------
ref count      : 1
----------------- LDAPCert5_6                   -----------
ref count      : 1
----------------- SnmpCommWorkKey               -----------
ref count      : 1
.WorkKey        : recv event count: 1 : listened by port : 131075, 851993, 294920, 655379, 589841, 
----------------- link_status_4-4               -----------
ref count      : 1
.Health         : listened by port : 688148, 294920, 
----------------- Cpu2DefaultCoreTempThermal    -----------
ref count      : 1
----------------- SecurityModuleConnect         -----------
ref count      : 1
----------------- PcieSlot3_94                  -----------
ref count      : 1
----------------- FIOInletLTempFailInfo         -----------
ref count      : 1
----------------- PCIeHardwareFailureInfo       -----------
ref count      : 1
----------------- LDAPCert5_7                   -----------
ref count      : 1
----------------- PSUSingleInputLostInfo        -----------
ref count      : 1
----------------- Com:C                         -----------
ref count      : 1
----------------- RaidCardBBUTemp-1             -----------
ref count      : 1
.Health         : listened by port : 688148, 294920, 
----------------- BoardIDFailInfo               -----------
ref count      : 1
----------------- OCPHWFaultMinorInfo           -----------
ref count      : 1
----------------- SYScom                        -----------
ref count      : 1
----------------- SmtpConfig:C                  -----------
ref count      : 1
----------------- LDAPCert5_8                   -----------
ref count      : 1
----------------- ComHdd6-2                     -----------
ref count      : 1
.Health         : listened by port : 294920, 
----------------- BBUbatterylowInfo             -----------
ref count      : 1
----------------- CpuVRDTempMinorInfo           -----------
ref count      : 1
----------------- ComMemory060                  -----------
ref count      : 1
.Health         : listened by port : 294920, 
----------------- FabricSWHighInfo              -----------
ref count      : 1
----------------- PcieSerialCableInfo           -----------
ref count      : 1
----------------- PwrCapStatus                  -----------
ref count      : 1
.Health         : listened by port : 688148, 294920, 
----------------- LDAPCert5_9                   -----------
ref count      : 1
----------------- ComputerSystem0               -----------
ref count      : 1
.iBMAEvent      : listened by port : 294920, 
----------------- SysRestart                    -----------
ref count      : 1
.Health         : listened by port : 688148, 294920, 
----------------- ComMemory061                  -----------
ref count      : 1
.Health         : listened by port : 294920, 
----------------- LomCard-3                     -----------
ref count      : 1
.FDMFault       : listened by port : 294920, 
.Eid            : listened by port : 917531, 
.Health         : listened by port : 294920, 
.HotplugCtrlStatus : listened by port : 458765, 
.PrePlug        : listened by port : 917531, 
.ReplaceFlag    : listened by port : 294920, 
----------------- HddInner1-2                   -----------
ref count      : 1
.RebuildState   : listened by port : 294920, 
.Presence       : listened by port : 294920, 
.Id             : listened by port : 229382, 491534, 
.ReplaceFlag    : listened by port : 294920, 
----------------- EventInformation:C            -----------
ref count      : 1
----------------- CpldUpgrdChip-1               -----------
ref count      : 1
----------------- NICErrorInfo                  -----------
ref count      : 1
----------------- DiskArray4-102                -----------
ref count      : 1
----------------- SMezzPowerOffInfo             -----------
ref count      : 1
----------------- LomCard-4                     -----------
ref count      : 1
.FDMFault       : listened by port : 294920, 
.Eid            : listened by port : 917531, 
.Health         : listened by port : 294920, 
.HotplugCtrlStatus : listened by port : 458765, 
.PrePlug        : listened by port : 917531, 
.ReplaceFlag    : listened by port : 294920, 
----------------- SystemManagerInfo0            -----------
ref count      : 1
----------------- Standby2_5VHighInfo           -----------
ref count      : 1
----------------- MeshCardSD6603CoreTempInfo    -----------
ref count      : 1
----------------- FruNameVirtual-801            -----------
ref count      : 1
----------------- BaseLSWFaultInfo              -----------
ref count      : 1
----------------- Disk10-2                      -----------
ref count      : 1
.Health         : listened by port : 688148, 294920, 
----------------- RaidSlot1                     -----------
ref count      : 1
----------------- lom1_port0_link_mon-3         -----------
ref count      : 1
.MonSenValue    : listened by port : 294920, 
----------------- LswPortLinkDownInfo           -----------
ref count      : 1
----------------- SSLCert10                     -----------
ref count      : 1
.SSLMasterKeyId : listened by port : 851993, 
.CertStatus     : listened by port : 589841, 
----------------- PchTempFailInfo               -----------
ref count      : 1
----------------- TrapConfig:C                  -----------
ref count      : 1
----------------- BoardMismatchInfo             -----------
ref count      : 1
----------------- NC12VHighInfo                 -----------
ref count      : 1
----------------- lom1_port0_link_mon-4         -----------
ref count      : 1
.MonSenValue    : listened by port : 294920, 
----------------- IO100MClockInfo               -----------
ref count      : 1
----------------- CpuDDRVPP_CDLowInfo           -----------
ref count      : 1
----------------- SSLCert11                     -----------
ref count      : 1
.SSLMasterKeyId : listened by port : 851993, 
.CertStatus     : listened by port : 589841, 
----------------- GPUAICoreTemp-801             -----------
ref count      : 1
.Health         : listened by port : 688148, 294920, 
----------------- Fan1WarningInfo-5             -----------
ref count      : 1
----------------- Sys1_1VGetFailInfo            -----------
ref count      : 1
----------------- Payload:C                     -----------
ref count      : 1
----------------- BBUInDischargingStateInfo     -----------
ref count      : 1
----------------- GPUBoardReplaceInfo           -----------
ref count      : 1
----------------- Fan1WarningInfo-6             -----------
ref count      : 1
----------------- Hdd7-2                        -----------
ref count      : 1
.RebuildState   : listened by port : 294920, 
.Presence       : listened by port : 294920, 
.Id             : listened by port : 229382, 491534, 
.ReplaceFlag    : listened by port : 294920, 
----------------- GPUAICoreTemp-802             -----------
ref count      : 1
.Health         : listened by port : 688148, 294920, 
----------------- SASCable_sen                  -----------
ref count      : 1
.Health         : listened by port : 688148, 294920, 
----------------- Sys1_1VLowInfo                -----------
ref count      : 1
----------------- ComMemory170                  -----------
ref count      : 1
.Health         : listened by port : 294920, 
----------------- SSLCert12                     -----------
ref count      : 1
.SSLMasterKeyId : listened by port : 851993, 
.CertStatus     : listened by port : 589841, 
----------------- LDAPCert:C                    -----------
ref count      : 1
----------------- ComHddInner2-2                -----------
ref count      : 1
.Health         : listened by port : 294920, 
----------------- PCIeSwVIOFailInfo             -----------
ref count      : 1
----------------- SSLCert13                     -----------
ref count      : 1
.SSLMasterKeyId : listened by port : 851993, 
.CertStatus     : listened by port : 589841, 
----------------- ComMemory171                  -----------
ref count      : 1
.Health         : listened by port : 294920, 
----------------- CpuProchotInfo                -----------
ref count      : 1
----------------- V_RaidCardConnect             -----------
ref count      : 1
----------------- FruNameVirtual-802            -----------
ref count      : 1
----------------- PcieSlot2Connect-8            -----------
ref count      : 1
----------------- 1_2V_VDDQ1                    -----------
ref count      : 1
.Health         : listened by port : 688148, 294920, 
----------------- RiserCard1Connect             -----------
ref count      : 1
----------------- PowerDoubleExpr-901           -----------
ref count      : 1
.Value          : send event count: 18447 : listened by port : 294920, 
----------------- CpuVsaGetFailedInfo           -----------
ref count      : 1
----------------- FruNameConnector-801          -----------
ref count      : 1
----------------- PcieSlot2Connect-9            -----------
ref count      : 1
----------------- ProxyVmm0                     -----------
ref count      : 1
.Port           : listened by port : 131075, 
.EncryptState   : listened by port : 131075, 
.State          : listened by port : 131075, 
----------------- 1_2V_VDDQ2                    -----------
ref count      : 1
.Health         : listened by port : 688148, 294920, 
----------------- GPUPower-901                  -----------
ref count      : 1
.Health         : listened by port : 688148, 294920, 
----------------- LicenseFeatureKey             -----------
ref count      : 1
----------------- Ch2MirrorFailInfo             -----------
ref count      : 1
----------------- ThresholdSensor:C             -----------
ref count      : 1
----------------- FruNameConnector-802          -----------
ref count      : 1
----------------- BaseboardConnector            -----------
ref count      : 1
----------------- MainBrdTrainErrorInfo         -----------
ref count      : 1
----------------- PowerDoubleExpr-902           -----------
ref count      : 1
.Value          : send event count: 16580 : listened by port : 294920, 
----------------- 1_2V_VDDQ3                    -----------
ref count      : 1
.Health         : listened by port : 688148, 294920, 
----------------- RaidCardPFAEInfo              -----------
ref count      : 1
----------------- GPUPower-902                  -----------
ref count      : 1
.Health         : listened by port : 688148, 294920, 
----------------- Fru0Elabel-3                  -----------
ref count      : 1
.MfgDateTime    : listened by port : 753686, 
.ProductAssetTag : listened by port : 294920, 
.BoardSerialNumber : listened by port : 294920, 65537, 
.ChassisSerialNumber : listened by port : 294920, 
----------------- PSUCurrentUnequalInfo         -----------
ref count      : 1
----------------- 1822Chip1V2LowInfo            -----------
ref count      : 1
----------------- 1_2V_VDDQ4                    -----------
ref count      : 1
.Health         : listened by port : 688148, 294920, 
----------------- Fru0Elabel-4                  -----------
ref count      : 1
.MfgDateTime    : listened by port : 753686, 
.ProductAssetTag : listened by port : 294920, 
.BoardSerialNumber : listened by port : 294920, 65537, 
.ChassisSerialNumber : listened by port : 294920, 
----------------- Fan3FStatus                   -----------
ref count      : 1
.Health         : listened by port : 688148, 294920, 
----------------- Cpu1MemTemp                   -----------
ref count      : 1
.Health         : listened by port : 688148, 294920, 
----------------- Chassis:C                     -----------
ref count      : 1
----------------- MutualAuthenticationCliCert:C -----------
ref count      : 1
----------------- SMS:C                         -----------
ref count      : 1
----------------- SSL:C                         -----------
ref count      : 1
----------------- Disk10ForeignMntr-2           -----------
ref count      : 1
.State          : listened by port : 294920, 
----------------- EnclosurTimeoutInfo           -----------
ref count      : 1
----------------- BBUWiringErrorMajorInfo       -----------
ref count      : 1
----------------- FabricLSWVoltHighInfo         -----------
ref count      : 1
----------------- BBUMOSOverTempInfo            -----------
ref count      : 1
----------------- SnmpPrivacyPwdWorkKey         -----------
ref count      : 1
.WorkKey        : recv event count: 1 : listened by port : 131075, 851993, 294920, 655379, 589841, 
----------------- VDDFIX_VOLT_CPU1              -----------
ref count      : 1
.Health         : listened by port : 688148, 294920, 
----------------- VirtualConnector1-2           -----------
ref count      : 1
----------------- FabricPowerOffReqInfo         -----------
ref count      : 1
----------------- MemTempMinorInfo              -----------
ref count      : 1
----------------- SecurityLogFull               -----------
ref count      : 1
.Health         : listened by port : 688148, 294920, 
----------------- AcSpCollectSysRestartInfo     -----------
ref count      : 1
----------------- VDDFIX_VOLT_CPU2              -----------
ref count      : 1
.Health         : listened by port : 688148, 294920, 
----------------- FanbdPowerFailedInfo          -----------
ref count      : 1
----------------- MemBrdPairInfo                -----------
ref count      : 1
----------------- ADCConnector                  -----------
ref count      : 1
----------------- FanType8038+                  -----------
ref count      : 1
----------------- BkpMiscCableInfo              -----------
ref count      : 1
----------------- Ch5MirrorFailInfo             -----------
ref count      : 1
----------------- PsCoreTemp-5                  -----------
ref count      : 1
.Health         : listened by port : 688148, 294920, 
----------------- RiserCardVoltLowMaintenanceInfo-----------
ref count      : 1
----------------- ComButton                     -----------
ref count      : 1
.Health         : listened by port : 294920, 
----------------- Fan4FPresence                 -----------
ref count      : 1
.Health         : listened by port : 688148, 294920, 
----------------- PsCoreTemp-6                  -----------
ref count      : 1
.Health         : listened by port : 688148, 294920, 
----------------- CpuTempFailedInfo             -----------
ref count      : 1
----------------- SDCardRebuildDoneInfo         -----------
ref count      : 1
----------------- CPU_VCCPVGetFailInfo          -----------
ref count      : 1
----------------- CpuMismatchInfo               -----------
ref count      : 1
----------------- RmcpConfig:C                  -----------
ref count      : 1
----------------- RiserCardAnchor-e             -----------
ref count      : 1
----------------- PcieFruFailInfo               -----------
ref count      : 1
----------------- FIO3V3FailInfo                -----------
ref count      : 1
----------------- Stby1_0VLswGetFailInfo        -----------
ref count      : 1
----------------- SwitchBrdVoltHighInfo         -----------
ref count      : 1
----------------- Memory060                     -----------
ref count      : 1
.FDMFault       : listened by port : 294920, 
.ReplaceFlag    : listened by port : 294920, 
----------------- LDAPCert4_1                   -----------
ref count      : 1
----------------- FabricRestartInfo             -----------
ref count      : 1
----------------- TS1280CoolingPolicy18-1       -----------
ref count      : 1
----------------- DiskInner3-2                  -----------
ref count      : 1
.Health         : listened by port : 688148, 294920, 
----------------- Memory061                     -----------
ref count      : 1
.FDMFault       : listened by port : 294920, 
.ReplaceFlag    : listened by port : 294920, 
----------------- RaidPHY5-1                    -----------
ref count      : 1
----------------- Fan4PresenceThermal           -----------
ref count      : 1
----------------- LDAPCert4_2                   -----------
ref count      : 1
----------------- InnerHddCard1-2               -----------
ref count      : 1
----------------- Stdby1_5VLowInfo              -----------
ref count      : 1
----------------- PSTempInfo                    -----------
ref count      : 1
----------------- LDAPCert4_3                   -----------
ref count      : 1
----------------- PcieCard:C                    -----------
ref count      : 1
----------------- Upgrade:C                     -----------
ref count      : 1
----------------- PMEServiceConfig              -----------
ref count      : 1
.BoardInfoCollectEnable : listened by port : 753686, 
----------------- FdmConfig                     -----------
ref count      : 1
----------------- Upgrade                       -----------
ref count      : 1
.UpgradeFileMasterKeyId : listened by port : 851993, 
.Degrade        : listened by port : 557072, 
.UpgradedFlag   : listened by port : 753686, 131075, 851993, 294920, 425996, 655379, 589841, 
.PreRollbackFlag : listened by port : 753686, 131075, 851993, 294920, 425996, 655379, 589841, 
----------------- MemInPoorContractInfo         -----------
ref count      : 1
----------------- LDAPCert4_4                   -----------
ref count      : 1
----------------- CARD2com                      -----------
ref count      : 1
----------------- LicenseSaleItem               -----------
ref count      : 1
----------------- DevOnlineInfo                 -----------
ref count      : 1
----------------- SasConnectErrInfo             -----------
ref count      : 1
----------------- CertSignWeakInfo              -----------
ref count      : 1
----------------- LDAPCert4_5                   -----------
ref count      : 1
----------------- link_status_3-3               -----------
ref count      : 1
.Health         : listened by port : 688148, 294920, 
----------------- DiskForeignInfo               -----------
ref count      : 1
----------------- OnePower:C                    -----------
ref count      : 1
----------------- CpuVccanaLowInfo              -----------
ref count      : 1
----------------- CpuVolHighWaringInfo          -----------
ref count      : 1
----------------- NCBrdStat1Info                -----------
ref count      : 1
----------------- LDAPCert4_6                   -----------
ref count      : 1
----------------- NPUEccCountMajorInfo          -----------
ref count      : 1
----------------- CCUCableInfo                  -----------
ref count      : 1
----------------- Memory170                     -----------
ref count      : 1
.FDMFault       : listened by port : 294920, 
.ReplaceFlag    : listened by port : 294920, 
----------------- link_status_3-4               -----------
ref count      : 1
.Health         : listened by port : 688148, 294920, 
----------------- GPUElabel-901                 -----------
ref count      : 1
.MfgDateTime    : listened by port : 753686, 
.ProductAssetTag : listened by port : 294920, 
.BoardSerialNumber : listened by port : 294920, 65537, 
.ChassisSerialNumber : listened by port : 294920, 
----------------- M2TrnsCardSlot1Connect-8      -----------
ref count      : 1
----------------- LDAPCert4_7                   -----------
ref count      : 1
----------------- FanbdOverTempInfo             -----------
ref count      : 1
----------------- Memory171                     -----------
ref count      : 1
.FDMFault       : listened by port : 294920, 
.ReplaceFlag    : listened by port : 294920, 
----------------- GPUElabel-902                 -----------
ref count      : 1
.MfgDateTime    : listened by port : 753686, 
.ProductAssetTag : listened by port : 294920, 
.BoardSerialNumber : listened by port : 294920, 65537, 
.ChassisSerialNumber : listened by port : 294920, 
----------------- M2TrnsCardSlot1Connect-9      -----------
ref count      : 1
----------------- LDAPCert4_8                   -----------
ref count      : 1
----------------- ComHdd5-2                     -----------
ref count      : 1
.Health         : listened by port : 294920, 
----------------- VCCP_1V0_CPULowInfo           -----------
ref count      : 1
----------------- Warning:C                     -----------
ref count      : 1
----------------- LDAPCert4_9                   -----------
ref count      : 1
----------------- LogicalDrive2-101             -----------
ref count      : 1
----------------- ComFan                        -----------
ref count      : 1
.Health         : listened by port : 294920, 
----------------- HddInner0-2                   -----------
ref count      : 1
.RebuildState   : listened by port : 294920, 
.Presence       : listened by port : 294920, 
.Id             : listened by port : 229382, 491534, 
.ReplaceFlag    : listened by port : 294920, 
----------------- log_0                         -----------
ref count      : 1
----------------- rmcp                          -----------
ref count      : 1
.Port2          : listened by port : 950300, 
.Port1          : listened by port : 950300, 
----------------- Stby1_5VFailInfo              -----------
ref count      : 1
----------------- User1                         -----------
ref count      : 1
.Privilege      : listened by port : 851993, 
.IsUserEnable   : listened by port : 851993, 
.SnmpPrivProtocol : listened by port : 589841, 
.PassWord       : listened by port : 851993, 
----------------- MainboardLOMAERInfo           -----------
ref count      : 1
----------------- FabricSwitchEepFailInfo       -----------
ref count      : 1
----------------- CpuVddqTempFailInfo           -----------
ref count      : 1
----------------- InletTempMinorInfo            -----------
ref count      : 1
----------------- PICRemovedInfo                -----------
ref count      : 1
----------------- PCIeBandWidthDecreaseInfo     -----------
ref count      : 1
----------------- SMezzNoMainBoardInfo          -----------
ref count      : 1
----------------- Cpu1HighPerCoreTempThermal    -----------
ref count      : 1
----------------- User2                         -----------
ref count      : 1
.Privilege      : listened by port : 851993, 
.IsUserEnable   : listened by port : 851993, 
.SnmpPrivProtocol : listened by port : 589841, 
.PassWord       : listened by port : 851993, 
----------------- NandBlockInfo                 -----------
ref count      : 1
----------------- MezzTempMajorInfo             -----------
ref count      : 1
----------------- RS485Out12VGetFailInfo        -----------
ref count      : 1
----------------- OneMorePsInfo                 -----------
ref count      : 1
----------------- reset_i2c4_pca9545            -----------
ref count      : 1
----------------- lom2_port1_link_mon-3         -----------
ref count      : 1
.MonSenValue    : listened by port : 294920, 
----------------- lom2_port1_link_mon-4         -----------
ref count      : 1
.MonSenValue    : listened by port : 294920, 
----------------- User3                         -----------
ref count      : 1
.Privilege      : listened by port : 851993, 
.IsUserEnable   : listened by port : 851993, 
.SnmpPrivProtocol : listened by port : 589841, 
.PassWord       : listened by port : 851993, 
----------------- BbuCtlBoardMinorInfo          -----------
ref count      : 1
----------------- FabricCPUTempMinorInfo        -----------
ref count      : 1
----------------- SelStatus                     -----------
ref count      : 1
.Health         : listened by port : 688148, 294920, 
----------------- Hdd6-2                        -----------
ref count      : 1
.RebuildState   : listened by port : 294920, 
.Presence       : listened by port : 294920, 
.Id             : listened by port : 229382, 491534, 
.ReplaceFlag    : listened by port : 294920, 
----------------- HighPerformModeInletPlc       -----------
ref count      : 1
----------------- PMemoryMajorInfo              -----------
ref count      : 1
----------------- User4                         -----------
ref count      : 1
.Privilege      : listened by port : 851993, 
.IsUserEnable   : listened by port : 851993, 
.SnmpPrivProtocol : listened by port : 589841, 
.PassWord       : listened by port : 851993, 
----------------- FIOInletRtempInfo             -----------
ref count      : 1
----------------- ComMemory070                  -----------
ref count      : 1
.Health         : listened by port : 294920, 
----------------- PCIeOMTempInfo                -----------
ref count      : 1
----------------- FabricSwitchClockInfo         -----------
ref count      : 1
----------------- PCIeTempReadFailInfo          -----------
ref count      : 1
----------------- ComHddInner1-2                -----------
ref count      : 1
.Health         : listened by port : 294920, 
----------------- PICCard12VFailInfo            -----------
ref count      : 1
----------------- SMMToActiveInfo               -----------
ref count      : 1
----------------- BladeRemovedInfo              -----------
ref count      : 1
----------------- PICTempGetFailInfo            -----------
ref count      : 1
----------------- ComMemory071                  -----------
ref count      : 1
.Health         : listened by port : 294920, 
----------------- User5                         -----------
ref count      : 1
.Privilege      : listened by port : 851993, 
.IsUserEnable   : listened by port : 851993, 
.SnmpPrivProtocol : listened by port : 589841, 
.PassWord       : listened by port : 851993, 
----------------- Hdd1FailedArrayMntr-2         -----------
ref count      : 1
.State          : listened by port : 294920, 
----------------- MainBoard                     -----------
ref count      : 1
.Health         : listened by port : 294920, 
----------------- GpuCarrBoardPFAEInfo          -----------
ref count      : 1
----------------- User6                         -----------
ref count      : 1
.Privilege      : listened by port : 851993, 
.IsUserEnable   : listened by port : 851993, 
.SnmpPrivProtocol : listened by port : 589841, 
.PassWord       : listened by port : 851993, 
----------------- IOBoard1OnRiser2              -----------
ref count      : 1
----------------- RAIDArrayFailedMntr           -----------
ref count      : 1
.State          : listened by port : 294920, 
----------------- DiscreteSensor:C              -----------
ref count      : 1
----------------- ExpCommInfo                   -----------
ref count      : 1
----------------- LeakCardAbsentInfo            -----------
ref count      : 1
----------------- GpuBoardClockInfo             -----------
ref count      : 1
----------------- PowerDoubleExpr-801           -----------
ref count      : 1
.Value          : send event count: 16752 : listened by port : 294920, 
----------------- DftVersion:C                  -----------
ref count      : 1
----------------- SysPwrSigDropInfo             -----------
ref count      : 1
----------------- User7                         -----------
ref count      : 1
.Privilege      : listened by port : 851993, 
.IsUserEnable   : listened by port : 851993, 
.SnmpPrivProtocol : listened by port : 589841, 
.PassWord       : listened by port : 851993, 
----------------- GPUPower-801                  -----------
ref count      : 1
.Health         : listened by port : 688148, 294920, 
----------------- NPUUnderVoltageInfo           -----------
ref count      : 1
----------------- OutletTemp                    -----------
ref count      : 1
.Health         : listened by port : 688148, 294920, 
----------------- PowerDoubleExpr-802           -----------
ref count      : 1
.Value          : send event count: 16882 : listened by port : 294920, 
----------------- SecurityModuleSelfTestInfo    -----------
ref count      : 1
----------------- ComPort4-3                    -----------
ref count      : 1
.Health         : listened by port : 294920, 
----------------- Diagnose:C                    -----------
ref count      : 1
----------------- User8                         -----------
ref count      : 1
.Privilege      : listened by port : 851993, 
.IsUserEnable   : listened by port : 851993, 
.SnmpPrivProtocol : listened by port : 589841, 
.PassWord       : listened by port : 851993, 
----------------- BBUOverCurrentMajorInfo       -----------
ref count      : 1
----------------- Memory:C                      -----------
ref count      : 1
----------------- LicenseGeneralInfo            -----------
ref count      : 1
----------------- GPUPower-802                  -----------
ref count      : 1
.Health         : listened by port : 688148, 294920, 
----------------- ComPort4-4                    -----------
ref count      : 1
.Health         : listened by port : 294920, 
----------------- User9                         -----------
ref count      : 1
.Privilege      : listened by port : 851993, 
.IsUserEnable   : listened by port : 851993, 
.SnmpPrivProtocol : listened by port : 589841, 
.PassWord       : listened by port : 851993, 
----------------- CpuVDDQ_CDGetFailedInfo       -----------
ref count      : 1
----------------- DiskFlashInfo                 -----------
ref count      : 1
----------------- MezzSys1_0VFailInfo           -----------
ref count      : 1
----------------- PCIeCardFaultInfo             -----------
ref count      : 1
----------------- Fan2FStatus                   -----------
ref count      : 1
.Health         : listened by port : 688148, 294920, 
----------------- CpuDDRVPP_CDGetFailedInfo     -----------
ref count      : 1
----------------- SysRestartCmdInfo             -----------
ref count      : 1
----------------- SSDPConfig                    -----------
ref count      : 1
.UseInterface   : listened by port : 917531, 
.IPv6Addr       : listened by port : 917531, 
----------------- FabricSWOverTempMajorInfo     -----------
ref count      : 1
----------------- Cpu1Prochot                   -----------
ref count      : 1
.Health         : listened by port : 688148, 294920, 
----------------- CpuBrd100MClockInfo           -----------
ref count      : 1
----------------- PSFailureInfo                 -----------
ref count      : 1
----------------- iBMAUSBMassStorage:C          -----------
ref count      : 1
----------------- BBUOputShoCirdPrtcInfo        -----------
ref count      : 1
----------------- Cpu2NosisyCoreTempThermal     -----------
ref count      : 1
----------------- cpld1                         -----------
ref count      : 1
----------------- PCIeSwVIOHighInfo             -----------
ref count      : 1
----------------- MezzStandby3_3VLowInfo        -----------
ref count      : 1
----------------- BaseCPUOvertempMajorInfo      -----------
ref count      : 1
----------------- Hdd8InsertMntr-2              -----------
ref count      : 1
.State          : listened by port : 294920, 
----------------- ChassisPowerHighInfo          -----------
ref count      : 1
----------------- CpuQpiLinkInfo                -----------
ref count      : 1
----------------- BIO12VFailInfo                -----------
ref count      : 1
----------------- Policy1Class:C                -----------
ref count      : 1
----------------- ComRiserCard-8                -----------
ref count      : 1
.Health         : listened by port : 294920, 
----------------- BmcStartACMntr                -----------
ref count      : 1
.State          : listened by port : 294920, 
----------------- PcieCardPlugInInfo            -----------
ref count      : 1
----------------- CpuVsaHighInfo                -----------
ref count      : 1
----------------- Stdby1_1VLowInfo              -----------
ref count      : 1
----------------- BoardPowerDropInfo            -----------
ref count      : 1
----------------- PCHVIOLowerInfo               -----------
ref count      : 1
----------------- ComRiserCard-9                -----------
ref count      : 1
.Health         : listened by port : 294920, 
----------------- RiserTempMinorInfo            -----------
ref count      : 1
----------------- BaseCPULowInfo                -----------
ref count      : 1
----------------- RaidCardPCIEErrInfo           -----------
ref count      : 1
----------------- KvmLink:C                     -----------
ref count      : 1
----------------- LDAPCert4_10                  -----------
ref count      : 1
----------------- HddbdPowerFailedInfo          -----------
ref count      : 1
----------------- MezzCardReplaceInfo           -----------
ref count      : 1
----------------- LDAPCert3_1                   -----------
ref count      : 1
----------------- BBUStatus-1                   -----------
ref count      : 1
.Health         : listened by port : 688148, 294920, 
----------------- i2c4_pca9545_chip             -----------
ref count      : 1
----------------- DiskInner2-2                  -----------
ref count      : 1
.Health         : listened by port : 688148, 294920, 
----------------- CpuFailIsoInfo                -----------
ref count      : 1
----------------- RaidPHY4-1                    -----------
ref count      : 1
----------------- BackupUbootVer                -----------
ref count      : 1
----------------- Riser2Card                    -----------
ref count      : 1
.Health         : listened by port : 688148, 294920, 
----------------- LDAPCert3_2                   -----------
ref count      : 1
----------------- PCIeInitAbnormalInfo          -----------
ref count      : 1
----------------- Hdd9InsertMntr-2              -----------
ref count      : 1
.State          : listened by port : 294920, 
----------------- BBUOverVoltageMajorInfo       -----------
ref count      : 1
----------------- BBUFireModuleTrigInfo         -----------
ref count      : 1
----------------- CpldSelfcheckInfo             -----------
ref count      : 1
----------------- LDAPCert3_3                   -----------
ref count      : 1
----------------- BMC:C                         -----------
ref count      : 1
----------------- RaidBBU-1                     -----------
ref count      : 1
.Present        : listened by port : 294920, 
----------------- LDAPCert3_4                   -----------
ref count      : 1
----------------- RS485Out12VHighInfo           -----------
ref count      : 1
----------------- Hdd1RemovedMntr-2             -----------
ref count      : 1
.State          : listened by port : 294920, 
----------------- PCIeVoltageLowerInfo          -----------
ref count      : 1
----------------- PcieStatus                    -----------
ref count      : 1
.Health         : listened by port : 688148, 294920, 
----------------- VirRearBpConnect              -----------
ref count      : 1
----------------- LDAPCert3_5                   -----------
ref count      : 1
----------------- SysHealLed                    -----------
ref count      : 1
----------------- link_status_2-3               -----------
ref count      : 1
.Health         : listened by port : 688148, 294920, 
----------------- LDAPCert3_6                   -----------
ref count      : 1
----------------- link_status_2-4               -----------
ref count      : 1
.Health         : listened by port : 688148, 294920, 
----------------- PCIeCardGetInfoFailInfo       -----------
ref count      : 1
----------------- Memory070                     -----------
ref count      : 1
.FDMFault       : listened by port : 294920, 
.ReplaceFlag    : listened by port : 294920, 
----------------- HighPerPolicyOutletTemp       -----------
ref count      : 1
----------------- PcieSlot2Connect-e            -----------
ref count      : 1
----------------- HddFailedArrayInfo            -----------
ref count      : 1
----------------- BMAForwardFailInfo            -----------
ref count      : 1
----------------- CpuDDRVPP_ABHighInfo          -----------
ref count      : 1
----------------- MeInfo:C                      -----------
ref count      : 1
----------------- LDAPCert3_7                   -----------
ref count      : 1
----------------- RaidBoardIDFailInfo           -----------
ref count      : 1
----------------- Memory071                     -----------
ref count      : 1
.FDMFault       : listened by port : 294920, 
.ReplaceFlag    : listened by port : 294920, 
----------------- GPUElabel-802                 -----------
ref count      : 1
.MfgDateTime    : listened by port : 753686, 
.ProductAssetTag : listened by port : 294920, 
.BoardSerialNumber : listened by port : 294920, 65537, 
.ChassisSerialNumber : listened by port : 294920, 
----------------- BladeRequestPSUInfo           -----------
ref count      : 1
----------------- LDAPCert3_8                   -----------
ref count      : 1
----------------- ComHdd4-2                     -----------
ref count      : 1
.Health         : listened by port : 294920, 
----------------- FIO3V3HighInfo                -----------
ref count      : 1
----------------- GPUElabel-801                 -----------
ref count      : 1
.MfgDateTime    : listened by port : 753686, 
.ProductAssetTag : listened by port : 294920, 
.BoardSerialNumber : listened by port : 294920, 65537, 
.ChassisSerialNumber : listened by port : 294920, 
----------------- LDAPCert3_9                   -----------
ref count      : 1
----------------- Hdd1ReplaceMntr-2             -----------
ref count      : 1
.State          : listened by port : 294920, 
----------------- PcieNicCard1                  -----------
ref count      : 1
----------------- PowerOffInfo                  -----------
ref count      : 1
----------------- HMMVersionLowInfo             -----------
ref count      : 1
----------------- LicenseAlarmInfo:C            -----------
ref count      : 1
----------------- Sel:C                         -----------
ref count      : 1
----------------- BladeInstallInfo              -----------
ref count      : 1
----------------- PcieNicCard2                  -----------
ref count      : 1
----------------- GpuBrdMosVolAbnormalInfo      -----------
ref count      : 1
----------------- PCIeGetMiniFailInfo           -----------
ref count      : 1
----------------- localbus1                     -----------
ref count      : 1
----------------- PcieSlot5_94                  -----------
ref count      : 1
----------------- FabHeartAbnorInfo             -----------
ref count      : 1
----------------- LDAPGroup0                    -----------
ref count      : 1
----------------- UnitSNDupplicatedInfo         -----------
ref count      : 1
----------------- LDAPGroup1                    -----------
ref count      : 1
----------------- BasePSFaultInfo               -----------
ref count      : 1
----------------- Stdby12VHighInfo              -----------
ref count      : 1
----------------- IncorrectPSUCountInfo         -----------
ref count      : 1
----------------- PCIeCardVoltageHighInfo       -----------
ref count      : 1
----------------- MotherBoard                   -----------
ref count      : 1
----------------- Sys1_8VLowInfo                -----------
ref count      : 1
----------------- SyslogConfig_0                -----------
ref count      : 1
----------------- LDAPGroup2                    -----------
ref count      : 1
----------------- BaseLSWOvertempMinorInfo      -----------
ref count      : 1
----------------- PartNumVariantExp-901         -----------
ref count      : 1
----------------- PcieNicCard5                  -----------
ref count      : 1
----------------- LDAPGroup3                    -----------
ref count      : 1
----------------- RackPowCapUnConfInfo          -----------
ref count      : 1
----------------- ComSystem                     -----------
ref count      : 1
.Health         : listened by port : 294920, 
----------------- Hdd5-2                        -----------
ref count      : 1
.RebuildState   : listened by port : 294920, 
.Presence       : listened by port : 294920, 
.Id             : listened by port : 229382, 491534, 
.ReplaceFlag    : listened by port : 294920, 
----------------- PRODUCT                       -----------
ref count      : 1
.SessionTokenLength : listened by port : 327689, 
----------------- RiserPcieCard:C               -----------
ref count      : 1
----------------- PartNumVariantExp-902         -----------
ref count      : 1
----------------- MezzSys3_3VHighInfo           -----------
ref count      : 1
----------------- LDAPGroup4                    -----------
ref count      : 1
----------------- PMemoryMinorInfo              -----------
ref count      : 1
----------------- PCIeCardVoltageLowInfo        -----------
ref count      : 1
----------------- ComHddInner0-2                -----------
ref count      : 1
.Health         : listened by port : 294920, 
----------------- VirInnerBpConnect             -----------
ref count      : 1
----------------- BBUBusBarOvVolPrtcInfo        -----------
ref count      : 1
----------------- SysRestartUnknownInfo         -----------
ref count      : 1
----------------- FabricLSWVoltLowInfo          -----------
ref count      : 1
----------------- SMezzPowerOningInfo           -----------
ref count      : 1
----------------- Hdd:C                         -----------
ref count      : 1
----------------- PchPvnnVolLowWaringInfo       -----------
ref count      : 1
----------------- SMezzPowerOffingInfo          -----------
ref count      : 1
----------------- PCIeCardCpuTempInfo           -----------
ref count      : 1
----------------- NetBandwidthUsageInfo         -----------
ref count      : 1
----------------- MemBrdTrainErrorInfo          -----------
ref count      : 1
----------------- CpuP1v8HighInfo               -----------
ref count      : 1
----------------- CpuHVCCLowInfo                -----------
ref count      : 1
----------------- NPU1-901                      -----------
ref count      : 1
.IErr           : listened by port : 491534, 
.IMUState       : listened by port : 491534, 
----------------- ComPort3-3                    -----------
ref count      : 1
.Health         : listened by port : 294920, 
----------------- 1822ChipFaultInfo             -----------
ref count      : 1
----------------- OCPPowerOffInfo               -----------
ref count      : 1
----------------- SysRestartByBmcInfo           -----------
ref count      : 1
----------------- NPU1-902                      -----------
ref count      : 1
.IErr           : listened by port : 491534, 
.IMUState       : listened by port : 491534, 
----------------- MemInstalledInfo              -----------
ref count      : 1
----------------- UidButton                     -----------
ref count      : 1
.Health         : listened by port : 688148, 294920, 
----------------- MainPMEVer                    -----------
ref count      : 1
----------------- Port3-3                       -----------
ref count      : 1
.LinkStatusBMA  : listened by port : 294920, 
.ActualMac      : listened by port : 917531, 
----------------- BaseLSWLowInfo                -----------
ref count      : 1
----------------- ComPort3-4                    -----------
ref count      : 1
.Health         : listened by port : 294920, 
----------------- PsRedundancyLostInfo          -----------
ref count      : 1
----------------- OtWarningInfo                 -----------
ref count      : 1
----------------- BMCBootup                     -----------
ref count      : 1
.Health         : listened by port : 688148, 294920, 
----------------- Memory140ReplaceMntr          -----------
ref count      : 1
.State          : listened by port : 294920, 
----------------- Hdd10InsertMntr-2             -----------
ref count      : 1
.State          : listened by port : 294920, 
----------------- BoadIdFailInfo                -----------
ref count      : 1
----------------- Port3-4                       -----------
ref count      : 1
.LinkStatusBMA  : listened by port : 294920, 
.ActualMac      : listened by port : 917531, 
----------------- PchVpvnnVGetFailedInfo        -----------
ref count      : 1
----------------- Raid-1                        -----------
ref count      : 1
.Health         : listened by port : 294920, 
.ReplaceFlag    : listened by port : 294920, 
----------------- Disk9ForeignMntr-2            -----------
ref count      : 1
.State          : listened by port : 294920, 
----------------- CpuHVCCGetFailedInfo          -----------
ref count      : 1
----------------- Fan1FStatus                   -----------
ref count      : 1
.Health         : listened by port : 688148, 294920, 
----------------- Stdby1_8V_LswHighInfo         -----------
ref count      : 1
----------------- BBUAddrConflictMinorInfo      -----------
ref count      : 1
----------------- BasePlaneNotInstallInfo       -----------
ref count      : 1
----------------- MutualAuthenticationCliCert10 -----------
ref count      : 1
----------------- CpuNavsLowInfo                -----------
ref count      : 1
----------------- FabricLSWTempFailInfo         -----------
ref count      : 1
----------------- MutualAuthenticationCliCert11 -----------
ref count      : 1
----------------- LomCardAnchor-3               -----------
ref count      : 1
----------------- PCIeSwVIOLowerInfo            -----------
ref count      : 1
----------------- PICCard12VHighInfo            -----------
ref count      : 1
----------------- ClockLockLostInfo             -----------
ref count      : 1
----------------- GpuBoardPlugInInfo            -----------
ref count      : 1
----------------- MutualAuthenticationCliCert12 -----------
ref count      : 1
----------------- IOLostPowerInfo               -----------
ref count      : 1
----------------- BaseCPUOvertempMinorInfo      -----------
ref count      : 1
----------------- NICPowerAbnormalInfo          -----------
ref count      : 1
----------------- LomCardAnchor-4               -----------
ref count      : 1
----------------- M2TrnsCardSlot1Connect-e      -----------
ref count      : 1
----------------- NICCardReplaceInfo            -----------
ref count      : 1
----------------- PCIeSwUpFilefailInfo          -----------
ref count      : 1
----------------- MutualAuthenticationCliCert13 -----------
ref count      : 1
----------------- PCIeCardDimmTempInfo          -----------
ref count      : 1
----------------- CPUNumCfgErrInfo              -----------
ref count      : 1
----------------- RfEvtSubscription1            -----------
ref count      : 1
----------------- MutualAuthenticationCliCert14 -----------
ref count      : 1
----------------- CpuCacheWayIsoInfo            -----------
ref count      : 1
----------------- UpgradeCpldVirtual            -----------
ref count      : 1
----------------- HddPFAEInfo                   -----------
ref count      : 1
----------------- RfEvtSubscription2            -----------
ref count      : 1
.EventTypes     : send event count: 1
.Protocol       : send event count: 1
.Destination    : send event count: 1
.EncryptedHttpHeaders : send event count: 1
.Context        : send event count: 1
----------------- RedfishEvtSubscription:C      -----------
ref count      : 1
----------------- Redfish                       -----------
ref count      : 1
.CfgFileDecompressed : send event count: 1
.RedfishMasterKeyId : listened by port : 851993, 
----------------- Standby2_5VLowInfo            -----------
ref count      : 1
----------------- MutualAuthenticationCliCert15 -----------
ref count      : 1
----------------- PermitRule0                   -----------
ref count      : 1
----------------- RackPowCapFailMajorInfo       -----------
ref count      : 1
----------------- RfEvtSubscription3            -----------
ref count      : 1
----------------- MutualAuthenticationCliCert16 -----------
ref count      : 1
----------------- LicenseConnector              -----------
ref count      : 1
----------------- SwiRemovedInfo                -----------
ref count      : 1
----------------- PermitRule1                   -----------
ref count      : 1
----------------- ComDiskBackplane              -----------
ref count      : 1
.Health         : listened by port : 294920, 
----------------- MezzSys1_0VHighInfo           -----------
ref count      : 1
----------------- RfEvtSubscription4            -----------
ref count      : 1
----------------- USBMassStorage:C              -----------
ref count      : 1
----------------- LDAPCert2_1                   -----------
ref count      : 1
----------------- RaidPHY3-1                    -----------
ref count      : 1
----------------- PSInputLostInfo               -----------
ref count      : 1
----------------- LowNosisyPolicyOutletTemp     -----------
ref count      : 1
----------------- MutualAuthenticationCliCert17 -----------
ref count      : 1
----------------- PermitRule2                   -----------
ref count      : 1
----------------- CpuCoreIsoInfo                -----------
ref count      : 1
----------------- Diagnose                      -----------
ref count      : 1
----------------- CpuVDDQ_ABLowInfo             -----------
ref count      : 1
----------------- PowerButtonInfo               -----------
ref count      : 1
----------------- FabricLSWTempCrtclInfo        -----------
ref count      : 1
----------------- 12_0V_VCC_2                   -----------
ref count      : 1
.Health         : listened by port : 688148, 294920, 
----------------- PSInletTemp-5                 -----------
ref count      : 1
.Health         : listened by port : 688148, 294920, 
----------------- NpuHealthMajorInfo            -----------
ref count      : 1
----------------- SysKBErrInfo                  -----------
ref count      : 1
----------------- LDAPCert2_2                   -----------
ref count      : 1
----------------- I2CDeviceAccessFailInfo       -----------
ref count      : 1
----------------- LDAPCert2_3                   -----------
ref count      : 1
----------------- Port3LinkDownMntr-3           -----------
ref count      : 1
.State          : listened by port : 294920, 
----------------- CpuPFAEInfo                   -----------
ref count      : 1
----------------- 12_0V_VCC_3                   -----------
ref count      : 1
.Health         : listened by port : 688148, 294920, 
----------------- PSInletTemp-6                 -----------
ref count      : 1
.Health         : listened by port : 688148, 294920, 
----------------- DiskInner1-2                  -----------
ref count      : 1
.Health         : listened by port : 688148, 294920, 
----------------- Watchdog2                     -----------
ref count      : 1
.Health         : listened by port : 688148, 294920, 
----------------- LDAPCert2_4                   -----------
ref count      : 1
----------------- Port3LinkDownMntr-4           -----------
ref count      : 1
.State          : listened by port : 294920, 
----------------- MemMinorPrefailureInfo        -----------
ref count      : 1
----------------- Hdd0FailedArrayMntr-2         -----------
ref count      : 1
.State          : listened by port : 294920, 
----------------- 12_0V_VCC_4                   -----------
ref count      : 1
.Health         : listened by port : 688148, 294920, 
----------------- IncorrectBatteryCountInfo     -----------
ref count      : 1
----------------- LDAPCert2_5                   -----------
ref count      : 1
----------------- NTPWorkKey                    -----------
ref count      : 1
.WorkKey        : recv event count: 1 : listened by port : 131075, 851993, 294920, 655379, 589841, 
----------------- link_status_1-3               -----------
ref count      : 1
.Health         : listened by port : 688148, 294920, 
----------------- BIO12VHighInfo                -----------
ref count      : 1
----------------- SystemError                   -----------
ref count      : 1
.Health         : listened by port : 688148, 294920, 
----------------- RAIDBBURemoveInfo             -----------
ref count      : 1
----------------- 12_0V_VCC_5                   -----------
ref count      : 1
.Health         : listened by port : 688148, 294920, 
----------------- BakHeartAbnorInfo             -----------
ref count      : 1
----------------- SMezzPowerOnReqInfo           -----------
ref count      : 1
----------------- VoutOvFaultInfo               -----------
ref count      : 1
----------------- RaidCardStatus-1              -----------
ref count      : 1
.Health         : listened by port : 688148, 294920, 
----------------- LDAPCert2_6                   -----------
ref count      : 1
----------------- link_status_1-4               -----------
ref count      : 1
.Health         : listened by port : 688148, 294920, 
----------------- Hdd10RemovedMntr-2            -----------
ref count      : 1
.State          : listened by port : 294920, 
----------------- SMezzPowerOffReqInfo          -----------
ref count      : 1
----------------- 12_0V_VCC_6                   -----------
ref count      : 1
.Health         : listened by port : 688148, 294920, 
----------------- PasswdSetting                 -----------
ref count      : 1
----------------- LLDPConfig:C                  -----------
ref count      : 1
----------------- DDRWorkAbnInfo                -----------
ref count      : 1
----------------- UIDButtonInfo                 -----------
ref count      : 1
----------------- LDAPCert2_7                   -----------
ref count      : 1
----------------- SelfTestFailInfo              -----------
ref count      : 1
----------------- ExpanderVoltFailInfo          -----------
ref count      : 1
----------------- CpuVRDTempFailInfo            -----------
ref count      : 1
----------------- NpuHealthCriticalInfo         -----------
ref count      : 1
----------------- LomCard2Connect               -----------
ref count      : 1
----------------- LDAPCert2_8                   -----------
ref count      : 1
----------------- Cpu2CoreRem                   -----------
ref count      : 1
.Health         : listened by port : 688148, 294920, 
----------------- ComHdd3-2                     -----------
ref count      : 1
.Health         : listened by port : 294920, 
----------------- TS2280CoolingPolicy18-1       -----------
ref count      : 1
----------------- GpuCarrBdVoltHighMaintInfo    -----------
ref count      : 1
----------------- PortInstalledInfo             -----------
ref count      : 1
----------------- LDAPCert2_9                   -----------
ref count      : 1
----------------- NpuThermTripInfo              -----------
ref count      : 1
----------------- SystemAbnormalErrInfo         -----------
ref count      : 1
----------------- 1822Chip0V8GetFailInfo        -----------
ref count      : 1
----------------- RemoteHttpsServerRootCert1    -----------
ref count      : 1
----------------- PICCard12VLowInfo             -----------
ref count      : 1
----------------- LeftEarInfo                   -----------
ref count      : 1
----------------- 1711CoreTemp                  -----------
ref count      : 1
.Health         : listened by port : 688148, 294920, 
----------------- Hdd10ReplaceMntr-2            -----------
ref count      : 1
.State          : listened by port : 294920, 
----------------- RemoteHttpsServerRootCert2    -----------
ref count      : 1
----------------- MemInitErrorMajorInfo         -----------
ref count      : 1
----------------- ComM2Disk1                    -----------
ref count      : 1
.Health         : listened by port : 294920, 
----------------- MotherBoardLswChipFaultInfo   -----------
ref count      : 1
----------------- PCHVIOHighInfo                -----------
ref count      : 1
----------------- RemoteHttpsServerRootCert3    -----------
ref count      : 1
----------------- RaidPcieError-1               -----------
ref count      : 1
.Health         : listened by port : 688148, 294920, 
----------------- VirtualVPDReadFailInfo        -----------
ref count      : 1
----------------- HardwareAddrErrInfo           -----------
ref count      : 1
----------------- CpuVDDQTempMajorInfo          -----------
ref count      : 1
----------------- ComM2Disk2                    -----------
ref count      : 1
.Health         : listened by port : 294920, 
----------------- MemCfgErrorMajorInfo          -----------
ref count      : 1
----------------- RemoteHttpsServerRootCert4    -----------
ref count      : 1
----------------- SystemNoticeInfo              -----------
ref count      : 1
----------------- AEPTempMinorInfo              -----------
ref count      : 1
----------------- BbuBatteryMinorInfo           -----------
ref count      : 1
----------------- PartNumVariantExp-801         -----------
ref count      : 1
----------------- BBUModuleReplaceInfo          -----------
ref count      : 1
----------------- CpuBrdMixInfo                 -----------
ref count      : 1
----------------- RemoteHttpsServerRootCert5    -----------
ref count      : 1
----------------- Hdd4-2                        -----------
ref count      : 1
.RebuildState   : listened by port : 294920, 
.Presence       : listened by port : 294920, 
.Id             : listened by port : 229382, 491534, 
.ReplaceFlag    : listened by port : 294920, 
----------------- PsRemovedInfo                 -----------
ref count      : 1
----------------- LowNoisyInletPolicy           -----------
ref count      : 1
----------------- PartNumVariantExp-802         -----------
ref count      : 1
----------------- NandFlash                     -----------
ref count      : 1
----------------- ComRiserCard-e                -----------
ref count      : 1
.Health         : listened by port : 294920, 
----------------- RemoteHttpsServerRootCert6    -----------
ref count      : 1
----------------- SDCardFailedArrayInfo         -----------
ref count      : 1
----------------- FloatLeakageInfo              -----------
ref count      : 1
----------------- LDAPServer2                   -----------
ref count      : 1
.BindDNPswMasterKeyId : listened by port : 851993, 
----------------- PcieCardReplaceInfo           -----------
ref count      : 1
----------------- IoutOcFaultInfo               -----------
ref count      : 1
----------------- Dimm100                       -----------
ref count      : 1
.Health         : listened by port : 688148, 294920, 
----------------- RemoteHttpsServerRootCert7    -----------
ref count      : 1
----------------- ExpStatusInfo                 -----------
ref count      : 1
----------------- LicenseFileErrorInfo          -----------
ref count      : 1
----------------- LDAPServer3                   -----------
ref count      : 1
.BindDNPswMasterKeyId : listened by port : 851993, 
----------------- FdmWebConfig:C                -----------
ref count      : 1
----------------- PcieCardAnchor-901            -----------
ref count      : 1
----------------- Dimm101                       -----------
ref count      : 1
.Health         : listened by port : 688148, 294920, 
----------------- RemoteHttpsServerRootCert8    -----------
ref count      : 1
----------------- ComMotherBoard                -----------
ref count      : 1
.Health         : listened by port : 294920, 
----------------- MosMajorChipFaultInfo         -----------
ref count      : 1
----------------- LDAPServer4                   -----------
ref count      : 1
.BindDNPswMasterKeyId : listened by port : 851993, 
----------------- NPU1-801                      -----------
ref count      : 1
.IErr           : listened by port : 491534, 
.IMUState       : listened by port : 491534, 
----------------- GpuBoardPowerFailInfo         -----------
ref count      : 1
----------------- PcieCardAnchor-902            -----------
ref count      : 1
----------------- DiskArrayConnector-1          -----------
ref count      : 1
----------------- HDDBkp0FailInfo               -----------
ref count      : 1
----------------- ComPort2-3                    -----------
ref count      : 1
.Health         : listened by port : 294920, 
----------------- GpuCarrBdVoltLowMaintInfo     -----------
ref count      : 1
----------------- LDAPCommon                    -----------
ref count      : 1
----------------- LDAPServer5                   -----------
ref count      : 1
.BindDNPswMasterKeyId : listened by port : 851993, 
----------------- NPU1-802                      -----------
ref count      : 1
.IErr           : listened by port : 491534, 
.IMUState       : listened by port : 491534, 
----------------- Standby1VHighInfo             -----------
ref count      : 1
----------------- NCBrdStat2Info                -----------
ref count      : 1
----------------- PwrLackAlertInfo              -----------
ref count      : 1
----------------- ComPort2-4                    -----------
ref count      : 1
.Health         : listened by port : 294920, 
----------------- Port2-3                       -----------
ref count      : 1
.LinkStatusBMA  : listened by port : 294920, 
.ActualMac      : listened by port : 917531, 
----------------- LDAPServer6                   -----------
ref count      : 1
.BindDNPswMasterKeyId : listened by port : 851993, 
----------------- ProductIndentityFailedInfo    -----------
ref count      : 1
----------------- SwitchBrdClkPSUInfo           -----------
ref count      : 1
----------------- NTPSynchronizeTimeFailInfo    -----------
ref count      : 1
----------------- Port2-4                       -----------
ref count      : 1
.LinkStatusBMA  : listened by port : 294920, 
.ActualMac      : listened by port : 917531, 
----------------- SSDCardTempInfo               -----------
ref count      : 1
----------------- EthGroup:C                    -----------
ref count      : 1
----------------- pca9545_chan2                 -----------
ref count      : 1
----------------- Cooling:C                     -----------
ref count      : 1
----------------- LogicalDrive3-101             -----------
ref count      : 1
----------------- IpmiPwdWorkKey                -----------
ref count      : 1
.WorkKey        : recv event count: 1 : listened by port : 131075, 851993, 294920, 655379, 589841, 
----------------- PcieSlot3Connect-8            -----------
ref count      : 1
----------------- BBUOutputOverLoadInfo         -----------
ref count      : 1
----------------- HddBackCardConnect            -----------
ref count      : 1
----------------- PowerSupplyAnchor-5           -----------
ref count      : 1
----------------- PcieSlot3Connect-9            -----------
ref count      : 1
----------------- FIOInletLtempMInfo            -----------
ref count      : 1
----------------- Stdby1_8VLowInfo              -----------
ref count      : 1
----------------- FabricSWFaultInfo             -----------
ref count      : 1
----------------- BBURemLifeLowInfo             -----------
ref count      : 1
----------------- PciePwrFailInfo               -----------
ref count      : 1
----------------- PowerSupplyAnchor-6           -----------
ref count      : 1
----------------- SwiInstallInfo                -----------
ref count      : 1
----------------- lom1_port2_link_mon-3         -----------
ref count      : 1
.MonSenValue    : listened by port : 294920, 
----------------- PsVin-5                       -----------
ref count      : 1
.Health         : listened by port : 688148, 294920, 
----------------- MainbdPowerFailedInfo         -----------
ref count      : 1
----------------- SysCfgErrorLogInfo            -----------
ref count      : 1
----------------- BackupPMEVer                  -----------
ref count      : 1
----------------- lom1_port2_link_mon-4         -----------
ref count      : 1
.MonSenValue    : listened by port : 294920, 
----------------- CpuMemVpp2HighInfo            -----------
ref count      : 1
----------------- PsVin-6                       -----------
ref count      : 1
.Health         : listened by port : 688148, 294920, 
----------------- OSEthConnector                -----------
ref count      : 1
----------------- SOLManagement                 -----------
ref count      : 1
----------------- DiskArray0-102                -----------
ref count      : 1
----------------- Fan2FStatusThermal            -----------
ref count      : 1
----------------- Vmm:C                         -----------
ref count      : 1
----------------- DiskBkpPwrInfo                -----------
ref count      : 1
----------------- OMPowerAlarmInfo              -----------
ref count      : 1
----------------- STBY3V3_2V5_PWFailInfo        -----------
ref count      : 1
----------------- Stdby1_8V_LswLowInfo          -----------
ref count      : 1
----------------- LDAPCert1_1                   -----------
ref count      : 1
----------------- CLASSFANTYPE:C                -----------
ref count      : 1
----------------- ProxyVmm:C                    -----------
ref count      : 1
----------------- HddBPStatus                   -----------
ref count      : 1
.Health         : listened by port : 688148, 294920, 
----------------- DiskInner0-2                  -----------
ref count      : 1
.Health         : listened by port : 688148, 294920, 
----------------- FRUReadFailInfo               -----------
ref count      : 1
----------------- RaidPHY2-1                    -----------
ref count      : 1
----------------- LDAPCert1_2                   -----------
ref count      : 1
----------------- IOBrdMosOverTempInfo          -----------
ref count      : 1
----------------- MemUncorrectInfo              -----------
ref count      : 1
----------------- PowerCapping:C                -----------
ref count      : 1
----------------- SPIStateErrorInfo             -----------
ref count      : 1
----------------- PcieMisMatchInfo              -----------
ref count      : 1
----------------- PchPrim1V05VHighInfo          -----------
ref count      : 1
----------------- iBMCInstallNoProInfo          -----------
ref count      : 1
----------------- LDAPCert1_3                   -----------
ref count      : 1
----------------- NpuHealthMinorInfo            -----------
ref count      : 1
----------------- SwitchBrdVoltLowerInfo        -----------
ref count      : 1
----------------- MainBrdOMTempReadFailInfo     -----------
ref count      : 1
----------------- LDAPCert1_4                   -----------
ref count      : 1
----------------- TimOutPwrCycleInfo            -----------
ref count      : 1
----------------- DFTModeInletPolicy            -----------
ref count      : 1
----------------- Sys1_5VHighInfo               -----------
ref count      : 1
----------------- Cpu2VrdTempThermal            -----------
ref count      : 1
----------------- LDAPCert1_5                   -----------
ref count      : 1
----------------- MosTempHighMajorInfo          -----------
ref count      : 1
----------------- CpuBdTempGetFailInfo          -----------
ref count      : 1
----------------- VRDUpgradeMgnt:C              -----------
ref count      : 1
----------------- PCIeHardwareFaultMajorInfo    -----------
ref count      : 1
----------------- SMMInstallInfo                -----------
ref count      : 1
----------------- LDAPCert6_10                  -----------
ref count      : 1
----------------- LDAPCert1_6                   -----------
ref count      : 1
----------------- PICCardClkLostInfo            -----------
ref count      : 1
----------------- LDAPCert1_7                   -----------
ref count      : 1
----------------- LM75B_TE-901                  -----------
ref count      : 1
----------------- CpuNavsHighInfo               -----------
ref count      : 1
----------------- RetimerLoadfailInfo           -----------
ref count      : 1
----------------- EncryptKey:C                  -----------
ref count      : 1
----------------- PCIeCompAbsentNormInfo        -----------
ref count      : 1
----------------- Standby1VLowInfo              -----------
ref count      : 1
----------------- FabricLSWVcoreFailInfo        -----------
ref count      : 1
----------------- LDAPCert1_8                   -----------
ref count      : 1
----------------- ComHdd2-2                     -----------
ref count      : 1
.Health         : listened by port : 294920, 
----------------- LomCard1Connect               -----------
ref count      : 1
----------------- LM75B_TE-902                  -----------
ref count      : 1
----------------- InsecureProtocolInfo          -----------
ref count      : 1
----------------- Cpu1CoreRem                   -----------
ref count      : 1
.Health         : listened by port : 688148, 294920, 
----------------- BmcStartResetInfo             -----------
ref count      : 1
----------------- PassCardRemovedInfo           -----------
ref count      : 1
----------------- RaidCardConnect               -----------
ref count      : 1
----------------- RaidCardRemovedInfo           -----------
ref count      : 1
----------------- PCIeSwVcoreFailInfo           -----------
ref count      : 1
----------------- DiskArrayDynamicConnector     -----------
ref count      : 1
----------------- LDAPCert1_9                   -----------
ref count      : 1
----------------- GpuBoardPowerOnFailInfo       -----------
ref count      : 1
----------------- VNC                           -----------
ref count      : 1
.PwdMasterKeyId : listened by port : 851993, 
----------------- BmcEventSelClearedInfo        -----------
ref count      : 1
----------------- RtcTimeInfo                   -----------
ref count      : 1
----------------- PCHTempMajorInfo              -----------
ref count      : 1
----------------- BBUControllerMajorInfo        -----------
ref count      : 1
----------------- SysVoltageHighInfo            -----------
ref count      : 1
----------------- PsInsufficientInfo            -----------
ref count      : 1
----------------- PCIeCardTempInfo              -----------
ref count      : 1
----------------- AICORE-901                    -----------
ref count      : 1
----------------- Mainboard1VLowInfo            -----------
ref count      : 1
----------------- PCIeFirmwareFailureInfo       -----------
ref count      : 1
----------------- SSDCardTempMajorInfo          -----------
ref count      : 1
----------------- AICORE-902                    -----------
ref count      : 1
----------------- Npu12HighMajorInfo            -----------
ref count      : 1
----------------- Stby1_8VLswGetFailInfo        -----------
ref count      : 1
----------------- CpuIERRInfo                   -----------
ref count      : 1
----------------- BOARD:C                       -----------
ref count      : 1
----------------- MainBoard:C                   -----------
ref count      : 1
----------------- M2TrnsCardSlot2Connect-8      -----------
ref count      : 1
----------------- RackCableDisconnectedInfo     -----------
ref count      : 1
----------------- RiserCardVoltHighInfo         -----------
ref count      : 1
----------------- Sys3_3VLowInfo                -----------
ref count      : 1
----------------- SLIMCableConnectErrInfo       -----------
ref count      : 1
----------------- CpuUsageHighInfo              -----------
ref count      : 1
----------------- M2TrnsCardSlot2Connect-9      -----------
ref count      : 1
----------------- Hdd3-2                        -----------
ref count      : 1
.RebuildState   : listened by port : 294920, 
.Presence       : listened by port : 294920, 
.Id             : listened by port : 229382, 491534, 
.ReplaceFlag    : listened by port : 294920, 
----------------- MainboardLOMPFAEInfo          -----------
ref count      : 1
----------------- RiserCard3Connect             -----------
ref count      : 1
----------------- Riser3Card                    -----------
ref count      : 1
.Health         : listened by port : 688148, 294920, 
----------------- Hotswap:C                     -----------
ref count      : 1
----------------- Mem1DefaultThermalPolicy      -----------
ref count      : 1
----------------- CpuQpiLinkPFAEInfo            -----------
ref count      : 1
----------------- HddMediaWearoutLowInfo        -----------
ref count      : 1
----------------- BaseCPUFailInfo               -----------
ref count      : 1
----------------- Dimm000                       -----------
ref count      : 1
.Health         : listened by port : 688148, 294920, 
----------------- FanRemovedInfo                -----------
ref count      : 1
----------------- BaseLSWFailInfo               -----------
ref count      : 1
----------------- RedfishEventService:C         -----------
ref count      : 1
----------------- PcbVersion-901                -----------
ref count      : 1
----------------- MemCfgErrorLogInfo            -----------
ref count      : 1
----------------- PcieCardAnchor-801            -----------
ref count      : 1
----------------- Disk9-2                       -----------
ref count      : 1
.Health         : listened by port : 688148, 294920, 
----------------- MosMajorFaultInfo             -----------
ref count      : 1
----------------- Bios:C                        -----------
ref count      : 1
----------------- Dimm001                       -----------
ref count      : 1
.Health         : listened by port : 688148, 294920, 
----------------- CpuVddfixGetFailedInfo        -----------
ref count      : 1
----------------- CpuVDDAVSGetFailedInfo        -----------
ref count      : 1
----------------- Connector:C                   -----------
ref count      : 1
----------------- NicTemHighMinorInfo           -----------
ref count      : 1
----------------- PCIeSwKeyRegfailInfo          -----------
ref count      : 1
----------------- PcieCardAnchor-802            -----------
ref count      : 1
----------------- FabricSWLowInfo               -----------
ref count      : 1
----------------- PcbVersion-902                -----------
ref count      : 1
----------------- PcieEEPROMFaultInfo           -----------
ref count      : 1
----------------- FabricLSWTempMajorInfo        -----------
ref count      : 1
----------------- HDD_BP_status                 -----------
ref count      : 1
.Health         : listened by port : 688148, 294920, 
----------------- ComPort1-3                    -----------
ref count      : 1
.Health         : listened by port : 294920, 
----------------- CpuDdrvddHighInfo             -----------
ref count      : 1
----------------- RAIDBBURemoveMntr-1           -----------
ref count      : 1
.State          : listened by port : 294920, 
----------------- SDCardRemovedInfo             -----------
ref count      : 1
----------------- ComPort1-4                    -----------
ref count      : 1
.Health         : listened by port : 294920, 
----------------- PCIeSwTempMajorInfo           -----------
ref count      : 1
----------------- Port1-3                       -----------
ref count      : 1
.LinkStatusBMA  : listened by port : 294920, 
.ActualMac      : listened by port : 917531, 
----------------- RtcClockInfo                  -----------
ref count      : 1
----------------- Port1-4                       -----------
ref count      : 1
.LinkStatusBMA  : listened by port : 294920, 
.ActualMac      : listened by port : 917531, 
----------------- Stdby1_05VFailInfo            -----------
ref count      : 1
----------------- PchUncorrectErrInfo           -----------
ref count      : 1
----------------- CpuMarginFailInfo             -----------
ref count      : 1
----------------- RiserCardRemovedInfo          -----------
ref count      : 1
----------------- PICCard3V3FailInfo            -----------
ref count      : 1
----------------- Hdd8RemovedMntr-2             -----------
ref count      : 1
.State          : listened by port : 294920, 
----------------- Dimm110                       -----------
ref count      : 1
.Health         : listened by port : 688148, 294920, 
----------------- UserRoleAdmin                 -----------
ref count      : 1
.VMMMgnt        : listened by port : 851993, 
.KVMMgnt        : listened by port : 851993, 
----------------- VNC:C                         -----------
ref count      : 1
----------------- PcieCardPlugOutInfo           -----------
ref count      : 1
----------------- Dimm111                       -----------
ref count      : 1
.Health         : listened by port : 688148, 294920, 
----------------- BoardNameVariantExp-901       -----------
ref count      : 1
----------------- VRDConnector                  -----------
ref count      : 1
----------------- Cpu2VddqTempThermal           -----------
ref count      : 1
----------------- ComSASExpander0-2             -----------
ref count      : 1
.Health         : listened by port : 294920, 
----------------- BoardNameVariantExp-902       -----------
ref count      : 1
----------------- KRBGroup0                     -----------
ref count      : 1
----------------- OwnerSSL                      -----------
ref count      : 1
.SSLMasterKeyId : listened by port : 851993, 
.CertStatus     : listened by port : 589841, 
----------------- RaidPres                      -----------
ref count      : 1
.Health         : listened by port : 688148, 294920, 
----------------- KRBGroup1                     -----------
ref count      : 1
----------------- Fan1FPresence                 -----------
ref count      : 1
.Health         : listened by port : 688148, 294920, 
----------------- BMAHeartBeatInfo              -----------
ref count      : 1
----------------- CpuPowerHighInfo              -----------
ref count      : 1
----------------- Riser2VirtualConnector        -----------
ref count      : 1
----------------- onepower-5                    -----------
ref count      : 1
.Health         : listened by port : 294920, 
.VinStatus      : listened by port : 294920, 
.PsType         : listened by port : 786455, 
.ReplaceFlag    : listened by port : 294920, 
----------------- KRBGroup2                     -----------
ref count      : 1
----------------- DiskBaseBoardRemovedInfo      -----------
ref count      : 1
----------------- Hdd8ReplaceMntr-2             -----------
ref count      : 1
.State          : listened by port : 294920, 
----------------- PCHTempInfo                   -----------
ref count      : 1
----------------- CXPLinkInfo                   -----------
ref count      : 1
----------------- FabricSWFailInfo              -----------
ref count      : 1
----------------- onepower-6                    -----------
ref count      : 1
.Health         : listened by port : 294920, 
.VinStatus      : listened by port : 294920, 
.PsType         : listened by port : 786455, 
.ReplaceFlag    : listened by port : 294920, 
----------------- KRBGroup3                     -----------
ref count      : 1
----------------- ComCPU1Memory                 -----------
ref count      : 1
.Health         : listened by port : 294920, 
----------------- KRBGroup4                     -----------
ref count      : 1
----------------- OutletTempFailInfo            -----------
ref count      : 1
----------------- GpuBrdCpldSelfCheckInfo       -----------
ref count      : 1
----------------- 1822Chip0V8LowInfo            -----------
ref count      : 1
----------------- RaidPHY1-1                    -----------
ref count      : 1
----------------- MezzSys2_5VFailInfo           -----------
ref count      : 1
----------------- Stdby1_5V_LswLowInfo          -----------
ref count      : 1
----------------- BIO3V3FailInfo                -----------
ref count      : 1
----------------- KvmLink0                      -----------
ref count      : 1
----------------- CrlOverDueInfo                -----------
ref count      : 1
----------------- Ch1MirrorFailInfo             -----------
ref count      : 1
----------------- CpuVccanaGetFailedInfo        -----------
ref count      : 1
----------------- PCIeGetSwFailInfo             -----------
ref count      : 1
----------------- KvmLink1                      -----------
ref count      : 1
----------------- Fan1Fspeed                    -----------
ref count      : 1
.Health         : listened by port : 688148, 294920, 
----------------- PCIeVoltHighMaintInfo         -----------
ref count      : 1
----------------- ACPIPowerOnMntr               -----------
ref count      : 1
.State          : listened by port : 294920, 
----------------- CpuPCIeCfgErrInfo             -----------
ref count      : 1
----------------- MeshCardMeshPortLinkDownInfo  -----------
ref count      : 1
----------------- MosTempHighMinorInfo          -----------
ref count      : 1
----------------- OcpCardTempInfo               -----------
ref count      : 1
----------------- UnitHeightExceedLimitInfo     -----------
ref count      : 1
----------------- PSeventConnector              -----------
ref count      : 1
----------------- LM75B_TE-801                  -----------
ref count      : 1
----------------- RTCTime                       -----------
ref count      : 1
.Health         : listened by port : 688148, 294920, 
----------------- LM75A_TE-901                  -----------
ref count      : 1
----------------- LM75B_TE-802                  -----------
ref count      : 1
----------------- ComHdd1-2                     -----------
ref count      : 1
.Health         : listened by port : 294920, 
----------------- EnvTempMajorInfo              -----------
ref count      : 1
----------------- LM75A_TE-902                  -----------
ref count      : 1
----------------- Mainboard1VHighInfo           -----------
ref count      : 1
----------------- ComCpu1                       -----------
ref count      : 1
.Health         : listened by port : 294920, 
----------------- PcieSlot8_36                  -----------
ref count      : 1
----------------- Ch4MirrorFailInfo             -----------
ref count      : 1
----------------- MezzSys3_3VLowInfo            -----------
ref count      : 1
----------------- NICFruFailInfo                -----------
ref count      : 1
----------------- ComCpu2                       -----------
ref count      : 1
.Health         : listened by port : 294920, 
----------------- Fan1WarningInfo               -----------
ref count      : 1
----------------- FabricLSWFaultInfo            -----------
ref count      : 1
----------------- AICORE-801                    -----------
ref count      : 1
----------------- LegacyIOResoureNotEnoughInfo  -----------
ref count      : 1
----------------- Sys12VGetFailInfo             -----------
ref count      : 1
----------------- AICORE-802                    -----------
ref count      : 1
----------------- FanInstallInfo                -----------
ref count      : 1
----------------- FabricLSWVoltFailInfo         -----------
ref count      : 1
----------------- PwrCircuitAbnormalInfo        -----------
ref count      : 1
----------------- ComputerSystem:C              -----------
ref count      : 1
----------------- BmcSerLogFullMntr             -----------
ref count      : 1
.State          : listened by port : 294920, 
----------------- PcieBBUFaultInfo              -----------
ref count      : 1
----------------- KRBCommon:C                   -----------
ref count      : 1
----------------- MemRemovedInfo                -----------
ref count      : 1
----------------- Raid:C                        -----------
ref count      : 1
----------------- IOPowerAbnorInfo              -----------
ref count      : 1
----------------- MezzOverVoltage               -----------
ref count      : 1
----------------- CPLDVer                       -----------
ref count      : 1
----------------- MezzSys1_5VHighInfo           -----------
ref count      : 1
----------------- HddReplaceInfo                -----------
ref count      : 1
----------------- LDAPCert1_10                  -----------
ref count      : 1
----------------- BaseboardId                   -----------
ref count      : 1
----------------- BusinessPort:C                -----------
ref count      : 1
----------------- PCIeRaidInitErrInfo           -----------
ref count      : 1
----------------- Hdd2-2                        -----------
ref count      : 1
.RebuildState   : listened by port : 294920, 
.Presence       : listened by port : 294920, 
.Id             : listened by port : 229382, 491534, 
.ReplaceFlag    : listened by port : 294920, 
----------------- MemConfigErrInfo              -----------
ref count      : 1
----------------- NpuTempFailedInfo             -----------
ref count      : 1
----------------- CpuDdrVddq2FailInfo           -----------
ref count      : 1
----------------- LegacyOPROMResoureNotEnoughInfo-----------
ref count      : 1
----------------- GpuBrdThermAbnormalInfo       -----------
ref count      : 1
----------------- PolicySSDTemp                 -----------
ref count      : 1
----------------- RiserCard2Connect             -----------
ref count      : 1
----------------- PcieBBURemoveInfo             -----------
ref count      : 1
----------------- PSRedundancy                  -----------
ref count      : 1
.Health         : listened by port : 688148, 294920, 
----------------- SMMCommLossInfo               -----------
ref count      : 1
----------------- i2c_4                         -----------
ref count      : 1
----------------- 1822Chip1V8HighInfo           -----------
ref count      : 1
----------------- Ch7MirrorFailInfo             -----------
ref count      : 1
----------------- BiosCertOverDueInfo           -----------
ref count      : 1
----------------- FabricLSWVcoreHighInfo        -----------
ref count      : 1
----------------- VersionChangeInfo             -----------
ref count      : 1
----------------- PcbVersion-801                -----------
ref count      : 1
----------------- MosVoltAbnormalInfo           -----------
ref count      : 1
----------------- Disk8-2                       -----------
ref count      : 1
.Health         : listened by port : 688148, 294920, 
----------------- ACPIPowerOffInfo              -----------
ref count      : 1
----------------- Fan4Fspeed                    -----------
ref count      : 1
.Health         : listened by port : 688148, 294920, 
----------------- MemBrdMixInfo                 -----------
ref count      : 1
----------------- BmcHeartbeatExpInfo           -----------
ref count      : 1
----------------- Mem1NosisyThermalPolicy       -----------
ref count      : 1
----------------- PCIeSwVcoreHighInfo           -----------
ref count      : 1
----------------- PcbVersion-802                -----------
ref count      : 1
----------------- PsTempStatus-5                -----------
ref count      : 1
.Health         : listened by port : 688148, 294920, 
----------------- InsertInvalidSlotInfo         -----------
ref count      : 1
----------------- Port0-3                       -----------
ref count      : 1
.LinkStatusBMA  : listened by port : 294920, 
.ActualMac      : listened by port : 917531, 
----------------- PsTempStatus-6                -----------
ref count      : 1
.Health         : listened by port : 688148, 294920, 
----------------- ComMemory100                  -----------
ref count      : 1
.Health         : listened by port : 294920, 
----------------- PSUSingleInLowVolInfo         -----------
ref count      : 1
----------------- HddRebuildEndInfo             -----------
ref count      : 1
----------------- Stdby1_0V_LswLowInfo          -----------
ref count      : 1
----------------- AICOREEnergyPolicy-901        -----------
ref count      : 1
----------------- Port0-4                       -----------
ref count      : 1
.LinkStatusBMA  : listened by port : 294920, 
.ActualMac      : listened by port : 917531, 
----------------- CustomizeSensorAnchor         -----------
ref count      : 1
----------------- ComMemory101                  -----------
ref count      : 1
.Health         : listened by port : 294920, 
----------------- LDAPGroup6_0                  -----------
ref count      : 1
----------------- OutletTEPolicy-901            -----------
ref count      : 1
----------------- AICOREEnergyPolicy-902        -----------
ref count      : 1
----------------- RiserCardInstalledInfo        -----------
ref count      : 1
----------------- LDAPGroup6_1                  -----------
ref count      : 1
----------------- OutletTEPolicy-902            -----------
ref count      : 1
----------------- Dimm010                       -----------
ref count      : 1
.Health         : listened by port : 688148, 294920, 
----------------- Cpu1Status                    -----------
ref count      : 1
.Health         : listened by port : 688148, 294920, 
----------------- RemoteHttpsServerRootCert:C   -----------
ref count      : 1
----------------- NoSDCardInfo                  -----------
ref count      : 1
----------------- LDAPGroup6_2                  -----------
ref count      : 1
----------------- Dimm011                       -----------
ref count      : 1
.Health         : listened by port : 688148, 294920, 
----------------- BoardIOPlugInInfo             -----------
ref count      : 1
----------------- BoardNameVariantExp-801       -----------
ref count      : 1
----------------- RaidCPLDVer-1                 -----------
ref count      : 1
----------------- LDAPGroup6_3                  -----------
ref count      : 1
----------------- Stby3_3VGetFailInfo           -----------
ref count      : 1
----------------- PchVolLowMajorInfo            -----------
ref count      : 1
----------------- PCIeVoltageUpperInfo          -----------
ref count      : 1
----------------- ComPcieRiser1                 -----------
ref count      : 1
.Health         : listened by port : 294920, 
----------------- BaseCPUHighInfo               -----------
ref count      : 1
----------------- PcieSlot2_94                  -----------
ref count      : 1
----------------- LDAPGroup6_4                  -----------
ref count      : 1
----------------- VncLink0                      -----------
ref count      : 1
----------------- RaidFru-1                     -----------
ref count      : 1
----------------- ComPcieRiser2                 -----------
ref count      : 1
.Health         : listened by port : 294920, 
----------------- BaseLSWHighInfo               -----------
ref count      : 1
----------------- MainBrdClockInfo              -----------
ref count      : 1
----------------- CpuVDDQHotInfo                -----------
ref count      : 1
----------------- ComPcieRiser3                 -----------
ref count      : 1
.Health         : listened by port : 294920, 
----------------- VncLink1                      -----------
ref count      : 1
----------------- BoardNameVariantExp-802       -----------
ref count      : 1
----------------- Fru0Elabel                    -----------
ref count      : 1
.MfgDateTime    : listened by port : 753686, 
.ProductAssetTag : listened by port : 294920, 
.BoardSerialNumber : listened by port : 294920, 65537, 
.ChassisSerialNumber : listened by port : 294920, 
----------------- CpuDdrVddq2LowInfo            -----------
ref count      : 1
----------------- LswTempFailInfo               -----------
ref count      : 1
----------------- PcieSAS3_1                    -----------
ref count      : 1
----------------- Riser3VirtualConnector        -----------
ref count      : 1
----------------- VncLink2                      -----------
ref count      : 1
----------------- PcieOverCurrentInfo           -----------
ref count      : 1
----------------- PcieSAS3_2                    -----------
ref count      : 1
----------------- FIOInletMtempInfo             -----------
ref count      : 1
----------------- PCIeSwVDDHighInfo             -----------
ref count      : 1
----------------- VncLink3                      -----------
ref count      : 1
----------------- Dimm120                       -----------
ref count      : 1
.Health         : listened by port : 688148, 294920, 
----------------- LdDegradedInfo                -----------
ref count      : 1
----------------- FIOClkInfo                    -----------
ref count      : 1
----------------- NTP:C                         -----------
ref count      : 1
----------------- CpuMemVpp2failInfo            -----------
ref count      : 1
----------------- LogicalDrive:C                -----------
ref count      : 1
----------------- Dimm121                       -----------
ref count      : 1
.Health         : listened by port : 688148, 294920, 
----------------- VncLink4                      -----------
ref count      : 1
----------------- PolicyCpu2Corem               -----------
ref count      : 1
----------------- LiquidLeakageInfo             -----------
ref count      : 1
----------------- MeshCardLinkHealthInfo        -----------
ref count      : 1
----------------- RootKey                       -----------
ref count      : 1
.WorkKey        : recv event count: 1 : listened by port : 131075, 851993, 294920, 655379, 589841, 
----------------- TrapCommWorkKey               -----------
ref count      : 1
.WorkKey        : recv event count: 1 : listened by port : 131075, 851993, 294920, 655379, 589841, 
----------------- M2TrnsCardSlot2Connect-e      -----------
ref count      : 1
----------------- SmtpConfig                    -----------
ref count      : 1
.LoginPasswdMasterKeyId : listened by port : 851993, 
----------------- PCIeFirmSelfHealInfo          -----------
ref count      : 1
----------------- DDRCalibrationInfo            -----------
ref count      : 1
----------------- Cpu2VrdTemp                   -----------
ref count      : 1
.Health         : listened by port : 688148, 294920, 
----------------- VinOvWarningInfo-5            -----------
ref count      : 1
----------------- MezzSys1_8VFailInfo           -----------
ref count      : 1
----------------- Contact:C                     -----------
ref count      : 1
----------------- Fan3PresenceThermal           -----------
ref count      : 1
----------------- CardNameVariantExp-901        -----------
ref count      : 1
----------------- Sys5VHighInfo                 -----------
ref count      : 1
----------------- OMMatchAlarmInfo              -----------
ref count      : 1
----------------- MemUtilise                    -----------
ref count      : 1
.Health         : listened by port : 688148, 294920, 
----------------- VinOvWarningInfo-6            -----------
ref count      : 1
----------------- ExpExpPHYInfo                 -----------
ref count      : 1
----------------- STB1V8PowerFailedInfo         -----------
ref count      : 1
----------------- BmcOpeLogFullInfo             -----------
ref count      : 1
----------------- CardNameVariantExp-902        -----------
ref count      : 1
----------------- RaidController-1              -----------
ref count      : 1
----------------- TrapConfig                    -----------
ref count      : 1
.CommunityMasterKeyId : listened by port : 851993, 
----------------- BIOSWorkKey                   -----------
ref count      : 1
.WorkKey        : recv event count: 1 : listened by port : 131075, 851993, 294920, 655379, 589841, 
----------------- BBUCoolingPolicy-1            -----------
ref count      : 1
----------------- Sys1_8VGetFailInfo            -----------
ref count      : 1
----------------- RiserCardVoltHighMaintInfo    -----------
ref count      : 1
----------------- LM75A_TE-801                  -----------
ref count      : 1
----------------- Hdd1RebuildEndMntr-2          -----------
ref count      : 1
.State          : listened by port : 294920, 
----------------- MMIOResoureNotEnoughInfo      -----------
ref count      : 1
----------------- ComHdd0-2                     -----------
ref count      : 1
.Health         : listened by port : 294920, 
----------------- NCBrdTempInfo                 -----------
ref count      : 1
----------------- LM75A_TE-802                  -----------
ref count      : 1
----------------- PCIeMemoryFaultCountInfo      -----------
ref count      : 1
----------------- CpuUncorrectInfo              -----------
ref count      : 1
----------------- PowerOningInfo                -----------
ref count      : 1
----------------- PICCardFailInfo               -----------
ref count      : 1
----------------- LLDPConfig                    -----------
ref count      : 1
----------------- PsIOut-5                      -----------
ref count      : 1
.Health         : listened by port : 688148, 294920, 
----------------- BMCTimeHopping                -----------
ref count      : 1
.Health         : listened by port : 688148, 294920, 
----------------- Stdby1_1VHighInfo             -----------
ref count      : 1
----------------- CpuVccioGetFailedInfo         -----------
ref count      : 1
----------------- MezzSys2_5VHighInfo           -----------
ref count      : 1
----------------- CpuPMemTempFailInfo           -----------
ref count      : 1
----------------- PsIOut-6                      -----------
ref count      : 1
.Health         : listened by port : 688148, 294920, 
----------------- SysRestartWDTInfo             -----------
ref count      : 1
----------------- ChassisCoverClosedInfo        -----------
ref count      : 1
----------------- Memory100                     -----------
ref count      : 1
.FDMFault       : listened by port : 294920, 
.ReplaceFlag    : listened by port : 294920, 
----------------- BIO3V3HighInfo                -----------
ref count      : 1
----------------- NTP                           -----------
ref count      : 1
.NtpPwdMasterKeyId : listened by port : 851993, 
.SysTimeJumpVal : listened by port : 753686, 
----------------- PowerSupplyGetFailInfo        -----------
ref count      : 1
----------------- Memory101                     -----------
ref count      : 1
.FDMFault       : listened by port : 294920, 
.ReplaceFlag    : listened by port : 294920, 
----------------- DiskArray1-102                -----------
ref count      : 1
----------------- ComSASPHY                     -----------
ref count      : 1
.Health         : listened by port : 294920, 
----------------- lswTempMajorInfo              -----------
ref count      : 1
----------------- PICCard1VLowInfo              -----------
ref count      : 1
----------------- MidPowCardEnvThermal          -----------
ref count      : 1
----------------- PCIeNCSIVirConnector          -----------
ref count      : 1
----------------- PolicyCpu1Corem               -----------
ref count      : 1
----------------- MezzSys1_5VLowInfo            -----------
ref count      : 1
----------------- InletTempCrtclInfo            -----------
ref count      : 1
----------------- Hdd1-2                        -----------
ref count      : 1
.RebuildState   : listened by port : 294920, 
.Presence       : listened by port : 294920, 
.Id             : listened by port : 229382, 491534, 
.ReplaceFlag    : listened by port : 294920, 
----------------- LicenseAlarmInfo              -----------
ref count      : 1
----------------- lom2_port0_link_mon-3         -----------
ref count      : 1
.MonSenValue    : listened by port : 294920, 
----------------- PrivilegeAgent                -----------
ref count      : 1
----------------- UnitRemoveInfo                -----------
ref count      : 1
----------------- PowerOnInfo                   -----------
ref count      : 1
----------------- lom2_port0_link_mon-4         -----------
ref count      : 1
.MonSenValue    : listened by port : 294920, 
----------------- RaidCardInstalledInfo         -----------
ref count      : 1
----------------- PolicyNICTemp-3               -----------
ref count      : 1
----------------- Cpu2VddqTemp                  -----------
ref count      : 1
.Health         : listened by port : 688148, 294920, 
----------------- SysTotalPower                 -----------
ref count      : 1
.Health         : listened by port : 688148, 294920, 
----------------- PolicyNICTemp-4               -----------
ref count      : 1
----------------- Disk7-2                       -----------
ref count      : 1
.Health         : listened by port : 688148, 294920, 
----------------- VinUvWarningInfo-5            -----------
ref count      : 1
----------------- PMemThermtripInfo             -----------
ref count      : 1
----------------- BBUModuleFaultInfo            -----------
ref count      : 1
----------------- SysRestartTurnOnPolicyMntr    -----------
ref count      : 1
.State          : listened by port : 294920, 
----------------- PSCapacityLowInfo             -----------
ref count      : 1
----------------- PowerOffTmMinExpr             -----------
ref count      : 1
.Value          : send event count: 1 : listened by port : 294920, 
----------------- NoBootPartitionInfo           -----------
ref count      : 1
----------------- VinUvWarningInfo-6            -----------
ref count      : 1
----------------- Kvm0                          -----------
ref count      : 1
----------------- hotswap0                      -----------
ref count      : 1
.CurrentHotswapState : listened by port : 917531, 458765, 
.MixHotswapState : listened by port : 294920, 786455, 
----------------- ComMemory000                  -----------
ref count      : 1
.Health         : listened by port : 294920, 
----------------- Stdby3_3V_LswClockLowInfo     -----------
ref count      : 1
----------------- MeshCardCpuPortLinkDownInfo   -----------
ref count      : 1
----------------- AICOREEnergyPolicy-801        -----------
ref count      : 1
----------------- GetServPwrInfoFailedInfo      -----------
ref count      : 1
----------------- ComMemory001                  -----------
ref count      : 1
.Health         : listened by port : 294920, 
----------------- LDAPGroup5_0                  -----------
ref count      : 1
----------------- WOLSignalErrorInfo            -----------
ref count      : 1
----------------- BBUAccessTempFailInfo         -----------
ref count      : 1
----------------- OutletTEPolicy-801            -----------
ref count      : 1
----------------- AICOREEnergyPolicy-802        -----------
ref count      : 1
----------------- BMCMinorOverTempInfo          -----------
ref count      : 1
----------------- BasePlanePowerOffingInfo      -----------
ref count      : 1
----------------- Cpu2Prochot                   -----------
ref count      : 1
.Health         : listened by port : 688148, 294920, 
----------------- LDAPGroup5_1                  -----------
ref count      : 1
----------------- OutletTEPolicy-802            -----------
ref count      : 1
----------------- IssuerSSL                     -----------
ref count      : 1
.SSLMasterKeyId : listened by port : 851993, 
.CertStatus     : listened by port : 589841, 
----------------- ComBMA                        -----------
ref count      : 1
.Health         : listened by port : 294920, 
----------------- Dump:C                        -----------
ref count      : 1
----------------- IoutOcWarningInfo-5           -----------
ref count      : 1
----------------- SecurityEnhance:C             -----------
ref count      : 1
----------------- RaidCardTemp-1                -----------
ref count      : 1
.Health         : listened by port : 688148, 294920, 
----------------- LDAPGroup5_2                  -----------
ref count      : 1
----------------- veth                          -----------
ref count      : 1
.VlanID         : listened by port : 589841, 
----------------- SMezzPowerOnInfo              -----------
ref count      : 1
----------------- risercard-8                   -----------
ref count      : 1
.Health         : listened by port : 294920, 
.ReplaceFlag    : listened by port : 294920, 
----------------- CpuMatchCfgErrInfo            -----------
ref count      : 1
----------------- NoMainBoardInfo               -----------
ref count      : 1
----------------- IoutOcWarningInfo-6           -----------
ref count      : 1
----------------- LDAPGroup5_3                  -----------
ref count      : 1
----------------- CARD1com                      -----------
ref count      : 1
----------------- ComBMC                        -----------
ref count      : 1
.Health         : listened by port : 294920, 
----------------- CpuDdrVddq2HighInfo           -----------
ref count      : 1
----------------- risercard-9                   -----------
ref count      : 1
.Health         : listened by port : 294920, 
.ReplaceFlag    : listened by port : 294920, 
----------------- HighPowCardEnvThermal         -----------
ref count      : 1
----------------- RAIDBBULowInfo                -----------
ref count      : 1
----------------- LDAPGroup5_4                  -----------
ref count      : 1
----------------- BBULowVoltageMajorInfo        -----------
ref count      : 1
----------------- PCIeRaidComLossInfo           -----------
ref count      : 1
----------------- MutualAuthentication          -----------
ref count      : 1
.MutualAuthenticationOCSP : listened by port : 851993, 589841, 
.MutualAuthenticationState : listened by port : 851993, 589841, 
.MutualAuthenticationCRL : listened by port : 589841, 
----------------- EnergySavingCancelInfo        -----------
ref count      : 1
----------------- ComMemory110                  -----------
ref count      : 1
.Health         : listened by port : 294920, 
----------------- MasteriBMCPresentInfo         -----------
ref count      : 1
----------------- GpuCarrBoardVoltHighInfo      -----------
ref count      : 1
----------------- lom_entity-3                  -----------
ref count      : 1
.Health         : listened by port : 294920, 
----------------- CpuVccioHighInfo              -----------
ref count      : 1
----------------- PolicyInnerDiskTemp           -----------
ref count      : 1
----------------- ComMemory111                  -----------
ref count      : 1
.Health         : listened by port : 294920, 
----------------- PsStatus-5                    -----------
ref count      : 1
.Health         : listened by port : 688148, 294920, 
----------------- EiuaVoltGetFailInfo           -----------
ref count      : 1
----------------- Cpu1Presentinfo               -----------
ref count      : 1
----------------- PowerOnReqInfo                -----------
ref count      : 1
----------------- CpuDdrVddq1LowInfo            -----------
ref count      : 1
----------------- lom_entity-4                  -----------
ref count      : 1
.Health         : listened by port : 294920, 
----------------- PcieSAS2_1                    -----------
ref count      : 1
----------------- PsStatus-6                    -----------
ref count      : 1
.Health         : listened by port : 688148, 294920, 
----------------- Sys12VHighInfo                -----------
ref count      : 1
----------------- Stdby5VLowInfo                -----------
ref count      : 1
----------------- DefaultInletPolicy            -----------
ref count      : 1
----------------- BMAHeartBeat                  -----------
ref count      : 1
.Health         : listened by port : 688148, 294920, 
----------------- PcieSAS2_2                    -----------
ref count      : 1
----------------- SystemManagerInfo:C           -----------
ref count      : 1
----------------- InletTempFailInfo             -----------
ref count      : 1
----------------- Dimm020                       -----------
ref count      : 1
.Health         : listened by port : 688148, 294920, 
----------------- PermitRule:C                  -----------
ref count      : 1
----------------- Dimm021                       -----------
ref count      : 1
.Health         : listened by port : 688148, 294920, 
----------------- EthHeartAbnorInfo             -----------
ref count      : 1
----------------- VLANConnector                 -----------
ref count      : 1
----------------- VinOvFaultInfo                -----------
ref count      : 1
----------------- UpgradeFileWorkKey            -----------
ref count      : 1
.WorkKey        : recv event count: 1 : listened by port : 131075, 851993, 294920, 655379, 589841, 
----------------- MemInitErrorInfo              -----------
ref count      : 1
----------------- DiskMaxTempMajorInfo          -----------
ref count      : 1
----------------- Cpu1VrdTemp                   -----------
ref count      : 1
.Health         : listened by port : 688148, 294920, 
----------------- MeshCardNpPortLinkDownInfo    -----------
ref count      : 1
----------------- MainBoardOMTempInfo           -----------
ref count      : 1
----------------- MezzSys3_3VFailInfo           -----------
ref count      : 1
----------------- SensorConnect                 -----------
ref count      : 1
----------------- PCIeFPGACard-901              -----------
ref count      : 1
----------------- CardNameVariantExp-801        -----------
ref count      : 1
----------------- MeshCardVoltHighInfo          -----------
ref count      : 1
----------------- Dimm130                       -----------
ref count      : 1
.Health         : listened by port : 688148, 294920, 
----------------- PcbVersion-2                  -----------
ref count      : 1
----------------- CardNameVariantExp-802        -----------
ref count      : 1
----------------- PCIeFPGACard-902              -----------
ref count      : 1
----------------- TimOutNoActInfo               -----------
ref count      : 1
----------------- Stby5VGetFailInfo             -----------
ref count      : 1
----------------- Dimm131                       -----------
ref count      : 1
.Health         : listened by port : 688148, 294920, 
----------------- UbootVer                      -----------
ref count      : 1
----------------- CpuRemovedInfo                -----------
ref count      : 1
----------------- LswTempMinorInfo              -----------
ref count      : 1
----------------- NPUEccCountInfo               -----------
ref count      : 1
----------------- Kvm:C                         -----------
ref count      : 1
----------------- SysRaidFailInfo               -----------
ref count      : 1
----------------- LicenseGeneralInfo:C          -----------
ref count      : 1
----------------- VideoCtrlFailInfo             -----------
ref count      : 1
----------------- LogicalDriveDynamicConnector  -----------
ref count      : 1
----------------- Stateless0                    -----------
ref count      : 1
.AutoPowerOn    : listened by port : 917531, 
----------------- SysRaidLowInfo                -----------
ref count      : 1
----------------- VoutUvWarningInfo             -----------
ref count      : 1
----------------- NICVoltLowInfo                -----------
ref count      : 1
----------------- BrdInstallNoProInfo           -----------
ref count      : 1
----------------- PchPrim1V05VLowInfo           -----------
ref count      : 1
----------------- SystemNotice                  -----------
ref count      : 1
.Health         : listened by port : 688148, 294920, 
----------------- SyslogItemCfg:C               -----------
ref count      : 1
----------------- ProxyKvm:C                    -----------
ref count      : 1
----------------- GPUFru-901                    -----------
ref count      : 1
----------------- PolicyHDDTemp                 -----------
ref count      : 1
----------------- SysRestartPwrBtnInfo          -----------
ref count      : 1
----------------- BasePlanePowerOffReqInfo      -----------
ref count      : 1
----------------- PMEServiceConfig:C            -----------
ref count      : 1
----------------- RAIDArrayFailedInfo           -----------
ref count      : 1
----------------- FWMismatchInfo                -----------
ref count      : 1
----------------- Vmm0                          -----------
ref count      : 1
----------------- InsufficientBBUPowerInfo      -----------
ref count      : 1
----------------- CpuDDRVPP_CDHighInfo          -----------
ref count      : 1
----------------- Memory000                     -----------
ref count      : 1
.FDMFault       : listened by port : 294920, 
.ReplaceFlag    : listened by port : 294920, 
----------------- HPREFeatureKey                -----------
ref count      : 1
----------------- BusinessIntInfo               -----------
ref count      : 1
----------------- Memory001                     -----------
ref count      : 1
.FDMFault       : listened by port : 294920, 
.ReplaceFlag    : listened by port : 294920, 
----------------- PcbVersion-8                  -----------
ref count      : 1
----------------- port2_link_status_exp-3       -----------
ref count      : 1
.Value          : send event count: 1 : listened by port : 294920, 
----------------- RTCBatteryInfo                -----------
ref count      : 1
----------------- CpuVDDQ_CDLowInfo             -----------
ref count      : 1
----------------- BootError                     -----------
ref count      : 1
.Health         : listened by port : 688148, 294920, 
----------------- PSUInletTempCrtInfo           -----------
ref count      : 1
----------------- MeshCardFRUReadFailInfo       -----------
ref count      : 1
----------------- MezzSys1_8VHighInfo           -----------
ref count      : 1
----------------- PcbVersion-9                  -----------
ref count      : 1
----------------- SysRAIDNumErrInfo             -----------
ref count      : 1
----------------- port2_link_status_exp-4       -----------
ref count      : 1
.Value          : listened by port : 294920, 
----------------- ExpBoardReplaceInfo           -----------
ref count      : 1
----------------- PwrBkpOverTempInfo            -----------
ref count      : 1
----------------- MemTempMajorInfo              -----------
ref count      : 1
----------------- PeripheralDeviceSensor:C      -----------
ref count      : 1
----------------- Hdd0-2                        -----------
ref count      : 1
.RebuildState   : listened by port : 294920, 
.Presence       : listened by port : 294920, 
.Id             : listened by port : 229382, 491534, 
.ReplaceFlag    : listened by port : 294920, 
----------------- GPUFru-902                    -----------
ref count      : 1
----------------- ComPcieCard-901               -----------
ref count      : 1
.Health         : listened by port : 294920, 
----------------- InnerBackplaneConnect         -----------
ref count      : 1
----------------- MezzSys12VLowInfo             -----------
ref count      : 1
----------------- LomCardFru-3                  -----------
ref count      : 1
----------------- Disk8ForeignMntr-2            -----------
ref count      : 1
.State          : listened by port : 294920, 
----------------- VoutOvWarningInfo-5           -----------
ref count      : 1
----------------- UIDLed                        -----------
ref count      : 1
----------------- MezzCardPresentInfo           -----------
ref count      : 1
----------------- ComPcieCard-902               -----------
ref count      : 1
.Health         : listened by port : 294920, 
----------------- LomCardFru-4                  -----------
ref count      : 1
----------------- CpuMemVpp1HighInfo            -----------
ref count      : 1
----------------- Stdby1_8VHighInfo             -----------
ref count      : 1
----------------- VoutOvWarningInfo-6           -----------
ref count      : 1
----------------- CpuMemTempFailInfo            -----------
ref count      : 1
----------------- MngtPortCap                   -----------
ref count      : 1
----------------- Port2LinkDownMntr-3           -----------
ref count      : 1
.State          : listened by port : 294920, 
----------------- NoPXEInfo                     -----------
ref count      : 1
----------------- Disk6-2                       -----------
ref count      : 1
.Health         : listened by port : 688148, 294920, 
----------------- IOBoardTempReadFailInfo       -----------
ref count      : 1
----------------- PCIeSwVDDLowerInfo            -----------
ref count      : 1
----------------- Elabel:C                      -----------
ref count      : 1
----------------- Memory110                     -----------
ref count      : 1
.FDMFault       : listened by port : 294920, 
.ReplaceFlag    : listened by port : 294920, 
----------------- RiserTempFailInfo             -----------
ref count      : 1
----------------- Port2LinkDownMntr-4           -----------
ref count      : 1
.State          : listened by port : 294920, 
----------------- MezzCardFaultInfo             -----------
ref count      : 1
----------------- Memory111                     -----------
ref count      : 1
.FDMFault       : listened by port : 294920, 
.ReplaceFlag    : listened by port : 294920, 
----------------- RaidTempReadFailInfo          -----------
ref count      : 1
----------------- PICCardHighInfo               -----------
ref count      : 1
----------------- ACChassisCoverOpenInfo        -----------
ref count      : 1
----------------- DiskPartitionUsageInfo        -----------
ref count      : 1
----------------- SwitchMezzFaultInfo           -----------
ref count      : 1
----------------- port4_link_status_exp-3       -----------
ref count      : 1
.Value          : send event count: 1 : listened by port : 294920, 
----------------- LogicalDriveConnector-1       -----------
ref count      : 1
----------------- M2TrnsCardSlot3Connect-8      -----------
ref count      : 1
----------------- PwrCapErrInfo                 -----------
ref count      : 1
----------------- ComCPU2Memory                 -----------
ref count      : 1
.Health         : listened by port : 294920, 
----------------- LDAPCert3_10                  -----------
ref count      : 1
----------------- BmcStartACInfo                -----------
ref count      : 1
----------------- port4_link_status_exp-4       -----------
ref count      : 1
.Value          : listened by port : 294920, 
----------------- M2TrnsCardSlot3Connect-9      -----------
ref count      : 1
----------------- InletTEPolicy-901             -----------
ref count      : 1
----------------- VoutOvWarningInfo             -----------
ref count      : 1
----------------- RackPwrCapHighLoadInfo        -----------
ref count      : 1
----------------- Mem1HighPerThermalPolicy      -----------
ref count      : 1
----------------- EnRackPowCapInfo              -----------
ref count      : 1
----------------- Bios                          -----------
ref count      : 1
.PcieCardBDF    : listened by port : 458765, 
.MenuChangeFlag : listened by port : 458765, 
.StartOption    : listened by port : 131075, 
.PcieDiskBDF    : listened by port : 458765, 
.OCPCardBDF     : listened by port : 458765, 
.SystemStartupState : listened by port : 917531, 491534, 
.BiosBootStage  : listened by port : 458765, 
.BiosPwdMasterKeyId : listened by port : 851993, 
----------------- PcieCardMcuVer-901            -----------
ref count      : 1
----------------- LDAPGroup4_0                  -----------
ref count      : 1
----------------- VinOvWarningInfo              -----------
ref count      : 1
----------------- Cpu1Memory                    -----------
ref count      : 1
.Health         : listened by port : 688148, 294920, 
----------------- InletTEPolicy-902             -----------
ref count      : 1
----------------- LDAPGroup4_1                  -----------
ref count      : 1
----------------- OcpTempReadFailInfo           -----------
ref count      : 1
----------------- PICCard1VFailInfo             -----------
ref count      : 1
----------------- PcieCardMcuVer-902            -----------
ref count      : 1
----------------- MutualAuthenticationCliCert1  -----------
ref count      : 1
----------------- DevShortTermSpecInfo          -----------
ref count      : 1
----------------- PICCard3V3LowInfo             -----------
ref count      : 1
----------------- LDAPGroup4_2                  -----------
ref count      : 1
----------------- DiskLinkInfo                  -----------
ref count      : 1
----------------- CpuJCTempMajorInfo            -----------
ref count      : 1
----------------- MutualAuthenticationCliCert2  -----------
ref count      : 1
----------------- FabricPowerOnInfo             -----------
ref count      : 1
----------------- LDAPGroup4_3                  -----------
ref count      : 1
----------------- RecovErrorInfo                -----------
ref count      : 1
----------------- RAIDcom                       -----------
ref count      : 1
----------------- RaidRebuildFailInfo           -----------
ref count      : 1
----------------- Video:C                       -----------
ref count      : 1
----------------- RackCableConnectedInfo        -----------
ref count      : 1
----------------- PCIeCardPowerInfo             -----------
ref count      : 1
----------------- MutualAuthenticationCliCert3  -----------
ref count      : 1
----------------- LDAP:C                        -----------
ref count      : 1
----------------- LeftOMModuleInfo              -----------
ref count      : 1
----------------- CpuUtilise                    -----------
ref count      : 1
.Health         : listened by port : 688148, 294920, 
----------------- LDAPGroup4_4                  -----------
ref count      : 1
----------------- RaidPcbVersion-1              -----------
ref count      : 1
----------------- ComMemory010                  -----------
ref count      : 1
.Health         : listened by port : 294920, 
----------------- LDAPWorkKey                   -----------
ref count      : 1
.WorkKey        : recv event count: 1 : listened by port : 131075, 851993, 294920, 655379, 589841, 
----------------- BBULowVoltageMinorInfo        -----------
ref count      : 1
----------------- MutualAuthenticationCliCert4  -----------
ref count      : 1
----------------- Fan2Fspeed                    -----------
ref count      : 1
.Health         : listened by port : 688148, 294920, 
----------------- MezzSys12VHighInfo            -----------
ref count      : 1
----------------- ExpRAIDPHYInfo                -----------
ref count      : 1
----------------- ComMemory011                  -----------
ref count      : 1
.Health         : listened by port : 294920, 
----------------- TimeHoppingInfo               -----------
ref count      : 1
----------------- UnrecovErrorInfo              -----------
ref count      : 1
----------------- MutualAuthenticationCliCert5  -----------
ref count      : 1
----------------- PcieSAS1_1                    -----------
ref count      : 1
----------------- CpuHccsLinkInfo               -----------
ref count      : 1
----------------- Disk0StatErrMntr-2            -----------
ref count      : 1
.State          : listened by port : 294920, 
----------------- PcieSlotExp3-8                -----------
ref count      : 1
.Value          : listened by port : 294920, 
----------------- MutualAuthenticationCliCert6  -----------
ref count      : 1
----------------- HddPredicFailInfo             -----------
ref count      : 1
----------------- PcieSAS1_2                    -----------
ref count      : 1
----------------- PowerOffingInfo               -----------
ref count      : 1
----------------- VoutUvWarningInfo-5           -----------
ref count      : 1
----------------- NpuCoreTempMinorInfo          -----------
ref count      : 1
----------------- MutualAuthenticationCliCert7  -----------
ref count      : 1
----------------- FanStatusInfo                 -----------
ref count      : 1
----------------- CpuNavsGetFailedInfo          -----------
ref count      : 1
----------------- SwitchBrdClkInfo              -----------
ref count      : 1
----------------- VoutUvWarningInfo-6           -----------
ref count      : 1
----------------- LicenseSaleItem:C             -----------
ref count      : 1
----------------- MutualAuthenticationCliCert8  -----------
ref count      : 1
----------------- SSHDWorkKey                   -----------
ref count      : 1
.WorkKey        : recv event count: 1 : listened by port : 131075, 851993, 294920, 655379, 589841, 
----------------- PCHVIOFailInfo                -----------
ref count      : 1
----------------- HddInsertInfo                 -----------
ref count      : 1
----------------- CpuMemHotInfo                 -----------
ref count      : 1
----------------- PwrOnTimeOut                  -----------
ref count      : 1
.Health         : listened by port : 688148, 294920, 
----------------- PcieSlot4_94                  -----------
ref count      : 1
----------------- PolicySfpTemp                 -----------
ref count      : 1
----------------- MutualAuthenticationCliCert9  -----------
ref count      : 1
----------------- BBUMOSOverTempPrtcInfo        -----------
ref count      : 1
----------------- ComMemory120                  -----------
ref count      : 1
.Health         : listened by port : 294920, 
----------------- BOARD                         -----------
ref count      : 1
.SlotId         : listened by port : 917531, 753686, 
----------------- SysFwProgress                 -----------
ref count      : 1
.Health         : listened by port : 688148, 294920, 
----------------- Fan2FPresence                 -----------
ref count      : 1
.Health         : listened by port : 688148, 294920, 
----------------- CpuInstallInfo                -----------
ref count      : 1
----------------- InletTempMajorInfo            -----------
ref count      : 1
----------------- FabricCPUTempMajorInfo        -----------
ref count      : 1
----------------- EnergySavePolicyOutletTemp    -----------
ref count      : 1
----------------- CpuVmcpLowInfo                -----------
ref count      : 1
----------------- ComMemory121                  -----------
ref count      : 1
.Health         : listened by port : 294920, 
----------------- FIOClkPSUInfo                 -----------
ref count      : 1
----------------- BIO12VLowInfo                 -----------
ref count      : 1
----------------- MRCFatalErrInfo               -----------
ref count      : 1
----------------- SlotNumberFailInfo            -----------
ref count      : 1
----------------- PCIeFPGACard-801              -----------
ref count      : 1
----------------- Snmp:C                        -----------
ref count      : 1
----------------- FanFailureInfo                -----------
ref count      : 1
----------------- VirHddBackCardConnect         -----------
ref count      : 1
----------------- GpuBrdMosOverTempInfo         -----------
ref count      : 1
----------------- Dimm030                       -----------
ref count      : 1
.Health         : listened by port : 688148, 294920, 
----------------- BasePlanePowerOnInfo          -----------
ref count      : 1
----------------- Sys5VGetFailInfo              -----------
ref count      : 1
----------------- PCIeFPGACard-802              -----------
ref count      : 1
----------------- InletTempLowerMajorInfo       -----------
ref count      : 1
----------------- Dimm031                       -----------
ref count      : 1
.Health         : listened by port : 688148, 294920, 
----------------- 1822Chip1V8LowInfo            -----------
ref count      : 1
----------------- OtWarningInfo-5               -----------
ref count      : 1
----------------- HpcTypeCfgExpInfo             -----------
ref count      : 1
----------------- RearBackplaneConnect          -----------
ref count      : 1
----------------- PsAddrFaultInfo               -----------
ref count      : 1
----------------- FanBoardReplaceInfo           -----------
ref count      : 1
----------------- OtWarningInfo-6               -----------
ref count      : 1
----------------- HDDBkpVolFailInfo             -----------
ref count      : 1
----------------- NoDiskInfo                    -----------
ref count      : 1
----------------- GPUFru-801                    -----------
ref count      : 1
----------------- PSUIdConflictInfo             -----------
ref count      : 1
----------------- MainboardTempMajorInfo        -----------
ref count      : 1
----------------- ComFan1                       -----------
ref count      : 1
.Health         : listened by port : 294920, 
----------------- TEEOSVer                      -----------
ref count      : 1
----------------- PCIeCardPFAEInfo              -----------
ref count      : 1
----------------- MosVoltDropMaintenanceInfo    -----------
ref count      : 1
----------------- ChassisPayload                -----------
ref count      : 1
.RestartValue   : listened by port : 294920, 425996, 
.AcpiValue      : listened by port : 294920, 
.BoardStableStatus : listened by port : 819224, 
.AcpiStatus     : listened by port : 720917, 
.PwrButtonFlag  : listened by port : 294920, 
.PwrOkSigDrop   : listened by port : 294920, 
.ChassisPowerState : listened by port : 131075, 524303, 327689, 294920, 720917, 786455, 458765, 557072, 425996, 262151, 491534, 
.PowerGd        : listened by port : 688148, 
.ResetFlag      : listened by port : 294920, 524303, 327689, 786455, 458765, 557072, 425996, 491534, 
.SysResetFlag   : listened by port : 131075, 524303, 327689, 294920, 786455, 458765, 557072, 425996, 262151, 491534, 32768, 
----------------- GPUFru-802                    -----------
ref count      : 1
----------------- ComFan2                       -----------
ref count      : 1
.Health         : listened by port : 294920, 
----------------- MeshTempGetFailInfo           -----------
ref count      : 1
----------------- Dimm140                       -----------
ref count      : 1
.Health         : listened by port : 688148, 294920, 
----------------- MezzTempMinorInfo             -----------
ref count      : 1
----------------- LicenseSaleInfo               -----------
ref count      : 1
----------------- ComNICCard-3                  -----------
ref count      : 1
.Health         : listened by port : 294920, 
----------------- DNSSetting                    -----------
ref count      : 1
.DomainName     : listened by port : 589841, 
----------------- ComFan3                       -----------
ref count      : 1
.Health         : listened by port : 294920, 
----------------- FdmWebConfig                  -----------
ref count      : 1
----------------- Fan1FStatusThermal            -----------
ref count      : 1
----------------- HeatExp                       -----------
ref count      : 1
.Value          : send event count: 1195882 : listened by port : 294920, 
----------------- RDEFeatureKey                 -----------
ref count      : 1
----------------- Dimm141                       -----------
ref count      : 1
.Health         : listened by port : 688148, 294920, 
----------------- LcdInstalledInfo              -----------
ref count      : 1
----------------- Cooling                       -----------
ref count      : 1
----------------- ComNICCard-4                  -----------
ref count      : 1
.Health         : listened by port : 294920, 
----------------- ComFan4                       -----------
ref count      : 1
.Health         : listened by port : 294920, 
----------------- RFBAFailureInfo               -----------
ref count      : 1
----------------- risercard-e                   -----------
ref count      : 1
.Health         : listened by port : 294920, 
.ReplaceFlag    : listened by port : 294920, 
----------------- CpuVmcpGetFailedInfo          -----------
ref count      : 1
----------------- CpuChannelFdmFaultInfo        -----------
ref count      : 1
----------------- Cpu1DefaultCoreTempThermal    -----------
ref count      : 1
----------------- LswChipFaultInfo              -----------
ref count      : 1
----------------- PchClockLostInfo              -----------
ref count      : 1
----------------- Cpu2Status                    -----------
ref count      : 1
.Health         : listened by port : 688148, 294920, 
----------------- PCIeSysLoadStatusInfo         -----------
ref count      : 1
----------------- PSUReplaceInfo                -----------
ref count      : 1
----------------- MezzStandby3_3VFailInfo       -----------
ref count      : 1
----------------- MemPrefailureInfo             -----------
ref count      : 1
----------------- RackPowCapFailCriticalInfo    -----------
ref count      : 1
----------------- SMMVersionDiffInfo            -----------
ref count      : 1
----------------- 1711Policy                    -----------
ref count      : 1
----------------- ComPcieCard-801               -----------
ref count      : 1
.Health         : listened by port : 294920, 
----------------- NCBrdTempFailInfo             -----------
ref count      : 1
----------------- ComPcieCard-802               -----------
ref count      : 1
.Health         : listened by port : 294920, 
----------------- InletTemp                     -----------
ref count      : 1
.Health         : listened by port : 688148, 294920, 
----------------- PCIeChipStatusAbnormalInfo    -----------
ref count      : 1
----------------- UnitInsertInfo                -----------
ref count      : 1
----------------- LswOutPortLinkDownInfo        -----------
ref count      : 1
----------------- TrapItemCfg:C                 -----------
ref count      : 1
----------------- Disk5-2                       -----------
ref count      : 1
.Health         : listened by port : 688148, 294920, 
----------------- Memory010                     -----------
ref count      : 1
.FDMFault       : listened by port : 294920, 
.ReplaceFlag    : listened by port : 294920, 
----------------- Stby1_2VGetFailInfo           -----------
ref count      : 1
----------------- SysRaidHighInfo               -----------
ref count      : 1
----------------- RiserCardVoltLowInfo          -----------
ref count      : 1
----------------- SSDPConfig:C                  -----------
ref count      : 1
----------------- PchPrim1V05VGetFailedInfo     -----------
ref count      : 1
----------------- FabricCPUTempFailInfo         -----------
ref count      : 1
----------------- Cpu1VrdTempThermal            -----------
ref count      : 1
----------------- PowerOffReqInfo               -----------
ref count      : 1
----------------- Memory011                     -----------
ref count      : 1
.FDMFault       : listened by port : 294920, 
.ReplaceFlag    : listened by port : 294920, 
----------------- Stdby3_3VHighInfo             -----------
ref count      : 1
----------------- FabricPowerOningInfo          -----------
ref count      : 1
----------------- LicenseManage                 -----------
ref count      : 1
----------------- CpuMemVpp2LowInfo             -----------
ref count      : 1
----------------- Fan4FStatusThermal            -----------
ref count      : 1
----------------- PsuMixInsertSupInfo           -----------
ref count      : 1
----------------- hddbp_48_PcieAddr_Connector   -----------
ref count      : 1
----------------- Fan1PresenceThermal           -----------
ref count      : 1
----------------- NPUFailedVoltageInfo          -----------
ref count      : 1
----------------- InletTEPolicy-801             -----------
ref count      : 1
----------------- CardDescVariantExp-901        -----------
ref count      : 1
----------------- ElectValveOut12VLowInfo       -----------
ref count      : 1
----------------- User:C                        -----------
ref count      : 1
----------------- LDAPGroup3_0                  -----------
ref count      : 1
----------------- Disk1FailMntr-2               -----------
ref count      : 1
.State          : listened by port : 294920, 
----------------- PowerAbnormalInfo             -----------
ref count      : 1
----------------- PcieCardMcuVer-801            -----------
ref count      : 1
----------------- LcdRemovedInfo                -----------
ref count      : 1
----------------- Anchor:C                      -----------
ref count      : 1
----------------- CpuErrorInfo                  -----------
ref count      : 1
----------------- CardDescVariantExp-902        -----------
ref count      : 1
----------------- MemBrdTempGetFailInfo         -----------
ref count      : 1
----------------- Stby1_0VLswCoreGetFailInfo    -----------
ref count      : 1
----------------- LDAPGroup3_1                  -----------
ref count      : 1
----------------- MbdMosDropMajorInfo           -----------
ref count      : 1
----------------- PcieCardMcuVer-802            -----------
ref count      : 1
----------------- MemNVDIMMErrorInfo            -----------
ref count      : 1
----------------- FabricSWOverTempMinorInfo     -----------
ref count      : 1
----------------- InletTEPolicy-802             -----------
ref count      : 1
----------------- LDAPGroup3_2                  -----------
ref count      : 1
----------------- MezzCardPFAEInfo              -----------
ref count      : 1
----------------- PCIeGetMiHeFailInfo           -----------
ref count      : 1
----------------- SasPCIeConErrInfo             -----------
ref count      : 1
----------------- Memory120                     -----------
ref count      : 1
.FDMFault       : listened by port : 294920, 
.ReplaceFlag    : listened by port : 294920, 
----------------- VncLink:C                     -----------
ref count      : 1
----------------- CpuJCTempMinorInfo            -----------
ref count      : 1
----------------- IOBoardReplaceInfo            -----------
ref count      : 1
----------------- PCIePowerUpDownInfo           -----------
ref count      : 1
----------------- MemMRCFatalErrInfo            -----------
ref count      : 1
----------------- FdmConfig:C                   -----------
ref count      : 1
----------------- LDAPGroup3_3                  -----------
ref count      : 1
----------------- Memory121                     -----------
ref count      : 1
.FDMFault       : listened by port : 294920, 
.ReplaceFlag    : listened by port : 294920, 
----------------- CpuP1v8LowInfo                -----------
ref count      : 1
----------------- Sys3_3VHighInfo               -----------
ref count      : 1
----------------- PchVpvnnVLowInfo              -----------
ref count      : 1
----------------- LDAPGroup3_4                  -----------
ref count      : 1
----------------- PSULocationExp-5              -----------
ref count      : 1
----------------- CpuDdrvddGetFailedInfo        -----------
ref count      : 1
----------------- Sys12VLowInfo                 -----------
ref count      : 1
----------------- HDDBkpVolHighMajorInfo        -----------
ref count      : 1
----------------- DiskArray2-102                -----------
ref count      : 1
----------------- Eth:C                         -----------
ref count      : 1
----------------- PchVpvnnVHighInfo             -----------
ref count      : 1
----------------- PSULocationExp-6              -----------
ref count      : 1
----------------- PCIeInspectFailInfo           -----------
ref count      : 1
----------------- PCIeGetHardInfoFailInfo       -----------
ref count      : 1
----------------- Stdby5VHighInfo               -----------
ref count      : 1
----------------- CpuVRHotInfo                  -----------
ref count      : 1
----------------- MainBoardVoltLowMaintenanceInfo-----------
ref count      : 1
----------------- PICInstalledInfo              -----------
ref count      : 1
----------------- PCHPFAEInfo                   -----------
ref count      : 1
----------------- PcieSlotExp2-8                -----------
ref count      : 1
.Value          : listened by port : 294920, 
----------------- RaidController:C              -----------
ref count      : 1
----------------- PcieSlotExp2-9                -----------
ref count      : 1
.Value          : listened by port : 294920, 
----------------- Cpu1NosisyCoreTempThermal     -----------
ref count      : 1
----------------- lom1_port1_link_mon-3         -----------
ref count      : 1
.MonSenValue    : listened by port : 294920, 
----------------- PCIePowerUpPeakInfo           -----------
ref count      : 1
----------------- PowerButton                   -----------
ref count      : 1
.Health         : listened by port : 688148, 294920, 
----------------- RtcBattery                    -----------
ref count      : 1
.Health         : listened by port : 688148, 294920, 
----------------- CPDefault8038+                -----------
ref count      : 1
----------------- Hdd0MdWroutLowMntr-2          -----------
ref count      : 1
.State          : listened by port : 294920, 
----------------- PortUpgradeFailInfo           -----------
ref count      : 1
----------------- lom1_port1_link_mon-4         -----------
ref count      : 1
.MonSenValue    : listened by port : 294920, 
----------------- GpuBoardClockOffsetInfo       -----------
ref count      : 1
----------------- MbdMosDropCriticalInfo        -----------
ref count      : 1
----------------- SmtpItemCfg:C                 -----------
ref count      : 1
----------------- CpuVsaLowInfo                 -----------
ref count      : 1
----------------- ComCable                      -----------
ref count      : 1
.Health         : listened by port : 294920, 
----------------- HDDBackplane-2                -----------
ref count      : 1
.ReplaceFlag    : listened by port : 294920, 
----------------- FCCardConnector               -----------
ref count      : 1
----------------- DiskPwrGdInfo                 -----------
ref count      : 1
----------------- BaseCPUTempFailInfo           -----------
ref count      : 1
----------------- PcbVersion-e                  -----------
ref count      : 1
----------------- PsPOut-5                      -----------
ref count      : 1
.Health         : listened by port : 688148, 294920, 
----------------- PICCard1VHighInfo             -----------
ref count      : 1
----------------- MutualAuthenticationRootCert:C-----------
ref count      : 1
----------------- ChassisCoverOpenInfo          -----------
ref count      : 1
----------------- ComMemory020                  -----------
ref count      : 1
.Health         : listened by port : 294920, 
----------------- CpuNumExp                     -----------
ref count      : 1
.Value          : send event count: 1 : listened by port : 294920, 
----------------- PsPOut-6                      -----------
ref count      : 1
.Health         : listened by port : 688148, 294920, 
----------------- NandWriteInfo                 -----------
ref count      : 1
----------------- BaseLSWOvertempMajorInfo      -----------
ref count      : 1
----------------- CpuDdrVddq1FailInfo           -----------
ref count      : 1
----------------- ComMemory021                  -----------
ref count      : 1
.Health         : listened by port : 294920, 
----------------- SystemErrorInfo               -----------
ref count      : 1
----------------- PwdWorkKey                    -----------
ref count      : 1
.WorkKey        : recv event count: 1 : listened by port : 131075, 851993, 294920, 655379, 589841, 
----------------- GpuBoardTempGetFailInfo       -----------
ref count      : 1
----------------- CpuVddfixLowInfo              -----------
ref count      : 1
----------------- OcpCardPFAEInfo               -----------
ref count      : 1
----------------- AirCoolingConfigConnector     -----------
ref count      : 1
----------------- BaseLSWTempFailInfo           -----------
ref count      : 1
----------------- PassCardInstalledInfo         -----------
ref count      : 1
----------------- PSUInletTempMajorInfo         -----------
ref count      : 1
----------------- CpuHVCCHighInfo               -----------
ref count      : 1
----------------- Hdd1RebuildStartMntr-2        -----------
ref count      : 1
.State          : listened by port : 294920, 
----------------- MezzSys1_8VLowInfo            -----------
ref count      : 1
----------------- FabricPowerOnReqInfo          -----------
ref count      : 1
----------------- MemPFAEInfo                   -----------
ref count      : 1
----------------- RAIDBBUFaultInfo              -----------
ref count      : 1
----------------- GPUOutletTemp-901             -----------
ref count      : 1
.Health         : listened by port : 688148, 294920, 
----------------- CpuVddfixHighInfo             -----------
ref count      : 1
----------------- NetCardAERInfo                -----------
ref count      : 1
----------------- ALBrdAbnormalInfo             -----------
ref count      : 1
----------------- GPUOutletTemp-902             -----------
ref count      : 1
.Health         : listened by port : 688148, 294920, 
----------------- ComMemory130                  -----------
ref count      : 1
.Health         : listened by port : 294920, 
----------------- PSUCustomizeSensorAnchor-5    -----------
ref count      : 1
----------------- GpuCarrBoardVoltGetFailInfo   -----------
ref count      : 1
----------------- ComMemory131                  -----------
ref count      : 1
.Health         : listened by port : 294920, 
----------------- Sel                           -----------
ref count      : 1
.SELCleared     : listened by port : 294920, 
----------------- 1822Chip1V2GetFailInfo        -----------
ref count      : 1
----------------- PsCoolingPolicy4-5            -----------
ref count      : 1
----------------- BMCcom                        -----------
ref count      : 1
----------------- PSUCustomizeSensorAnchor-6    -----------
ref count      : 1
----------------- PCIeSwTempfailInfo            -----------
ref count      : 1
----------------- PsCoolingPolicy4-6            -----------
ref count      : 1
----------------- SDCardRebuildInfo             -----------
ref count      : 1
----------------- CpuBistFailInfo               -----------
ref count      : 1
----------------- M2Disk1                       -----------
ref count      : 1
.RebuildState   : listened by port : 294920, 
.Presence       : listened by port : 294920, 
.Id             : listened by port : 229382, 491534, 
.ReplaceFlag    : listened by port : 294920, 
----------------- PchVolHighMajorInfo           -----------
ref count      : 1
----------------- Dimm040                       -----------
ref count      : 1
.Health         : listened by port : 688148, 294920, 
----------------- M2Disk2                       -----------
ref count      : 1
.RebuildState   : listened by port : 294920, 
.Presence       : listened by port : 294920, 
.Id             : listened by port : 229382, 491534, 
.ReplaceFlag    : listened by port : 294920, 
----------------- Dimm041                       -----------
ref count      : 1
.Health         : listened by port : 688148, 294920, 
----------------- BMC                           -----------
ref count      : 1
.HostName       : listened by port : 294920, 917531, 163844, 589841, 
.CustomManufacturer : listened by port : 655379, 
----------------- RaidElabel-1                  -----------
ref count      : 1
.MfgDateTime    : listened by port : 753686, 
.ProductAssetTag : listened by port : 294920, 
.BoardSerialNumber : listened by port : 294920, 65537, 
.ChassisSerialNumber : listened by port : 294920, 
----------------- M2ZoneTempFailInfo            -----------
ref count      : 1
----------------- PCIeSwUpdatefailInfo          -----------
ref count      : 1
----------------- ProductVirtual                -----------
ref count      : 1
----------------- OAMLinkAlarmInfo              -----------
ref count      : 1
----------------- Hdd0InsertMntr-2              -----------
ref count      : 1
.State          : listened by port : 294920, 
----------------- PICCardPSFaultInfo            -----------
ref count      : 1
----------------- PSCableInfo                   -----------
ref count      : 1
----------------- Redfish:C                     -----------
ref count      : 1
----------------- MeshCardMPathInfo             -----------
ref count      : 1
----------------- Stdby1_2VHighInfo             -----------
ref count      : 1
----------------- Ch0MirrorFailInfo             -----------
ref count      : 1
----------------- Disk4-2                       -----------
ref count      : 1
.Health         : listened by port : 688148, 294920, 
----------------- SysNoMemInfo                  -----------
ref count      : 1
----------------- Eth0                          -----------
ref count      : 1
.VlanID         : listened by port : 589841, 
----------------- FIOInletLtempInfo             -----------
ref count      : 1
----------------- CpuMemVpp1failInfo            -----------
ref count      : 1
----------------- PcbVersion                    -----------
ref count      : 1
----------------- Dimm150                       -----------
ref count      : 1
.Health         : listened by port : 688148, 294920, 
----------------- BBUCommLostInfo               -----------
ref count      : 1
----------------- Eth1                          -----------
ref count      : 1
.VlanID         : listened by port : 589841, 
----------------- Dimm151                       -----------
ref count      : 1
.Health         : listened by port : 688148, 294920, 
----------------- Stdby1_5V_LswHighInfo         -----------
ref count      : 1
----------------- CpuVccanaHighInfo             -----------
ref count      : 1
----------------- CpuMemVpp1LowInfo             -----------
ref count      : 1
----------------- BaseRestartInfo               -----------
ref count      : 1
----------------- MemNoOperableInfo             -----------
ref count      : 1
----------------- HddVirtualAnchor-2            -----------
ref count      : 1
----------------- MngtPortCap:C                 -----------
ref count      : 1
----------------- CpuNimbusHighInfo             -----------
ref count      : 1
----------------- CardDescVariantExp-801        -----------
ref count      : 1
----------------- CpuDDRVPP_ABLowInfo           -----------
ref count      : 1
----------------- LDAPGroup:C                   -----------
ref count      : 1
----------------- LDAPGroup2_0                  -----------
ref count      : 1
----------------- CpuTempMajorInfo              -----------
ref count      : 1
----------------- Hdd1InsertMntr-2              -----------
ref count      : 1
.State          : listened by port : 294920, 
----------------- Eth2                          -----------
ref count      : 1
.VlanID         : listened by port : 589841, 
----------------- CardDescVariantExp-802        -----------
ref count      : 1
----------------- GpuBoardTempMajorInfo         -----------
ref count      : 1
----------------- LDAPGroup2_1                  -----------
ref count      : 1
----------------- OcpCardReplaceInfo            -----------
ref count      : 1
----------------- GpuBoardPlugOutInfo           -----------
ref count      : 1
----------------- MezzTempGetFailInfo           -----------
ref count      : 1
----------------- NicTempFailInfo               -----------
ref count      : 1
----------------- Fru:C                         -----------
ref count      : 1
----------------- MosVolFailInfo                -----------
ref count      : 1
----------------- MezzStandby3_3VHighInfo       -----------
ref count      : 1
----------------- Ch3MirrorFailInfo             -----------
ref count      : 1
----------------- LDAPGroup2_2                  -----------
ref count      : 1
----------------- Memory020                     -----------
ref count      : 1
.FDMFault       : listened by port : 294920, 
.ReplaceFlag    : listened by port : 294920, 
----------------- Stby1_1VFailInfo              -----------
ref count      : 1
----------------- IoutOcWarningInfo             -----------
ref count      : 1
----------------- LDAPGroup2_3                  -----------
ref count      : 1
----------------- Memory021                     -----------
ref count      : 1
.FDMFault       : listened by port : 294920, 
.ReplaceFlag    : listened by port : 294920, 
----------------- Riser1VirtualConnector        -----------
ref count      : 1
----------------- PcieAddrInfo:C                -----------
ref count      : 1
----------------- SDRVer                        -----------
ref count      : 1
----------------- Stby12VGetFailInfo            -----------
ref count      : 1
----------------- HddBpClkInfo                  -----------
ref count      : 1
----------------- LDAPGroup2_4                  -----------
ref count      : 1
----------------- Sys5VLowInfo                  -----------
ref count      : 1
----------------- LDAPCert5_10                  -----------
ref count      : 1
----------------- VSA_VOLT_CPU1                 -----------
ref count      : 1
.Health         : listened by port : 688148, 294920, 
----------------- PcieSlotExp1-8                -----------
ref count      : 1
.Value          : listened by port : 294920, 
----------------- Stby2_5VFailInfo              -----------
ref count      : 1
----------------- Cpu1VddqTempThermal           -----------
ref count      : 1
----------------- DiskExpInfo                   -----------
ref count      : 1
----------------- VSA_VOLT_CPU2                 -----------
ref count      : 1
.Health         : listened by port : 688148, 294920, 
----------------- PCIeGetDimmTempFailInfo       -----------
ref count      : 1
----------------- PcieSlotExp1-9                -----------
ref count      : 1
.Value          : listened by port : 294920, 
----------------- LicenseFeatureKey:C           -----------
ref count      : 1
----------------- PsElabel-5                    -----------
ref count      : 1
.MfgDateTime    : listened by port : 753686, 
.ProductAssetTag : listened by port : 294920, 
.BoardSerialNumber : listened by port : 294920, 65537, 
.ChassisSerialNumber : listened by port : 294920, 
----------------- lom2_port2_link_mon-3         -----------
ref count      : 1
.MonSenValue    : listened by port : 294920, 
----------------- Mem2HighPerThermalPolicy      -----------
ref count      : 1
----------------- VCCP_1V0_CPUHighInfo          -----------
ref count      : 1
----------------- Memory130                     -----------
ref count      : 1
.FDMFault       : listened by port : 294920, 
.ReplaceFlag    : listened by port : 294920, 
----------------- PsElabel-6                    -----------
ref count      : 1
.MfgDateTime    : listened by port : 753686, 
.ProductAssetTag : listened by port : 294920, 
.BoardSerialNumber : listened by port : 294920, 65537, 
.ChassisSerialNumber : listened by port : 294920, 
----------------- PSFanFailureInfo              -----------
ref count      : 1
----------------- Contact                       -----------
ref count      : 1
----------------- NPUUncorrectInfo              -----------
ref count      : 1
----------------- UserRoleOper                  -----------
ref count      : 1
.VMMMgnt        : listened by port : 851993, 
.KVMMgnt        : listened by port : 851993, 
----------------- CustomizedInletPolicy         -----------
ref count      : 1
----------------- MbdMosDrop2MajorInfo          -----------
ref count      : 1
----------------- Stdby1_0V_LswCoreHighInfo     -----------
ref count      : 1
----------------- PchPvnnVolHighWaringInfo      -----------
ref count      : 1
----------------- PICCard1V2LowInfo             -----------
ref count      : 1
----------------- SASRedriverUpfailInfo         -----------
ref count      : 1
----------------- SasSlimLinePresInfo           -----------
ref count      : 1
----------------- IOBoardTempInfo               -----------
ref count      : 1
----------------- Hdd1MdWroutLowMntr-2          -----------
ref count      : 1
.State          : listened by port : 294920, 
----------------- lom2_port2_link_mon-4         -----------
ref count      : 1
.MonSenValue    : listened by port : 294920, 
----------------- Ch6MirrorFailInfo             -----------
ref count      : 1
----------------- BBUCellLowTempMinInfo         -----------
ref count      : 1
----------------- Memory131                     -----------
ref count      : 1
.FDMFault       : listened by port : 294920, 
.ReplaceFlag    : listened by port : 294920, 
----------------- PCIeCardPowerFailInfo         -----------
ref count      : 1
----------------- DiskMissingInfo               -----------
ref count      : 1
----------------- LogicalDrive0-101             -----------
ref count      : 1
----------------- PHYErrIncTooFastInfo          -----------
ref count      : 1
----------------- MezzSys1_5VFailInfo           -----------
ref count      : 1
----------------- MezzOpaVccFaild               -----------
ref count      : 1
----------------- PowerSupply2Connect           -----------
ref count      : 1
----------------- PowerCableInfo                -----------
ref count      : 1
----------------- PICOverTempMajorInfo          -----------
ref count      : 1
----------------- SysRestartCPUErrInfo          -----------
ref count      : 1
----------------- Cpu1VddqTemp                  -----------
ref count      : 1
.Health         : listened by port : 688148, 294920, 
----------------- NPU:C                         -----------
ref count      : 1
----------------- InsecureAlgorithmInfo         -----------
ref count      : 1
----------------- DiskArray:C                   -----------
ref count      : 1
----------------- OcpOMTempInfo                 -----------
ref count      : 1
----------------- M2SataSSDSlotConnect          -----------
ref count      : 1
----------------- NormalAndRedundancyInfo       -----------
ref count      : 1
----------------- OperationLogFull              -----------
ref count      : 1
.Health         : listened by port : 688148, 294920, 
----------------- BoardIOPlugOutInfo            -----------
ref count      : 1
----------------- PSUSensorConnect-5            -----------
ref count      : 1
----------------- CpuVDDQ_CDHighInfo            -----------
ref count      : 1
----------------- PSUInletTempMinorInfo         -----------
ref count      : 1
----------------- NpuVrdTempMinorInfo           -----------
ref count      : 1
----------------- RiserCardVoltGetFailInfo      -----------
ref count      : 1
----------------- CpuAEPTempFailInfo            -----------
ref count      : 1
----------------- PCIeCompAbsentMinorInfo       -----------
ref count      : 1
----------------- BIOSMismatchMemFWInfo         -----------
ref count      : 1
----------------- PSUSensorConnect-6            -----------
ref count      : 1
----------------- GPUOutletTemp-801             -----------
ref count      : 1
.Health         : listened by port : 688148, 294920, 
----------------- PcieFPGALoadFailInfo          -----------
ref count      : 1
----------------- port1_link_status_exp-3       -----------
ref count      : 1
.Value          : send event count: 3 : listened by port : 294920, 
----------------- RaidControllerConnector       -----------
ref count      : 1
----------------- CpuP1v8GetFailedInfo          -----------
ref count      : 1
----------------- HddBackplaneFru-2             -----------
ref count      : 1
----------------- RaidCardTempInfo              -----------
ref count      : 1
----------------- ComMemory030                  -----------
ref count      : 1
.Health         : listened by port : 294920, 
----------------- PsInstallInfo                 -----------
ref count      : 1
----------------- PcieSlot6_94                  -----------
ref count      : 1
----------------- GPUOutletTemp-802             -----------
ref count      : 1
.Health         : listened by port : 688148, 294920, 
----------------- port1_link_status_exp-4       -----------
ref count      : 1
.Value          : send event count: 4 : listened by port : 294920, 
----------------- ComMemory031                  -----------
ref count      : 1
.Health         : listened by port : 294920, 
----------------- RaidCardReplaceInfo           -----------
ref count      : 1
----------------- PsCoolingPolicy3-5            -----------
ref count      : 1
----------------- NPUPFAEInfo                   -----------
ref count      : 1
----------------- SysRestartUnknownMntr         -----------
ref count      : 1
.State          : listened by port : 294920, 
----------------- FIOPSUInfo                    -----------
ref count      : 1
----------------- PsCoolingPolicy3-6            -----------
ref count      : 1
----------------- PwrOnTimeOutInfo              -----------
ref count      : 1
----------------- PCIeOverCurLimitInfo          -----------
ref count      : 1
----------------- CpuVDDQTempMinorInfo          -----------
ref count      : 1
----------------- FanRedundancyInfo             -----------
ref count      : 1
----------------- ExpHeartBeatInfo              -----------
ref count      : 1
----------------- OAMErrAlarmInfo               -----------
ref count      : 1
----------------- SdRaidCardFaultInfo           -----------
ref count      : 1
----------------- CpuDdrVddq1HighInfo           -----------
ref count      : 1
----------------- HddRebuildStartInfo           -----------
ref count      : 1
----------------- PcieBBULowInfo                -----------
ref count      : 1
----------------- SyslogItemCfg_0               -----------
ref count      : 1
----------------- Cpu2Memory                    -----------
ref count      : 1
.Health         : listened by port : 688148, 294920, 
----------------- ComRaidCard                   -----------
ref count      : 1
.Health         : listened by port : 294920, 
----------------- MeshCardFaultInfo             -----------
ref count      : 1
----------------- Power-5                       -----------
ref count      : 1
.Health         : listened by port : 688148, 294920, 
----------------- HddUncorrectInfo              -----------
ref count      : 1
----------------- PortRemovedInfo               -----------
ref count      : 1
----------------- SyslogItemCfg_1               -----------
ref count      : 1
----------------- CommWithDevFailInfo           -----------
ref count      : 1
----------------- BaseHeartAbnorInfo            -----------
ref count      : 1
----------------- ComMemory140                  -----------
ref count      : 1
.Health         : listened by port : 294920, 
----------------- PCIeCardCpuTempAlertInfo      -----------
ref count      : 1
----------------- Power-6                       -----------
ref count      : 1
.Health         : listened by port : 688148, 294920, 
----------------- BrdConfChangeInfo             -----------
ref count      : 1
----------------- SyslogItemCfg_2               -----------
ref count      : 1
----------------- PcieCardInstalledInfo         -----------
ref count      : 1
----------------- ComMemory141                  -----------
ref count      : 1
.Health         : listened by port : 294920, 
----------------- port3_link_status_exp-3       -----------
ref count      : 1
.Value          : send event count: 1 : listened by port : 294920, 
----------------- port3_link_status_exp-4       -----------
ref count      : 1
.Value          : listened by port : 294920, 
----------------- Fan3Fspeed                    -----------
ref count      : 1
.Health         : listened by port : 688148, 294920, 
----------------- SyslogItemCfg_3               -----------
ref count      : 1
----------------- Disk3-2                       -----------
ref count      : 1
.Health         : listened by port : 688148, 294920, 
----------------- RaidCardStatusInfo            -----------
ref count      : 1
----------------- FSReadonlyInfo                -----------
ref count      : 1
----------------- Dimm050                       -----------
ref count      : 1
.Health         : listened by port : 688148, 294920, 
----------------- PCIeWdtFailureInfo            -----------
ref count      : 1
----------------- PCIeOverCurrentProtectionInfo -----------
ref count      : 1
----------------- PCIeSwVDDFailInfo             -----------
ref count      : 1
----------------- Dimm051                       -----------
ref count      : 1
.Health         : listened by port : 688148, 294920, 
----------------- FabricPowerOffInfo            -----------
ref count      : 1
----------------- PCIeMemoryFailureInfo         -----------
ref count      : 1
----------------- Mem2NosisyThermalPolicy       -----------
ref count      : 1
----------------- Session                       -----------
ref count      : 1
----------------- SysSSDMaxTmp                  -----------
ref count      : 1
.Health         : listened by port : 688148, 294920, 
----------------- PCIePowerUpReInfo             -----------
ref count      : 1
----------------- ProductComponent              -----------
ref count      : 1
----------------- MemBakInfo                    -----------
ref count      : 1
----------------- MainBdVoltHighMaintInfo       -----------
ref count      : 1
----------------- CpuTempMinorInfo              -----------
ref count      : 1
----------------- VRDUpgradeMgnt                -----------
ref count      : 1
----------------- DrivePartitionConnector       -----------
ref count      : 1
----------------- PortLinkDownMajorInfo         -----------
ref count      : 1
----------------- NetCardPFAEInfo               -----------
ref count      : 1
----------------- GpuBoardTempMinorInfo         -----------
ref count      : 1
----------------- User10                        -----------
ref count      : 1
.Privilege      : listened by port : 851993, 
.IsUserEnable   : listened by port : 851993, 
.SnmpPrivProtocol : listened by port : 589841, 
.PassWord       : listened by port : 851993, 
----------------- ComRaidCard-1                 -----------
ref count      : 1
.Health         : listened by port : 294920, 
----------------- AgPortCableInfo               -----------
ref count      : 1
----------------- RiserCardReplaceInfo          -----------
ref count      : 1
----------------- Disk1StatErrMntr-2            -----------
ref count      : 1
.State          : listened by port : 294920, 
----------------- PICCard1V2FailInfo            -----------
ref count      : 1
----------------- Npu12LowMajorInfo             -----------
ref count      : 1
----------------- User11                        -----------
ref count      : 1
.Privilege      : listened by port : 851993, 
.IsUserEnable   : listened by port : 851993, 
.SnmpPrivProtocol : listened by port : 589841, 
.PassWord       : listened by port : 851993, 
----------------- MemMajorPrefailureInfo        -----------
ref count      : 1
----------------- StandbyBoardFaultInfo         -----------
ref count      : 1
----------------- Dimm160                       -----------
ref count      : 1
.Health         : listened by port : 688148, 294920, 
----------------- BBUFanFaultInfo               -----------
ref count      : 1
----------------- DiskFaultPrediction:C         -----------
ref count      : 1
----------------- User12                        -----------
ref count      : 1
.Privilege      : listened by port : 851993, 
.IsUserEnable   : listened by port : 851993, 
.SnmpPrivProtocol : listened by port : 589841, 
.PassWord       : listened by port : 851993, 
----------------- PortFaultInfo                 -----------
ref count      : 1
----------------- Dimm161                       -----------
ref count      : 1
.Health         : listened by port : 688148, 294920, 
----------------- lom2_port3_link_mon-3         -----------
ref count      : 1
.MonSenValue    : listened by port : 294920, 
----------------- EiuaVoltLowInfo               -----------
ref count      : 1
----------------- Disk1ForeignMntr-2            -----------
ref count      : 1
.State          : listened by port : 294920, 
----------------- User13                        -----------
ref count      : 1
.Privilege      : listened by port : 851993, 
.IsUserEnable   : listened by port : 851993, 
.SnmpPrivProtocol : listened by port : 589841, 
.PassWord       : listened by port : 851993, 
----------------- lom2_port3_link_mon-4         -----------
ref count      : 1
.MonSenValue    : listened by port : 294920, 
----------------- SDCardRebuildFailedInfo       -----------
ref count      : 1
----------------- ComHdd9-2                     -----------
ref count      : 1
.Health         : listened by port : 294920, 
----------------- FCPortConnector               -----------
ref count      : 1
----------------- User14                        -----------
ref count      : 1
.Privilege      : listened by port : 851993, 
.IsUserEnable   : listened by port : 851993, 
.SnmpPrivProtocol : listened by port : 589841, 
.PassWord       : listened by port : 851993, 
----------------- Stdby3_3V_LswClockHighInfo    -----------
ref count      : 1
----------------- CertOverDueInfo               -----------
ref count      : 1
----------------- RepeaterUpfailInfo            -----------
ref count      : 1
----------------- RelRackPowCapInfo             -----------
ref count      : 1
----------------- Bpn_MosTempHighMajorInfo      -----------
ref count      : 1
----------------- MezzLowerVoltage              -----------
ref count      : 1
----------------- Stdby1_0V_LswHighInfo         -----------
ref count      : 1
----------------- ACPIPowerOnInfo               -----------
ref count      : 1
----------------- User15                        -----------
ref count      : 1
.Privilege      : listened by port : 851993, 
.IsUserEnable   : listened by port : 851993, 
.SnmpPrivProtocol : listened by port : 589841, 
.PassWord       : listened by port : 851993, 
----------------- UserRoleNoAccess              -----------
ref count      : 1
.VMMMgnt        : listened by port : 851993, 
.KVMMgnt        : listened by port : 851993, 
----------------- MezzSys1_0VLowInfo            -----------
ref count      : 1
----------------- OCPPowerONInfo                -----------
ref count      : 1
----------------- LomPcbVersion-3               -----------
ref count      : 1
----------------- PwrOkSigDrop                  -----------
ref count      : 1
.Health         : listened by port : 688148, 294920, 
----------------- PcieSlot1Connect-8            -----------
ref count      : 1
----------------- User16                        -----------
ref count      : 1
.Privilege      : listened by port : 851993, 
.IsUserEnable   : listened by port : 851993, 
.SnmpPrivProtocol : listened by port : 589841, 
.PassWord       : listened by port : 851993, 
----------------- HPButtonInfo                  -----------
ref count      : 1
----------------- Memory030                     -----------
ref count      : 1
.FDMFault       : listened by port : 294920, 
.ReplaceFlag    : listened by port : 294920, 
----------------- SMMRemovedInfo                -----------
ref count      : 1
----------------- TimOutRestartInfo             -----------
ref count      : 1
----------------- LomPcbVersion-4               -----------
ref count      : 1
----------------- PcieSlot1Connect-9            -----------
ref count      : 1
----------------- ComLcd                        -----------
ref count      : 1
.Health         : listened by port : 294920, 
----------------- User17                        -----------
ref count      : 1
.Privilege      : listened by port : 851993, 
.IsUserEnable   : listened by port : 851993, 
.SnmpPrivProtocol : listened by port : 589841, 
.PassWord       : listened by port : 851993, 
----------------- PcieSlot7_36                  -----------
ref count      : 1
----------------- CpuVDDQ_ABHighInfo            -----------
ref count      : 1
----------------- Memory031                     -----------
ref count      : 1
.FDMFault       : listened by port : 294920, 
.ReplaceFlag    : listened by port : 294920, 
----------------- ComChassis                    -----------
ref count      : 1
.Health         : listened by port : 294920, 
----------------- Stby1_8VFailInfo              -----------
ref count      : 1
----------------- PebpaOverTempInfo             -----------
ref count      : 1
----------------- Chassis                       -----------
ref count      : 1
.ChassisNum     : listened by port : 917531, 
.Location       : listened by port : 294920, 
.ChassisName    : listened by port : 294920, 
----------------- fan1                          -----------
ref count      : 1
----------------- ElectValveOut12VGetFailInfo   -----------
ref count      : 1
----------------- FIOInletRtempFailInfo         -----------
ref count      : 1
----------------- Component:C                   -----------
ref count      : 1
----------------- SysDisksMaxTmp                -----------
ref count      : 1
.Health         : listened by port : 688148, 294920, 
----------------- HddBkpReplaceInfo             -----------
ref count      : 1
----------------- fan2                          -----------
ref count      : 1
----------------- NTPSyncTime                   -----------
ref count      : 1
.Health         : listened by port : 688148, 294920, 
----------------- NICVoltFailInfo               -----------
ref count      : 1
----------------- PcieCardRemovedInfo           -----------
ref count      : 1
----------------- MutualAuthenticationRootCert10-----------
ref count      : 1
.CRLFilePath    : listened by port : 589841, 
.hashId         : listened by port : 589841, 
.hashValue      : listened by port : 589841, 
----------------- fan3                          -----------
ref count      : 1
----------------- PCIeHardwareFaultMinorInfo    -----------
ref count      : 1
----------------- PowerSupply1Connect           -----------
ref count      : 1
----------------- Video0                        -----------
ref count      : 1
----------------- PCIeRAIDFaultInfo             -----------
ref count      : 1
----------------- MutualAuthenticationRootCert11-----------
ref count      : 1
.CRLFilePath    : listened by port : 589841, 
.hashId         : listened by port : 589841, 
.hashValue      : listened by port : 589841, 
----------------- fan4                          -----------
ref count      : 1
----------------- Hdd0RebuildEndMntr-2          -----------
ref count      : 1
.State          : listened by port : 294920, 
----------------- PICOverTempMinorInfo          -----------
ref count      : 1
----------------- TimOutPwrOffInfo              -----------
ref count      : 1
----------------- SSLCert4                      -----------
ref count      : 1
.SSLMasterKeyId : listened by port : 851993, 
.CertStatus     : listened by port : 589841, 
----------------- RiserCardFru-8                -----------
ref count      : 1
----------------- MutualAuthenticationRootCert12-----------
ref count      : 1
.CRLFilePath    : listened by port : 589841, 
.hashId         : listened by port : 589841, 
.hashValue      : listened by port : 589841, 
----------------- Memory140                     -----------
ref count      : 1
.FDMFault       : listened by port : 294920, 
.ReplaceFlag    : listened by port : 294920, 
----------------- NetCard:C                     -----------
ref count      : 1
----------------- BasePlanePowerOningInfo       -----------
ref count      : 1
----------------- PCIeOverTempProtectionInfo    -----------
ref count      : 1
----------------- AEPMemoryMajorInfo            -----------
ref count      : 1
----------------- OMVccAlarmInfo                -----------
ref count      : 1
----------------- SSLCert5                      -----------
ref count      : 1
.SSLMasterKeyId : listened by port : 851993, 
.CertStatus     : listened by port : 589841, 
----------------- MutualAuthenticationRootCert13-----------
ref count      : 1
.CRLFilePath    : listened by port : 589841, 
.hashId         : listened by port : 589841, 
.hashValue      : listened by port : 589841, 
----------------- VoutUvFaultInfo               -----------
ref count      : 1
----------------- Memory141                     -----------
ref count      : 1
.FDMFault       : listened by port : 294920, 
.ReplaceFlag    : listened by port : 294920, 
----------------- AEPThermtripInfo              -----------
ref count      : 1
----------------- PCIeCardTempAlertInfo         -----------
ref count      : 1
----------------- Fan2PresenceThermal           -----------
ref count      : 1
----------------- CpuNimBusLowInfo              -----------
ref count      : 1
----------------- RiserCardFru-9                -----------
ref count      : 1
----------------- SSLCert6                      -----------
ref count      : 1
.SSLMasterKeyId : listened by port : 851993, 
.CertStatus     : listened by port : 589841, 
----------------- BmcSerLogFullInfo             -----------
ref count      : 1
----------------- MutualAuthenticationRootCert14-----------
ref count      : 1
.CRLFilePath    : listened by port : 589841, 
.hashId         : listened by port : 589841, 
.hashValue      : listened by port : 589841, 
----------------- MeshTempMinorInfo             -----------
ref count      : 1
----------------- HddBackCardAnchor-2           -----------
ref count      : 1
----------------- MezzFRUReadFailInfo           -----------
ref count      : 1
----------------- SSLCert7                      -----------
ref count      : 1
.SSLMasterKeyId : listened by port : 851993, 
.CertStatus     : listened by port : 589841, 
----------------- Fan3FPresence                 -----------
ref count      : 1
.Health         : listened by port : 688148, 294920, 
----------------- MutualAuthenticationRootCert15-----------
ref count      : 1
.CRLFilePath    : listened by port : 589841, 
.hashId         : listened by port : 589841, 
.hashValue      : listened by port : 589841, 
----------------- RAIDCPLD-1                    -----------
ref count      : 1
----------------- SSLCert8                      -----------
ref count      : 1
.SSLMasterKeyId : listened by port : 851993, 
.CertStatus     : listened by port : 589841, 
----------------- DiskArray3-102                -----------
ref count      : 1
----------------- Session:C                     -----------
ref count      : 1
----------------- Pch1_05VGetFailInfo           -----------
ref count      : 1
----------------- ProductConnector              -----------
ref count      : 1
----------------- MutualAuthenticationRootCert16-----------
ref count      : 1
.CRLFilePath    : listened by port : 589841, 
.hashId         : listened by port : 589841, 
.hashValue      : listened by port : 589841, 
----------------- ComMemory                     -----------
ref count      : 1
.Health         : listened by port : 294920, 
----------------- RaidCardTempMajorInfo         -----------
ref count      : 1
----------------- SSLCert9                      -----------
ref count      : 1
.SSLMasterKeyId : listened by port : 851993, 
.CertStatus     : listened by port : 589841, 
----------------- LicenseOverDueInfo            -----------
ref count      : 1
----------------- DiskBaseBoardInsertInfo       -----------
ref count      : 1
----------------- CpuJCTempfailInfo             -----------
ref count      : 1
----------------- syspower                      -----------
ref count      : 1
----------------- PcieBBUInstallInfo            -----------
ref count      : 1
----------------- DiskStatErrInfo               -----------
ref count      : 1
----------------- ZIPFeatureKey                 -----------
ref count      : 1
----------------- RaidBBUTempReadFailInfo       -----------
ref count      : 1
----------------- RightEarInfo                  -----------
ref count      : 1
----------------- PcieSATA1                     -----------
ref count      : 1
----------------- NoBootDeviceInfo              -----------
ref count      : 1
----------------- MemReplaceInfo                -----------
ref count      : 1
----------------- ComMemory040                  -----------
ref count      : 1
.Health         : listened by port : 294920, 
----------------- PcieSATA2                     -----------
ref count      : 1
----------------- MemIsolatedInfo               -----------
ref count      : 1
----------------- LicenseRevokeInfo             -----------
ref count      : 1
----------------- Stdby1_5VHighInfo             -----------
ref count      : 1
----------------- ComMemory041                  -----------
ref count      : 1
.Health         : listened by port : 294920, 
----------------- PcieSATA3                     -----------
ref count      : 1
----------------- BBUCellLowTempMajInfo         -----------
ref count      : 1
----------------- Sys3_3VGetFailInfo            -----------
ref count      : 1
----------------- PsPredicFailureInfo           -----------
ref count      : 1
----------------- PcieSlot1_94                  -----------
ref count      : 1
----------------- HpcMatchCfgErrInfo            -----------
ref count      : 1
----------------- ExcludeHddConnector           -----------
ref count      : 1
----------------- MemECCInfo                    -----------
ref count      : 1
----------------- IOBoard2OnRiser2              -----------
ref count      : 1
----------------- Disk2-2                       -----------
ref count      : 1
.Health         : listened by port : 688148, 294920, 
----------------- USBMassStorage0               -----------
ref count      : 1
----------------- PCIeCpuFailureInfo            -----------
ref count      : 1
----------------- GpuCarrBoardVoltLowInfo       -----------
ref count      : 1
----------------- FabricLSWTempMinorInfo        -----------
ref count      : 1
----------------- PowerHighInfo                 -----------
ref count      : 1
----------------- InsufficientBBUTimeInfo       -----------
ref count      : 1
----------------- Stdby12VLowInfo               -----------
ref count      : 1
----------------- powercapping                  -----------
ref count      : 1
.Failed         : listened by port : 294920, 
----------------- SysInitErrorLogInfo           -----------
ref count      : 1
----------------- PCIeSwVcoreLowerInfo          -----------
ref count      : 1
----------------- PCIeSwTempMinorInfo           -----------
ref count      : 1
----------------- FANClass:C                    -----------
ref count      : 1
----------------- RaidPHY8-1                    -----------
ref count      : 1
----------------- DiskLocatErrInfo              -----------
ref count      : 1
----------------- FIOInletMtempFailInfo         -----------
ref count      : 1
----------------- NandLifeInfo                  -----------
ref count      : 1
----------------- ExternConnector               -----------
ref count      : 1
----------------- TrapItemCfg_0                 -----------
ref count      : 1
.BmaVethIpPort  : listened by port : 950300, 
----------------- CpuVCoreFailInfo              -----------
ref count      : 1
----------------- ComMemory150                  -----------
ref count      : 1
.Health         : listened by port : 294920, 
----------------- PhotoLeakageInfo              -----------
ref count      : 1
----------------- BbuModuleConnect              -----------
ref count      : 1
----------------- FIO3V3LowInfo                 -----------
ref count      : 1
----------------- HDDBackplane:C                -----------
ref count      : 1
----------------- ExpanderVoltLowInfo           -----------
ref count      : 1
----------------- PcieZIP1                      -----------
ref count      : 1
----------------- MainbrdChipOverTempMajorInfo  -----------
ref count      : 1
----------------- TrapItemCfg_1                 -----------
ref count      : 1
.BmaVethIpPort  : listened by port : 950300, 
----------------- DiskExpPHYInfo                -----------
ref count      : 1
----------------- ComMemory151                  -----------
ref count      : 1
.Health         : listened by port : 294920, 
----------------- SysCfgErrorInfo               -----------
ref count      : 1
----------------- CpuVDDAVSHighInfo             -----------
ref count      : 1
----------------- GPUInletTemp-901              -----------
ref count      : 1
.Health         : listened by port : 688148, 294920, 
----------------- PcieZIP2                      -----------
ref count      : 1
----------------- TrapItemCfg_2                 -----------
ref count      : 1
.BmaVethIpPort  : listened by port : 950300, 
----------------- GPUInletTemp-902              -----------
ref count      : 1
.Health         : listened by port : 688148, 294920, 
----------------- Dimm060                       -----------
ref count      : 1
.Health         : listened by port : 688148, 294920, 
----------------- PcieZIP3                      -----------
ref count      : 1
----------------- TrapItemCfg_3                 -----------
ref count      : 1
.BmaVethIpPort  : listened by port : 950300, 
----------------- MeshCardVoltFailInfo          -----------
ref count      : 1
----------------- PICCardLowInfo                -----------
ref count      : 1
----------------- Dimm061                       -----------
ref count      : 1
.Health         : listened by port : 688148, 294920, 
----------------- CpuBrdTempMinorInfo           -----------
ref count      : 1
----------------- BasePlanePowerOnReqInfo       -----------
ref count      : 1
----------------- ProductComponent:C            -----------
ref count      : 1
----------------- SmtpPwdWorkKey                -----------
ref count      : 1
.WorkKey        : recv event count: 1 : listened by port : 131075, 851993, 294920, 655379, 589841, 
----------------- MemNVDIMMSlotInfo             -----------
ref count      : 1
----------------- CPUJCFaultInfo                -----------
ref count      : 1
----------------- RFBAInstallNoProInfo          -----------
ref count      : 1
----------------- FANConnector                  -----------
ref count      : 1
----------------- ComHdd8-2                     -----------
ref count      : 1
.Health         : listened by port : 294920, 
----------------- Stdby1_2VLowInfo              -----------
ref count      : 1
----------------- AssetLocateReplaceInfo        -----------
ref count      : 1
----------------- SECFeatureKey                 -----------
ref count      : 1
----------------- NCCDRCfgInfo                  -----------
ref count      : 1
----------------- CpuVolLowWaringInfo           -----------
ref count      : 1
----------------- RetimerUpfailInfo             -----------
ref count      : 1
----------------- HddInner3-2                   -----------
ref count      : 1
.RebuildState   : listened by port : 294920, 
.Presence       : listened by port : 294920, 
.Id             : listened by port : 229382, 491534, 
.ReplaceFlag    : listened by port : 294920, 
----------------- BiosVer                       -----------
ref count      : 1
----------------- PortLinkDownInfo              -----------
ref count      : 1
----------------- Dimm170                       -----------
ref count      : 1
.Health         : listened by port : 688148, 294920, 
----------------- Port1LinkDownMntr-3           -----------
ref count      : 1
.State          : listened by port : 294920, 
----------------- Dfp                           -----------
ref count      : 1
----------------- MeshCardVoltLowInfo           -----------
ref count      : 1
----------------- Dimm171                       -----------
ref count      : 1
.Health         : listened by port : 688148, 294920, 
----------------- Port1LinkDownMntr-4           -----------
ref count      : 1
.State          : listened by port : 294920, 
----------------- CpuVDDAVSLowInfo              -----------
ref count      : 1
----------------- PRODUCT:C                     -----------
ref count      : 1
----------------- MezzSys2_5VLowInfo            -----------
ref count      : 1
----------------- RetimerTempMinorInfo          -----------
ref count      : 1
----------------- Stby1_5VLswGetFailInfo        -----------
ref count      : 1
----------------- 1822Chip1V8GetFailInfo        -----------
ref count      : 1
----------------- PICCard1V2HighInfo            -----------
ref count      : 1
----------------- FanCableInfo                  -----------
ref count      : 1
----------------- Hdd0RebuildStartMntr-2        -----------
ref count      : 1
.State          : listened by port : 294920, 
===========================has object===========================
i2c_4, localbus1, CpldUpgrdChip-1, pca9545_chan2, i2c4_pca9545_chip, BbuModulePresAccessor, cpld1, reset_i2c4_pca9545, 
=====================method info=============================
key=Redfish.ProcessHttpRequest
input para list:
s i output para list:
s s s 
key=SMS.SetRedirectWhiteList
input para list:
as output para list:

key=LDAPGroup.LdapComposeGroupDomain
input para list:
output para list:

key=RedfishEventService.PostRedfishEventMsg
input para list:
y s y output para list:

key=Session.IsRedfishInnerSession
input para list:
s output para list:

key=SMS.GetBoBChannelType
input para list:
output para list:

key=Redfish.RedirectHttpRequest
input para list:
s i output para list:
s s s 
key=Warning.GetEventItem
input para list:
q output para list:

key=SSL.GetCSRString
input para list:
output para list:

key=Bios.GetClpResponse
input para list:
q s s output para list:

key=Redfish.UpdateRedfishCiphertext
input para list:
u output para list:

key=RedfishEventService.SetEventDetailCustomizedID
input para list:
y output para list:

key=SyslogConfig.GetCertInfo
input para list:
y output para list:

key=PrivilegeAgent.CopyFile
input para list:
s s u u u output para list:

key=RedfishEventService.GenRedfishEventMsg
input para list:
s s s s u s s y y s s y s s y s y output para list:
s 
key=User.IsUserLocked
input para list:
output para list:

key=User.AuthUser
input para list:
s s y s output para list:

key=RedfishEvtSubscription.SetEventSubscriptionContext
input para list:
s output para list:

key=SMS.GetBMAConnectState
input para list:
output para list:

key=Redfish.CopySpSchema
input para list:
output para list:

key=RedfishEventService.GenAlertOriginRscURI
input para list:
s output para list:
s 
key=Bios.GetBiosSettingEffectiveStatus
input para list:
output para list:

key=Session.GetSessionList
input para list:
s output para list:

key=Bios.GetBIOSJsonFile
input para list:
s output para list:

key=EthGroup.VirtualNetworkStatus
input para list:
output para list:

key=Log.OperateLogProxy
input para list:
s s output para list:

key=MngtPortCap.GetSwitchConnections
input para list:
output para list:

key=PrivilegeAgent.ModifyFileOwn
input para list:
s u u output para list:

key=LDAP.LdapComposeUserDomain
input para list:
output para list:

key=Dump.DumpInfoAsync
input para list:
y output para list:

key=RemoteHttpsServerRootCert.ImportRootCert
input para list:
y s y output para list:

key=Session.GetSessionInfo
input para list:
s output para list:

key=Dump.GetDumpPhase
input para list:
output para list:

key=RedfishEvtSubscription.SetEvtSubscriptionHttpHeaders
input para list:
s output para list:

key=NTP.GetNTPGroupKeyStatus
input para list:
output para list:

key=RedfishEventService.DataSyncMethod
input para list:
* output para list:

key=RedfishEventService.SetServerIdentitySource
input para list:
y output para list:

key=PowerCapping.GetPTLimit
input para list:
output para list:

key=iBMAUSBMassStorage.CheckFileState
input para list:
y output para list:

key=PowerCapping.GetPT
input para list:
output para list:

key=RedfishEventService.SetServiceEnabled
input para list:
y output para list:

key=USBMassStorage.ReadUmsFile
input para list:
y s output para list:

key=Cooling.GetTotolFanPower
input para list:
output para list:

key=USBMassStorage.GetUmsFileList
input para list:
y output para list:

key=User.GetUidGidByUsername
input para list:
s output para list:

key=PrivilegeAgent.ModifyFileMode
input para list:
s u output para list:

key=RedfishEvtSubscription.DataSyncMethod
input para list:
* output para list:

key=redfish.connect_to_cli
input para list:
s s output para list:

key=redfish.dlog_outype
input para list:
s output para list:

key=redfish.save_dlog_cfg
input para list:
output para list:

key=redfish.dlog_outlvl
input para list:
s output para list:

key=redfish.deconnect_to_cli
input para list:
s output para list:

key=redfish.set_trace_cfg
input para list:
s output para list:

=====================listen info=============================
my ipc id=655379
key=<SMS.RegisterState, handler=0xaaaabadd74a8, state=0
key=<SMS.Port, handler=0xaaaabadd7630, state=0
key=<EncryptKey.WorkKey, handler=0xaaaabac5daf8, state=1
key=<Upgrade.UpgradedFlag, handler=0xaaaabac5dfd8, state=0
key=<SMS.IPAddr, handler=0xaaaabadd7630, state=0
key=<SecurityEnhance.SystemLockDownStatus, handler=0xaaaabac5b088, state=0
key=<BMC.CustomManufacturer, handler=0xaaaabac482e8, state=0
key=<Upgrade.PreRollbackFlag, handler=0xaaaabac5dfd8, state=0
=====================route info=============================
.key=VariantExpression, rpc_port=50023, msg_que_id=753686
.key=CafeDev, rpc_port=50007, msg_que_id=229382
.key=IPMIMessageFilter, rpc_port=50025, msg_que_id=819224
.key=PRODUCT, rpc_port=50023, msg_que_id=753686
.key=BOARD, rpc_port=50023, msg_que_id=753686
.key=GPUBoard, rpc_port=50014, msg_que_id=458765
.key=VirOpticalModule, rpc_port=50028, msg_que_id=917531
.key=IpmbAddr, rpc_port=50025, msg_que_id=819224
.key=CoolingCondition, rpc_port=50021, msg_que_id=688148
.key=SysPower, rpc_port=50024, msg_que_id=786455
.key=CpuBoard, rpc_port=50014, msg_que_id=458765
.key=PcieHddRemoveMonitor, rpc_port=50016, msg_que_id=524303
.key=VRDAction, rpc_port=50008, msg_que_id=262151
.key=EnergySaving, rpc_port=50017, msg_que_id=557072
.key=PIPE, rpc_port=50015, msg_que_id=491534
.key=PasswdSetting, rpc_port=50026, msg_que_id=851993
.key=FdmWebConfig, rpc_port=50015, msg_que_id=491534
.key=SpecialPcieCard, rpc_port=50028, msg_que_id=917531
.key=RedfishEventService, rpc_port=50020, msg_que_id=655379
.key=LicenseManage, rpc_port=50002, msg_que_id=65537
.key=AccelerateCard, rpc_port=50014, msg_que_id=458765
.key=PCIeSDICard, rpc_port=50014, msg_que_id=458765
.key=PcieRetimer, rpc_port=50001, msg_que_id=32768
.key=PTASPolicy, rpc_port=50021, msg_que_id=688148
.key=EventMonitor, rpc_port=50009, msg_que_id=294920
.key=VirtualWire, rpc_port=50023, msg_que_id=753686
.key=SmtpConfig, rpc_port=50009, msg_que_id=294920
.key=PowerMgnt, rpc_port=50024, msg_que_id=786455
.key=HwMBAddrAllocMgmt, rpc_port=50014, msg_que_id=458765
.key=MeInfo, rpc_port=50017, msg_que_id=557072
.key=MutualAuthenticationCliCert, rpc_port=50023, msg_que_id=753686
.key=FANBoard, rpc_port=50014, msg_que_id=458765
.key=SystemManagerInfo, rpc_port=50023, msg_que_id=753686
.key=SensorShortTermSpecMonitor, rpc_port=50009, msg_que_id=294920
.key=SASCable, rpc_port=50016, msg_que_id=524303
.key=DevTest, rpc_port=50009, msg_que_id=294920
.key=NandInfo, rpc_port=50023, msg_que_id=753686
.key=EventDescpCfgToHmm, rpc_port=50009, msg_que_id=294920
.key=UserRole, rpc_port=50026, msg_que_id=851993
.key=SilkTemplate, rpc_port=50017, msg_que_id=557072
.key=Retimer, rpc_port=50014, msg_que_id=458765
.key=SyslogConfig, rpc_port=50009, msg_que_id=294920
.key=ProxyVideo, rpc_port=50018, msg_que_id=589841
.key=SmmFanFirmware, rpc_port=50008, msg_que_id=262151
.key=SSDPCtrlPtConfig, rpc_port=50019, msg_que_id=622610
.key=ResidentNetConfig, rpc_port=50028, msg_que_id=917531
.key=KvmLink, rpc_port=50004, msg_que_id=131075
.key=MasterSMM, rpc_port=50023, msg_que_id=753686
.key=ComputerSystem, rpc_port=50010, msg_que_id=327689
.key=LocalPcieCard, rpc_port=50014, msg_que_id=458765
.key=VPD, rpc_port=50016, msg_que_id=524303
.key=ComponentInfo, rpc_port=50017, msg_que_id=557072
.key=LSWConfig, rpc_port=50028, msg_que_id=917531
.key=AlertFilter, rpc_port=50009, msg_que_id=294920
.key=ModbusAddrAllocMgmt, rpc_port=50014, msg_que_id=458765
.key=Cooling, rpc_port=50021, msg_que_id=688148
.key=FANClass, rpc_port=50021, msg_que_id=688148
.key=HDDBackplane, rpc_port=50014, msg_que_id=458765
.key=ChipFirmwareMgnt, rpc_port=50008, msg_que_id=262151
.key=DftItem, rpc_port=50011, msg_que_id=360458
.key=Stateless, rpc_port=50028, msg_que_id=917531
.key=PcieAddrInfo, rpc_port=50015, msg_que_id=491534
.key=DftAction, rpc_port=50011, msg_que_id=360458
.key=ConditionTask, rpc_port=50009, msg_que_id=294920
.key=ExpBoard, rpc_port=50014, msg_que_id=458765
.key=OpaMezzInfo, rpc_port=50014, msg_que_id=458765
.key=SyslogItemCfg, rpc_port=50009, msg_que_id=294920
.key=ThresholdAssert, rpc_port=50009, msg_que_id=294920
.key=SolLink, rpc_port=50025, msg_que_id=819224
.key=MainBoard, rpc_port=50014, msg_que_id=458765
.key=IOBoard, rpc_port=50014, msg_que_id=458765
.key=_Snmp, rpc_port=50018, msg_que_id=589841
.key=SecurityModule, rpc_port=50014, msg_que_id=458765
.key=LLDPConfig, rpc_port=50028, msg_que_id=917531
.key=BBUModule, rpc_port=50024, msg_que_id=786455
.key=LeakageDetectionCard, rpc_port=50014, msg_que_id=458765
.key=SmtpItemCfg, rpc_port=50009, msg_que_id=294920
.key=DataAcquisitionMetric, rpc_port=50015, msg_que_id=491534
.key=RaidController, rpc_port=50016, msg_que_id=524303
.key=PMEServiceConfig, rpc_port=50023, msg_que_id=753686
.key=Memory, rpc_port=50017, msg_que_id=557072
.key=LicenseFeatureKey, rpc_port=50002, msg_que_id=65537
.key=VoltMonitor, rpc_port=50009, msg_que_id=294920
.key=PSUGroup, rpc_port=50024, msg_que_id=786455
.key=OemSdr, rpc_port=50009, msg_que_id=294920
.key=NPU, rpc_port=50017, msg_que_id=557072
.key=DiskSubArray, rpc_port=50016, msg_que_id=524303
.key=CollectPropertyDefinition, rpc_port=50023, msg_que_id=753686
.key=_card_manage, rpc_port=50014, msg_que_id=458765
.key=Action, rpc_port=50008, msg_que_id=262151
.key=OnePower, rpc_port=50024, msg_que_id=786455
.key=Kvm, rpc_port=50004, msg_que_id=131075
.key=DiscreteSensor, rpc_port=50009, msg_que_id=294920
.key=ThresholdSensorMonitor, rpc_port=50009, msg_que_id=294920
.key=CertMonitor, rpc_port=50023, msg_que_id=753686
.key=Pex8796, rpc_port=50001, msg_que_id=32768
.key=LicenseSaleInfo, rpc_port=50002, msg_que_id=65537
.key=PortMapping, rpc_port=50028, msg_que_id=917531
.key=RawEepromFruDev, rpc_port=50007, msg_que_id=229382
.key=_kvm_vmm, rpc_port=50004, msg_que_id=131075
.key=EnergySavingCfgItem, rpc_port=50017, msg_que_id=557072
.key=CpuStatistic, rpc_port=50017, msg_que_id=557072
.key=CompositionSetting, rpc_port=50001, msg_que_id=32768
.key=PsSleep, rpc_port=50024, msg_que_id=786455
.key=SysBattery, rpc_port=50024, msg_que_id=786455
.key=Pex9765, rpc_port=50001, msg_que_id=32768
.key=PermitRule, rpc_port=50026, msg_que_id=851993
.key=BMC, rpc_port=50023, msg_que_id=753686
.key=Snmp, rpc_port=50018, msg_que_id=589841
.key=VoltTest, rpc_port=50009, msg_que_id=294920
.key=LedPanel, rpc_port=50009, msg_que_id=294920
.key=EthFunction, rpc_port=50028, msg_que_id=917531
.key=_PowerMgnt, rpc_port=50024, msg_que_id=786455
.key=PowerCapping, rpc_port=50024, msg_que_id=786455
.key=RegAction, rpc_port=50014, msg_que_id=458765
.key=_ddns, rpc_port=50005, msg_que_id=163844
.key=M2TransformCard, rpc_port=50014, msg_que_id=458765
.key=SmBios, rpc_port=50013, msg_que_id=425996
.key=SensorOemConfig, rpc_port=50009, msg_que_id=294920
.key=Bios, rpc_port=50013, msg_que_id=425996
.key=McdlSdr, rpc_port=50009, msg_que_id=294920
.key=PMBusTempMonitor, rpc_port=50009, msg_que_id=294920
.key=DiskSlotInfo, rpc_port=50014, msg_que_id=458765
.key=LDAP, rpc_port=50023, msg_que_id=753686
.key=PassThroughCard, rpc_port=50014, msg_que_id=458765
.key=ReserveChanTest, rpc_port=50011, msg_que_id=360458
.key=RedfishEvtSubscription, rpc_port=50020, msg_que_id=655379
.key=Watchdog2, rpc_port=50022, msg_que_id=720917
.key=LedDispElmt_S, rpc_port=50009, msg_que_id=294920
.key=TransferFileInfo, rpc_port=50023, msg_que_id=753686
.key=PsuSlot, rpc_port=50024, msg_que_id=786455
.key=FruPayload, rpc_port=50022, msg_que_id=720917
.key=VMDCondition, rpc_port=50023, msg_que_id=753686
.key=_User, rpc_port=50026, msg_que_id=851993
.key=BoardInfoCollectCfg, rpc_port=50023, msg_que_id=753686
.key=Policy1Class, rpc_port=50021, msg_que_id=688148
.key=NetCard, rpc_port=50014, msg_que_id=458765
.key=Sel, rpc_port=50009, msg_que_id=294920
.key=ProductComponent, rpc_port=50023, msg_que_id=753686
.key=SLIMCableConfig, rpc_port=50016, msg_que_id=524303
.key=CfgMgnt, rpc_port=50003, msg_que_id=98306
.key=RiserPcieCard, rpc_port=50014, msg_que_id=458765
.key=OpticalModule, rpc_port=50028, msg_que_id=917531
.key=NPUHistoryECCInfo, rpc_port=50017, msg_que_id=557072
.key=RepeaterMgnt, rpc_port=50014, msg_que_id=458765
.key=ChipValueChecker, rpc_port=50009, msg_que_id=294920
.key=_net_nat, rpc_port=50029, msg_que_id=950300
.key=IPMIChannel, rpc_port=50025, msg_que_id=819224
.key=OscaPcieCard, rpc_port=50014, msg_que_id=458765
.key=LedDispElmt_RP, rpc_port=50009, msg_que_id=294920
.key=EventPolicy, rpc_port=50009, msg_que_id=294920
.key=iBMAUSBMassStorage, rpc_port=50004, msg_que_id=131075
.key=NvGPUAction, rpc_port=50014, msg_que_id=458765
.key=DiskArray, rpc_port=50016, msg_que_id=524303
.key=OscaPort, rpc_port=50013, msg_que_id=425996
.key=RmcpConfig, rpc_port=50025, msg_que_id=819224
.key=SASPHYStatus, rpc_port=50016, msg_que_id=524303
.key=SMMPCIeInfo, rpc_port=50014, msg_que_id=458765
.key=OCPCard, rpc_port=50014, msg_que_id=458765
.key=VirtualHDDBackplane, rpc_port=50014, msg_que_id=458765
.key=ProxyVmm, rpc_port=50018, msg_que_id=589841
.key=VmseChannel, rpc_port=50017, msg_que_id=557072
.key=HinicFirmware, rpc_port=50008, msg_que_id=262151
.key=MatchRegValue, rpc_port=50001, msg_que_id=32768
.key=Warning, rpc_port=50009, msg_que_id=294920
.key=Contact, rpc_port=50023, msg_que_id=753686
.key=Session, rpc_port=50026, msg_que_id=851993
.key=ExtendPcieCard, rpc_port=50014, msg_que_id=458765
.key=MaxValueMonitor, rpc_port=50009, msg_que_id=294920
.key=BusinessPort, rpc_port=50028, msg_que_id=917531
.key=CLASSFANTYPE, rpc_port=50021, msg_que_id=688148
.key=ButtonTest, rpc_port=50011, msg_que_id=360458
.key=SdrDev, rpc_port=50009, msg_que_id=294920
.key=SSDPConfig, rpc_port=50019, msg_que_id=622610
.key=BoardPower, rpc_port=50024, msg_que_id=786455
.key=PCIeSSDCard, rpc_port=50014, msg_que_id=458765
.key=USBMassStorage, rpc_port=50004, msg_que_id=131075
.key=MassStorage, rpc_port=50016, msg_que_id=524303
.key=TrapConfig, rpc_port=50009, msg_que_id=294920
.key=BIOSEvent, rpc_port=50009, msg_que_id=294920
.key=Led, rpc_port=50009, msg_que_id=294920
.key=PortConfig, rpc_port=50028, msg_que_id=917531
.key=PCIeDisk, rpc_port=50016, msg_que_id=524303
.key=PTAS, rpc_port=50021, msg_que_id=688148
.key=CompositionZone, rpc_port=50001, msg_que_id=32768
.key=MctpCtrl, rpc_port=50012, msg_que_id=393227
.key=SignalMonitor, rpc_port=50009, msg_que_id=294920
.key=MutualAuthentication, rpc_port=50023, msg_que_id=753686
.key=Card, rpc_port=50014, msg_que_id=458765
.key=RaidChip, rpc_port=50016, msg_que_id=524303
.key=Eth, rpc_port=50028, msg_que_id=917531
.key=LogicalDriveAlertInfo, rpc_port=50016, msg_que_id=524303
.key=Video, rpc_port=50004, msg_que_id=131075
.key=LedDispControl, rpc_port=50009, msg_que_id=294920
.key=Dump, rpc_port=50027, msg_que_id=884762
.key=FruStatics, rpc_port=50007, msg_que_id=229382
.key=_BIOS, rpc_port=50013, msg_que_id=425996
.key=ScriptEngine, rpc_port=50027, msg_que_id=884762
.key=PcieRootPortMap, rpc_port=50007, msg_que_id=229382
.key=FruDev, rpc_port=50007, msg_que_id=229382
.key=FPGAMemory, rpc_port=50017, msg_que_id=557072
.key=EventSeverityChange, rpc_port=50009, msg_que_id=294920
.key=_dfm, rpc_port=50000, msg_que_id=0
.key=TrapItemCfg, rpc_port=50009, msg_que_id=294920
.key=LedTest, rpc_port=50009, msg_que_id=294920
.key=DataCondition, rpc_port=50017, msg_que_id=557072
.key=StorageDiagnose, rpc_port=50016, msg_que_id=524303
.key=PcieCard, rpc_port=50014, msg_que_id=458765
.key=PowerAlert, rpc_port=50024, msg_que_id=786455
.key=PowerSignalMonitor, rpc_port=50009, msg_que_id=294920
.key=ComponentFirmware, rpc_port=50008, msg_que_id=262151
.key=NpuAbility, rpc_port=50017, msg_que_id=557072
.key=_Dft, rpc_port=50011, msg_que_id=360458
.key=MgmtChipEnvConfig, rpc_port=50023, msg_que_id=753686
.key=BMCCoreManagement, rpc_port=50023, msg_que_id=753686
.key=SeriaManagement, rpc_port=50025, msg_que_id=819224
.key=OcpCardControl, rpc_port=50014, msg_que_id=458765
.key=FirmwareLimit, rpc_port=50011, msg_que_id=360458
.key=User, rpc_port=50026, msg_que_id=851993
.key=Upgrade, rpc_port=50008, msg_que_id=262151
.key=_sensor_alarm, rpc_port=50009, msg_que_id=294920
.key=PrivilegeAgent, rpc_port=50018, msg_que_id=589841
.key=Eeprom, rpc_port=50008, msg_que_id=262151
.key=Condition, rpc_port=50021, msg_que_id=688148
.key=TempMonitor, rpc_port=50009, msg_que_id=294920
.key=_CpuMem, rpc_port=50017, msg_que_id=557072
.key=SMM, rpc_port=50023, msg_que_id=753686
.key=LDAPCommon, rpc_port=50023, msg_que_id=753686
.key=SensorCategory, rpc_port=50009, msg_que_id=294920
.key=NandFlash, rpc_port=50023, msg_que_id=753686
.key=Raid, rpc_port=50014, msg_que_id=458765
.key=TransferFile, rpc_port=50023, msg_que_id=753686
.key=DftCtrl, rpc_port=50011, msg_que_id=360458
.key=Entity, rpc_port=50009, msg_que_id=294920
.key=UidButton, rpc_port=50009, msg_que_id=294920
.key=Hdd, rpc_port=50016, msg_que_id=524303
.key=InterfaceTest, rpc_port=50011, msg_que_id=360458
.key=CardAction, rpc_port=50014, msg_que_id=458765
.key=EncryptKey, rpc_port=50026, msg_que_id=851993
.key=_diagnose, rpc_port=50015, msg_que_id=491534
.key=Language, rpc_port=50009, msg_que_id=294920
.key=Hotswap, rpc_port=50022, msg_que_id=720917
.key=ManualControlLed, rpc_port=50009, msg_que_id=294920
.key=_agentless, rpc_port=50010, msg_que_id=327689
.key=AlertString, rpc_port=50009, msg_que_id=294920
.key=LocalHostAgentPort, rpc_port=50029, msg_que_id=950300
.key=DftLSWConfig, rpc_port=50028, msg_que_id=917531
.key=DataAcquisitionTagDefinition, rpc_port=50015, msg_que_id=491534
.key=MezzCard, rpc_port=50014, msg_que_id=458765
.key=MemoryChannel, rpc_port=50017, msg_que_id=557072
.key=_Payload, rpc_port=50022, msg_que_id=720917
.key=AssetLocateBoard, rpc_port=50014, msg_que_id=458765
.key=RegMonitor, rpc_port=50009, msg_que_id=294920
.key=_MaintDebug, rpc_port=50027, msg_que_id=884762
.key=SysFWProgressStatus, rpc_port=50017, msg_que_id=557072
.key=_StorageMgnt, rpc_port=50016, msg_que_id=524303
.key=ConditionGroup, rpc_port=50021, msg_que_id=688148
.key=OSDrivePartition, rpc_port=50010, msg_que_id=327689
.key=_BMC, rpc_port=50023, msg_que_id=753686
.key=Log, rpc_port=50027, msg_que_id=884762
.key=_portal, rpc_port=50006, msg_que_id=196613
.key=Payload, rpc_port=50022, msg_que_id=720917
.key=_FileManage, rpc_port=50003, msg_que_id=98306
.key=PCIeFPGACard, rpc_port=50014, msg_que_id=458765
.key=LicenseKeyInfo, rpc_port=50002, msg_que_id=65537
.key=EthRename, rpc_port=50028, msg_que_id=917531
.key=StorageCfgCustomize, rpc_port=50016, msg_que_id=524303
.key=PcieSwitch, rpc_port=50001, msg_que_id=32768
.key=FdmConfig, rpc_port=50015, msg_que_id=491534
.key=MSPP, rpc_port=50024, msg_que_id=786455
.key=Firmware, rpc_port=50008, msg_que_id=262151
.key=DataAcquisitionService, rpc_port=50015, msg_que_id=491534
.key=VNC, rpc_port=50004, msg_que_id=131075
.key=ExtendSASCable, rpc_port=50016, msg_que_id=524303
.key=I2CTest, rpc_port=50011, msg_que_id=360458
.key=DiscreteEvent, rpc_port=50009, msg_que_id=294920
.key=FanGroup, rpc_port=50021, msg_que_id=688148
.key=LicenseSaleItem, rpc_port=50002, msg_que_id=65537
.key=DeaSdr, rpc_port=50009, msg_que_id=294920
.key=Vmm, rpc_port=50004, msg_que_id=131075
.key=SSLEncryptKey, rpc_port=50026, msg_que_id=851993
.key=ChipConfigMgnt, rpc_port=50008, msg_que_id=262151
.key=Ipmb, rpc_port=50025, msg_que_id=819224
.key=TreeNode, rpc_port=50015, msg_que_id=491534
.key=ProcessorFamily, rpc_port=50015, msg_que_id=491534
.key=SMS, rpc_port=50010, msg_que_id=327689
.key=PcieSwitchAction, rpc_port=50001, msg_que_id=32768
.key=EventInformation, rpc_port=50009, msg_que_id=294920
.key=FibreChannel, rpc_port=50028, msg_que_id=917531
.key=LDAPGroup, rpc_port=50023, msg_que_id=753686
.key=AgeTest, rpc_port=50011, msg_que_id=360458
.key=ThresholdSensor, rpc_port=50009, msg_que_id=294920
.key=EthGroup, rpc_port=50028, msg_que_id=917531
.key=BladeCpuThermal, rpc_port=50021, msg_que_id=688148
.key=PCIeTransformCard, rpc_port=50014, msg_que_id=458765
.key=CompositionEndpoint, rpc_port=50001, msg_que_id=32768
.key=PswCpld, rpc_port=50001, msg_que_id=32768
.key=ConditionAction, rpc_port=50009, msg_que_id=294920
.key=EnvRecord, rpc_port=50009, msg_que_id=294920
.key=_PcieSwitch, rpc_port=50001, msg_que_id=32768
.key=BoardRTC, rpc_port=50023, msg_que_id=753686
.key=BladeCoolingPolicy, rpc_port=50021, msg_que_id=688148
.key=LedDispElmt, rpc_port=50009, msg_que_id=294920
.key=_cooling_app, rpc_port=50021, msg_que_id=688148
.key=GPUCard, rpc_port=50014, msg_que_id=458765
.key=StringFormator, rpc_port=50009, msg_que_id=294920
.key=EventConfiguration, rpc_port=50009, msg_que_id=294920
.key=Chassis, rpc_port=50023, msg_que_id=753686
.key=ComponentPowerCtrl, rpc_port=50014, msg_que_id=458765
.key=_MCTP, rpc_port=50012, msg_que_id=393227
.key=Redfish, rpc_port=50020, msg_que_id=655379
.key=EndpointIdentifier, rpc_port=50001, msg_que_id=32768
.key=Pex8725, rpc_port=50001, msg_que_id=32768
.key=_LicenseMgnt, rpc_port=50002, msg_que_id=65537
.key=BoardTypeDefinition, rpc_port=50023, msg_que_id=753686
.key=KRBCommon, rpc_port=50023, msg_que_id=753686
.key=_UPGRADE, rpc_port=50008, msg_que_id=262151
.key=SOLManagement, rpc_port=50025, msg_que_id=819224
.key=ChipVrdParameterConfig, rpc_port=50008, msg_que_id=262151
.key=LSWChipMgnt, rpc_port=50028, msg_que_id=917531
.key=ExPortConfig, rpc_port=50028, msg_que_id=917531
.key=BBU, rpc_port=50016, msg_que_id=524303
.key=VncLink, rpc_port=50004, msg_que_id=131075
.key=HDDLocationStatus, rpc_port=50016, msg_que_id=524303
.key=EthFunctionDefine, rpc_port=50028, msg_que_id=917531
.key=DNSSetting, rpc_port=50005, msg_que_id=163844
.key=SSL, rpc_port=50023, msg_que_id=753686
.key=RemoteHttpsServerRootCert, rpc_port=50023, msg_que_id=753686
.key=DftVersion, rpc_port=50011, msg_que_id=360458
.key=PeripheralDeviceSensor, rpc_port=50014, msg_que_id=458765
.key=SASExpander, rpc_port=50016, msg_que_id=524303
.key=MemoryBoard, rpc_port=50014, msg_que_id=458765
.key=Cpu, rpc_port=50017, msg_que_id=557072
.key=RegConfig, rpc_port=50014, msg_que_id=458765
.key=_FruData, rpc_port=50007, msg_que_id=229382
.key=Gpio, rpc_port=50009, msg_que_id=294920
.key=LicenseAlarmInfo, rpc_port=50002, msg_que_id=65537
.key=LDAPCert, rpc_port=50023, msg_que_id=753686
.key=ChipValueReader, rpc_port=50009, msg_que_id=294920
.key=VRDUpgradeMgnt, rpc_port=50008, msg_que_id=262151
.key=LedCtrl, rpc_port=50009, msg_que_id=294920
.key=PefFilter, rpc_port=50009, msg_que_id=294920
.key=_redfish, rpc_port=50020, msg_que_id=655379
.key=AdditionalFan, rpc_port=50021, msg_que_id=688148
.key=SelFilter, rpc_port=50009, msg_que_id=294920
.key=CPLDSelftest, rpc_port=50011, msg_que_id=360458
.key=SMMportswitch, rpc_port=50028, msg_que_id=917531
.key=PcieRetimerAction, rpc_port=50001, msg_que_id=32768
.key=OAM, rpc_port=50028, msg_que_id=917531
.key=ModbusSlave, rpc_port=50014, msg_que_id=458765
.key=PowerOnCriteria, rpc_port=50022, msg_que_id=720917
.key=CpuPowTempMap, rpc_port=50021, msg_que_id=688148
.key=Diagnose, rpc_port=50015, msg_que_id=491534
.key=Fru, rpc_port=50007, msg_que_id=229382
.key=MMPortOtmInfo, rpc_port=50028, msg_que_id=917531
.key=LogicalDrive, rpc_port=50016, msg_que_id=524303
.key=I2cLed, rpc_port=50009, msg_que_id=294920
.key=_discovery, rpc_port=50019, msg_que_id=622610
.key=EventDescp, rpc_port=50009, msg_que_id=294920
.key=_ipmi_app, rpc_port=50025, msg_que_id=819224
.key=Composition, rpc_port=50001, msg_que_id=32768
.key=Component, rpc_port=50007, msg_que_id=229382
.key=BusinessPortVLAN, rpc_port=50028, msg_que_id=917531
.key=MutualAuthenticationRootCert, rpc_port=50023, msg_que_id=753686
.key=Elabel, rpc_port=50007, msg_que_id=229382
.key=SecurityEnhance, rpc_port=50026, msg_que_id=851993
.key=VRDUpgradeMgntAssist, rpc_port=50008, msg_que_id=262151
.key=InsertStatusLedCtrl, rpc_port=50009, msg_que_id=294920
.key=ResidentStorageMgnt, rpc_port=50016, msg_que_id=524303
.key=_NetConfig, rpc_port=50028, msg_que_id=917531
.key=LicenseGeneralInfo, rpc_port=50002, msg_que_id=65537
.key=DftStatus, rpc_port=50011, msg_que_id=360458
.key=NTP, rpc_port=50023, msg_que_id=753686
.key=Com, rpc_port=50025, msg_que_id=819224
.key=NoDevTest, rpc_port=50009, msg_que_id=294920
.key=MngtPortCap, rpc_port=50028, msg_que_id=917531
.key=USBPortSwitch, rpc_port=50023, msg_que_id=753686
.key=IpmbEth, rpc_port=50025, msg_que_id=819224
.key=SLIMCable, rpc_port=50016, msg_que_id=524303
.key=Modbus, rpc_port=50014, msg_que_id=458765
.key=IsMemBoard, rpc_port=50014, msg_que_id=458765
.key=ExternalRefInfo, rpc_port=50015, msg_que_id=491534
.key=AccessorUpdateAction, rpc_port=50008, msg_que_id=262151
.key=ProxyKvm, rpc_port=50018, msg_que_id=589841
.key=ChipUpgradeByI2C, rpc_port=50008, msg_que_id=262151
=====================other info=============================
ipmi app rpc port=50025
dft app rpc port=50011
my rpc port=50020
my ipc id=655379
sync sem4 id=32768
module id=21
=============================client end==========================
=====================class info============================
--------------------- Com                 -----------------
--------------------- FdmWebConfig        -----------------
--------------------- PrivilegeAgent      -----------------
--------------------- Wave                -----------------
--------------------- VRDUpgradeMgnt      -----------------
--------------------- LicenseManage       -----------------
--------------------- Anchor              -----------------
--------------------- Condition           -----------------
--------------------- VariantExpression   -----------------
--------------------- NPU                 -----------------
listened       : IErr: 491534, 
               : IMUState: 491534, 
--------------------- Sel                 -----------------
listened       : SELCleared: 294920, 
--------------------- MutualAuthentication-----------------
listened       : MutualAuthenticationState: 589841, 851993, 
               : MutualAuthenticationOCSP: 589841, 851993, 
               : MutualAuthenticationCRL: 589841, 
--------------------- NandFlash           -----------------
--------------------- MutualAuthenticationRootCert-----------------
listened       : hashId: 589841, 
               : hashValue: 589841, 
               : CRLFilePath: 589841, 
--------------------- BBU                 -----------------
listened       : Present: 294920, 
--------------------- SSDPConfig          -----------------
listened       : UseInterface: 917531, 
               : IPv6Addr: 917531, 
--------------------- SyslogItemCfg       -----------------
--------------------- LicenseGeneralInfo  -----------------
--------------------- SmtpItemCfg         -----------------
--------------------- RaidController      -----------------
--------------------- User                -----------------
listened       : SnmpPrivProtocol: 589841, 
               : Privilege: 851993, 
               : IsUserEnable: 851993, 
               : PassWord: 851993, 
--------------------- SystemManagerInfo   -----------------
--------------------- Component           -----------------
listened       : Health: 294920, 
--------------------- Snmp                -----------------
listened       : SnmpCommMasterKeyId: 851993, 
               : OldEngineID: 851993, 
               : AuthProtocol: 917531, 
               : PrivProtocol: 917531, 
               : PortID: 917531, 
--------------------- Diagnose            -----------------
--------------------- Bus                 -----------------
--------------------- BOARD               -----------------
listened       : SlotId: 753686, 917531, 
--------------------- VNC                 -----------------
listened       : PwdMasterKeyId: 851993, 
--------------------- PermitRule          -----------------
--------------------- LDAPCommon          -----------------
--------------------- SmtpConfig          -----------------
listened       : LoginPasswdMasterKeyId: 851993, 
--------------------- LicenseSaleItem     -----------------
--------------------- MainBoard           -----------------
listened       : Health: 294920, 
--------------------- VncLink             -----------------
--------------------- OnePower            -----------------
listened       : PsType: 786455, 
               : Health: 294920, 
               : VinStatus: 294920, 
               : ReplaceFlag: 294920, 
--------------------- DiskArray           -----------------
--------------------- SOLManagement       -----------------
--------------------- Log                 -----------------
--------------------- Contact             -----------------
--------------------- USBMassStorage      -----------------
--------------------- BMC                 -----------------
listened       : HostName: 589841, 163844, 917531, 294920, 
               : CustomManufacturer: 655379, 
--------------------- SMS                 -----------------
listened       : BoBChannelType: 589841, 819224, 917531, 950300, 
               : IPAddr: 655379, 294920, 
               : Port: 655379, 950300, 
               : RegisterState: 655379, 
               : MinPort: 294920, 
               : MaxPort: 294920, 
               : UpdateStatus: 524303, 
               : CdevChannelEnabled: 950300, 
--------------------- Stateless           -----------------
listened       : AutoPowerOn: 917531, 
--------------------- KRBCommon           -----------------
--------------------- RedfishEvtSubscription-----------------
--------------------- Chip                -----------------
--------------------- Hdd                 -----------------
listened       : Id: 491534, 229382, 
               : ReplaceFlag: 294920, 
               : Presence: 294920, 
               : RebuildState: 294920, 
--------------------- FdmConfig           -----------------
--------------------- DftVersion          -----------------
--------------------- Policy1Class        -----------------
--------------------- LDAP                -----------------
listened       : BindDNPswMasterKeyId: 851993, 
--------------------- TrapItemCfg         -----------------
listened       : BmaVethIpPort: 950300, 
--------------------- Dump                -----------------
--------------------- PcieCard            -----------------
listened       : Health: 294920, 
               : FatalError: 294920, 
               : FDMFault: 294920, 
               : ReplaceFlag: 294920, 
--------------------- PowerCapping        -----------------
listened       : Failed: 294920, 
--------------------- TrapConfig          -----------------
listened       : CommunityMasterKeyId: 851993, 
--------------------- Session             -----------------
--------------------- DNSSetting          -----------------
listened       : DomainName: 589841, 
--------------------- LicenseFeatureKey   -----------------
--------------------- LocalBusMix         -----------------
--------------------- SysPower            -----------------
--------------------- Hotswap             -----------------
listened       : CurrentHotswapState: 458765, 917531, 
               : MixHotswapState: 786455, 294920, 
--------------------- LicenseSaleInfo     -----------------
--------------------- Accessor            -----------------
--------------------- Connector           -----------------
--------------------- RiserPcieCard       -----------------
listened       : Health: 294920, 
               : ReplaceFlag: 294920, 
--------------------- ProductComponent    -----------------
--------------------- Elabel              -----------------
listened       : BoardSerialNumber: 65537, 294920, 
               : MfgDateTime: 753686, 
               : ProductAssetTag: 294920, 
               : ChassisSerialNumber: 294920, 
--------------------- Eth                 -----------------
listened       : VlanID: 589841, 
               : Health: 294920, 
--------------------- Redfish             -----------------
listened       : RedfishMasterKeyId: 851993, 
--------------------- EthGroup            -----------------
listened       : IpVersion: 589841, 851993, 
               : IpAddr: 589841, 819224, 851993, 917531, 
               : Ipv6Addr: 589841, 851993, 917531, 
               : SLAACIpv6Addr: 589841, 917531, 
               : Ipv6LocalLink: 589841, 917531, 
               : ActivePort: 589841, 917531, 
               : Type: 589841, 917531, 
               : IpMode: 851993, 753686, 
               : SubnetMask: 851993, 
               : DefaultGateway: 851993, 
               : Ipv6Mode: 851993, 753686, 
               : Ipv6DefaultGateway: 851993, 
               : Ipv6Prefix: 851993, 
               : VlanID: 917531, 
               : VlanState: 917531, 
               : NetMode: 917531, 
--------------------- Raid                -----------------
listened       : Health: 294920, 
               : ReplaceFlag: 294920, 
--------------------- PasswdSetting       -----------------
--------------------- EncryptKey          -----------------
listened       : WorkKey: 589841, 655379, 294920, 851993, 131075, 
--------------------- Firmware            -----------------
--------------------- Payload             -----------------
listened       : SysResetFlag: 32768, 491534, 262151, 425996, 557072, 458765, 786455, 294920, 327689, 524303, 131075, 
               : ChassisPowerState: 491534, 262151, 425996, 557072, 458765, 786455, 720917, 294920, 327689, 524303, 131075, 
               : ResetFlag: 491534, 425996, 557072, 458765, 786455, 327689, 524303, 294920, 
               : RestartValue: 425996, 294920, 
               : AcpiStatus: 720917, 
               : BoardStableStatus: 819224, 
               : AcpiValue: 294920, 
               : PwrOkSigDrop: 294920, 
               : PwrButtonFlag: 294920, 
               : PowerGd: 688148, 
--------------------- HDDBackplane        -----------------
listened       : ReplaceFlag: 294920, 
--------------------- Cooling             -----------------
--------------------- LicenseAlarmInfo    -----------------
--------------------- SecurityEnhance     -----------------
listened       : TLSVersion: 589841, 131075, 
               : AntiDNSRebindStatus: 589841, 
               : SSLCipherSuites: 589841, 
               : SystemLockDownStatus: 655379, 819224, 
               : RMCPCipherSuites: 819224, 
               : BannerState: 851993, 
               : MKUpdateInterval: 851993, 
               : IpmiMasterKeyId: 851993, 
               : SnmpPrivacyPwdMasterKeyId: 851993, 
               : CertOverdueWarnTime: 753686, 
--------------------- FANClass            -----------------
--------------------- LogicalDrive        -----------------
--------------------- NTP                 -----------------
listened       : NtpPwdMasterKeyId: 851993, 
               : SysTimeJumpVal: 753686, 
--------------------- SSL                 -----------------
listened       : CertStatus: 589841, 
               : SSLMasterKeyId: 851993, 
--------------------- DiskFaultPrediction -----------------
--------------------- Led                 -----------------
--------------------- Pca9545             -----------------
--------------------- NetCard             -----------------
listened       : HotplugCtrlStatus: 458765, 
               : Health: 294920, 
               : Eid: 917531, 
               : PrePlug: 917531, 
               : FDMFault: 294920, 
               : ReplaceFlag: 294920, 
--------------------- KvmLink             -----------------
--------------------- DiscreteSensor      -----------------
listened       : Health: 294920, 688148, 
--------------------- I2c                 -----------------
--------------------- Entity              -----------------
listened       : Health: 294920, 
--------------------- Memory              -----------------
listened       : ReplaceFlag: 294920, 
               : FDMFault: 294920, 
--------------------- MutualAuthenticationCliCert-----------------
--------------------- MngtPortCap         -----------------
--------------------- Video               -----------------
--------------------- Warning             -----------------
listened       : HealthStatus: 294920, 
--------------------- EventMonitor        -----------------
listened       : State: 294920, 
--------------------- MeInfo              -----------------
listened       : CpuTjmax: 688148, 
--------------------- RedfishEventService -----------------
--------------------- PeripheralDeviceSensor-----------------
--------------------- RmcpConfig          -----------------
listened       : Port1: 950300, 
               : Port2: 950300, 
--------------------- iBMAUSBMassStorage  -----------------
--------------------- Cpu                 -----------------
listened       : IErr: 491534, 131075, 
               : McErr: 491534, 131075, 
               : Error2: 491534, 
               : MirrorFailChMask: 491534, 
               : Version: 688148, 
               : FDMFault: 294920, 
--------------------- UserRole            -----------------
listened       : KVMMgnt: 851993, 
               : VMMMgnt: 851993, 
--------------------- Bios                -----------------
listened       : SystemStartupState: 491534, 917531, 
               : PcieCardBDF: 458765, 
               : PcieDiskBDF: 458765, 
               : OCPCardBDF: 458765, 
               : MenuChangeFlag: 458765, 
               : BiosBootStage: 458765, 
               : BiosPwdMasterKeyId: 851993, 
               : StartOption: 131075, 
--------------------- ThresholdSensor     -----------------
listened       : Health: 294920, 688148, 
--------------------- LLDPConfig          -----------------
--------------------- CLASSFANTYPE        -----------------
--------------------- ProxyVmm            -----------------
listened       : Port: 131075, 
               : State: 131075, 
               : EncryptState: 131075, 
--------------------- Expression          -----------------
listened       : Value: 294920, 
--------------------- PortConfig          -----------------
listened       : State: 589841, 851993, 917531, 950300, 
               : Port: 589841, 851993, 917531, 950300, 
--------------------- SyslogConfig        -----------------
--------------------- PcieAddrInfo        -----------------
--------------------- Fru                 -----------------
--------------------- ProxyKvm            -----------------
listened       : Port: 131075, 
               : State: 131075, 
               : ScreenSwitch: 131075, 
               : KvmTimeout: 131075, 
               : LocalKVMState: 131075, 
--------------------- ComputerSystem      -----------------
listened       : iBMAEvent: 294920, 
--------------------- RemoteHttpsServerRootCert-----------------
--------------------- PRODUCT             -----------------
listened       : SessionTokenLength: 327689, 
--------------------- EventInformation    -----------------
--------------------- Vmm                 -----------------
--------------------- PMEServiceConfig    -----------------
listened       : BoardInfoCollectEnable: 753686, 
--------------------- BusinessPort        -----------------
listened       : ActualMac: 917531, 
               : LinkStatusBMA: 294920, 
--------------------- LDAPCert            -----------------
--------------------- RegMonitor          -----------------
listened       : MonSenValue: 294920, 
--------------------- Kvm                 -----------------
--------------------- PCIeFPGACard        -----------------
--------------------- LDAPGroup           -----------------
--------------------- Chassis             -----------------
listened       : ChassisNum: 917531, 
               : ChassisName: 294920, 
               : Location: 294920, 
--------------------- Upgrade             -----------------
listened       : UpgradedFlag: 589841, 655379, 425996, 294920, 851993, 131075, 753686, 
               : PreRollbackFlag: 589841, 655379, 425996, 294920, 851993, 131075, 753686, 
               : Degrade: 557072, 
               : UpgradeFileMasterKeyId: 851993, 
--------------------- SASPHYStatus        -----------------
=====================fwrite info============================
fm sync fwrite cnt: 0
log fwrite cnt: 0
fm setcontent fwrite cnt: 0
