==========================object===========================
----------------- Mem130InitErrorCond           -----------
ref count      : 1
----------------- ComponentInfo27               -----------
ref count      : 1
----------------- PRODUCT                       -----------
ref count      : 1
.SessionTokenLength : listened by port : 327689, 
----------------- Memory051                     -----------
ref count      : 1
.Technology     : send event count: 1
.SN             : send event count: 1
.Capacity       : send event count: 1
.ClockSpeed     : send event count: 1
.ControllerTemp : send event count: 1
.ConfigMemClkSpeed : send event count: 1
.Type           : send event count: 1
.MediaTemp      : send event count: 1
.FDMFault       : listened by port : 294920, 
.OriPartNum     : send event count: 1
.PartNum        : send event count: 1
.BaseModuleType : send event count: 1
.ReplaceFlag    : listened by port : 294920, 
.BomNum         : send event count: 1
.Manufacturer   : send event count: 1
----------------- ComHdd8-2                     -----------
ref count      : 1
.Health         : listened by port : 294920, 
----------------- Mem050InitErrorCond           -----------
ref count      : 1
----------------- ComponentInfo113              -----------
ref count      : 1
----------------- ComponentInfo98               -----------
ref count      : 1
----------------- Mem041ConfigErrorCond         -----------
ref count      : 1
----------------- CPU0_PRE_Chan6_1HA            -----------
ref count      : 1
----------------- ComHdd3-2                     -----------
ref count      : 1
.Health         : listened by port : 294920, 
----------------- ComponentInfo28               -----------
ref count      : 1
----------------- Cpu1Channel0                  -----------
ref count      : 1
.FDMFault       : listened by port : 294920, 
----------------- CPU1_ECC_Chan3_1HA            -----------
ref count      : 1
----------------- ComMemory010                  -----------
ref count      : 1
.Health         : listened by port : 294920, 
----------------- ComponentInfo51               -----------
ref count      : 1
----------------- ComponentInfo52               -----------
ref count      : 1
----------------- ComponentInfo114              -----------
ref count      : 1
----------------- Mem141ConfigErrorCond         -----------
ref count      : 1
----------------- ComponentInfo99               -----------
ref count      : 1
----------------- ComMemory011                  -----------
ref count      : 1
.Health         : listened by port : 294920, 
----------------- Upgrade:C                     -----------
ref count      : 1
----------------- ComponentInfo29               -----------
ref count      : 1
----------------- Cpu1Channel1                  -----------
ref count      : 1
.FDMFault       : listened by port : 294920, 
----------------- Mem061ConfigErrorCond         -----------
ref count      : 1
----------------- log_0                         -----------
ref count      : 1
----------------- ComponentInfo53               -----------
ref count      : 1
----------------- ComponentInfo115              -----------
ref count      : 1
----------------- Cpu0CatIErrAccessor           -----------
ref count      : 1
----------------- Mem161ConfigErrorCond         -----------
ref count      : 1
----------------- Cpu1Channel2                  -----------
ref count      : 1
.FDMFault       : listened by port : 294920, 
----------------- MeInfo                        -----------
ref count      : 1
.FirmVersion    : send event count: 45
.CpuTjmax       : listened by port : 688148, 
.MeStatus       : send event count: 101
----------------- Cpu1RstOutFlag                -----------
ref count      : 1
.Value          : listened by port : 294920, 
----------------- ComNICCard-3                  -----------
ref count      : 1
.Health         : listened by port : 294920, 
----------------- ComponentInfo54               -----------
ref count      : 1
----------------- ComponentInfo116              -----------
ref count      : 1
----------------- Mem150InitErrorCond           -----------
ref count      : 1
----------------- CPU0_PRE_Chan5_1HA            -----------
ref count      : 1
----------------- CPU1_ECC_Chan2_1HA            -----------
ref count      : 1
----------------- Cpu1Channel3                  -----------
ref count      : 1
.FDMFault       : listened by port : 294920, 
----------------- ComNICCard-4                  -----------
ref count      : 1
.Health         : listened by port : 294920, 
----------------- Memory130                     -----------
ref count      : 1
.Technology     : send event count: 1
.SN             : send event count: 1
.Capacity       : send event count: 1
.ClockSpeed     : send event count: 1
.Rank           : send event count: 1
.ControllerTemp : send event count: 1
.ConfigMemClkSpeed : send event count: 1
.Type           : send event count: 1
.Presence       : send event count: 1
.MediaTemp      : send event count: 1
.FDMFault       : listened by port : 294920, 
.OriPartNum     : send event count: 1
.ChipBitWidth   : send event count: 1
.PartNum        : send event count: 1
.BaseModuleType : send event count: 1
.BitWidth       : send event count: 1
.MinimumVoltage : send event count: 1
.ReplaceFlag    : listened by port : 294920, 
.BomNum         : send event count: 1
.Manufacturer   : send event count: 1
----------------- ComponentInfo1                -----------
ref count      : 1
----------------- ComponentInfo55               -----------
ref count      : 1
----------------- ComponentInfo117              -----------
ref count      : 1
----------------- NPU1-902                      -----------
ref count      : 1
.CtrlCPUUsagePercent : send event count: 1
.SingleECC      : send event count: 1
.NPUEntity      : send event count: 1
.IErrFlag       : send event count: 1
.ECCAlarmStatus : send event count: 1
.Health         : send event count: 1
.MemUsagePercent : send event count: 1
.AiCoreMaxSpeedMHz : send event count: 1
.HistoryEccCount : send event count: 1
.Architecture   : send event count: 1
.VRDChipTemp    : send event count: 1
.SN             : send event count: 1
.Board          : send event count: 1
.DroppedPackets : send event count: 1
.FirmwareVersion : send event count: 1
.AiCPUUsagePercent : send event count: 1
.Name           : send event count: 1
.MemoryUsageKiB : send event count: 1
.Version        : send event count: 1
.Power          : send event count: 1
.HBMTemp        : send event count: 1
.MemoryCapacityKiB : send event count: 1
.IErr           : send event count: 1 : listened by port : 491534, 
.HistorySingleBitEcc : send event count: 1
.Mode           : send event count: 1
.ComputeCapability : send event count: 1
.ReceivedPackets : send event count: 1
.Gateway        : send event count: 1
.Volt           : send event count: 1
.RootBDF        : send event count: 1
.SubnetMask     : send event count: 1
.BDF            : send event count: 2
.Presence       : send event count: 1
.NpuLogProcessBar : send event count: 1
.Id             : send event count: 1
.MACAddress     : send event count: 1
.VenderId       : send event count: 1
.BMAId          : send event count: 1
.AiCoreUsagePercent : send event count: 1
.IpAddr         : send event count: 1
.PowerOn        : send event count: 1
.MemBWUsagePercent : send event count: 1
.MemoryFreeKiB  : send event count: 1
.HBMBWUsagePercent : send event count: 1
.FDMFault       : send event count: 1
.HistoryEccTime : send event count: 1
.PFAEvent       : send event count: 1
.DoubleECC      : send event count: 1
.DeviceId       : send event count: 1
.IMUState       : send event count: 1 : listened by port : 491534, 
.HistoryMultiBitEcc : send event count: 1
.AiCoreTemp     : send event count: 1
.TransmittedPackets : send event count: 1
.ThermTrip      : send event count: 1
.CapabilitySupportMask : send event count: 1
.NimBusTemp     : send event count: 1
.Model          : send event count: 1
.HBMUsagePercent : send event count: 1
.InstructionSet : send event count: 1
.Manufacturer   : send event count: 1
.TotalMemoryKiB : send event count: 1
----------------- localbus1                     -----------
ref count      : 1
----------------- ComPcieCard-801               -----------
ref count      : 1
.Health         : listened by port : 294920, 
----------------- NPU1-901                      -----------
ref count      : 1
.CtrlCPUUsagePercent : send event count: 1
.SingleECC      : send event count: 1
.NPUEntity      : send event count: 1
.IErrFlag       : send event count: 1
.ECCAlarmStatus : send event count: 1
.Health         : send event count: 1
.MemUsagePercent : send event count: 1
.AiCoreMaxSpeedMHz : send event count: 1
.HistoryEccCount : send event count: 1
.Architecture   : send event count: 1
.VRDChipTemp    : send event count: 1
.SN             : send event count: 1
.Board          : send event count: 1
.DroppedPackets : send event count: 1
.FirmwareVersion : send event count: 1
.AiCPUUsagePercent : send event count: 1
.Name           : send event count: 1
.MemoryUsageKiB : send event count: 1
.Version        : send event count: 1
.Power          : send event count: 1
.HBMTemp        : send event count: 1
.MemoryCapacityKiB : send event count: 1
.IErr           : send event count: 1 : listened by port : 491534, 
.HistorySingleBitEcc : send event count: 1
.Mode           : send event count: 1
.ComputeCapability : send event count: 1
.ReceivedPackets : send event count: 1
.Gateway        : send event count: 1
.Volt           : send event count: 1
.RootBDF        : send event count: 1
.SubnetMask     : send event count: 1
.BDF            : send event count: 2
.Presence       : send event count: 1
.NpuLogProcessBar : send event count: 1
.Id             : send event count: 1
.MACAddress     : send event count: 1
.VenderId       : send event count: 1
.BMAId          : send event count: 1
.AiCoreUsagePercent : send event count: 1
.IpAddr         : send event count: 1
.PowerOn        : send event count: 1
.MemBWUsagePercent : send event count: 1
.MemoryFreeKiB  : send event count: 1
.HBMBWUsagePercent : send event count: 1
.FDMFault       : send event count: 1
.HistoryEccTime : send event count: 1
.PFAEvent       : send event count: 1
.DoubleECC      : send event count: 1
.DeviceId       : send event count: 1
.IMUState       : send event count: 1 : listened by port : 491534, 
.HistoryMultiBitEcc : send event count: 1
.AiCoreTemp     : send event count: 1
.TransmittedPackets : send event count: 1
.ThermTrip      : send event count: 1
.CapabilitySupportMask : send event count: 1
.NimBusTemp     : send event count: 1
.Model          : send event count: 1
.HBMUsagePercent : send event count: 1
.InstructionSet : send event count: 1
.Manufacturer   : send event count: 1
.TotalMemoryKiB : send event count: 1
----------------- Cpu1Channel4                  -----------
ref count      : 1
.FDMFault       : listened by port : 294920, 
----------------- SilkTemplate                  -----------
ref count      : 1
----------------- ComponentInfo2                -----------
ref count      : 1
----------------- Memory131                     -----------
ref count      : 1
.Technology     : send event count: 1
.SN             : send event count: 1
.Capacity       : send event count: 1
.ClockSpeed     : send event count: 1
.ControllerTemp : send event count: 1
.ConfigMemClkSpeed : send event count: 1
.Type           : send event count: 1
.MediaTemp      : send event count: 1
.FDMFault       : listened by port : 294920, 
.OriPartNum     : send event count: 1
.PartNum        : send event count: 1
.BaseModuleType : send event count: 1
.ReplaceFlag    : listened by port : 294920, 
.BomNum         : send event count: 1
.Manufacturer   : send event count: 1
----------------- ComponentInfo56               -----------
ref count      : 1
----------------- ComponentInfo118              -----------
ref count      : 1
----------------- CPU_Home_Agent_Num            -----------
ref count      : 1
----------------- ComPcieCard-802               -----------
ref count      : 1
.Health         : listened by port : 294920, 
----------------- ComSASPHY                     -----------
ref count      : 1
.Health         : listened by port : 294920, 
----------------- ComponentInfo80               -----------
ref count      : 1
----------------- Cpu1Channel5                  -----------
ref count      : 1
.FDMFault       : listened by port : 294920, 
----------------- Mem011InitErrorCond           -----------
ref count      : 1
----------------- ComponentInfo10               -----------
ref count      : 1
----------------- Memory010                     -----------
ref count      : 1
.Technology     : send event count: 1
.SN             : send event count: 1
.Capacity       : send event count: 1
.ClockSpeed     : send event count: 1
.Rank           : send event count: 1
.ControllerTemp : send event count: 1
.ConfigMemClkSpeed : send event count: 1
.Type           : send event count: 1
.Presence       : send event count: 1
.MediaTemp      : send event count: 1
.FDMFault       : listened by port : 294920, 
.OriPartNum     : send event count: 1
.ChipBitWidth   : send event count: 1
.PartNum        : send event count: 1
.BaseModuleType : send event count: 1
.BitWidth       : send event count: 1
.MinimumVoltage : send event count: 1
.ReplaceFlag    : listened by port : 294920, 
.BomNum         : send event count: 1
.Manufacturer   : send event count: 1
----------------- ComponentInfo57               -----------
ref count      : 1
----------------- ComponentInfo119              -----------
ref count      : 1
----------------- CPU1_ECC_Chan1_1HA            -----------
ref count      : 1
----------------- ResetiMEAccessor              -----------
ref count      : 1
----------------- ComponentInfo3                -----------
ref count      : 1
----------------- ComponentInfo81               -----------
ref count      : 1
----------------- SysFWProgressStatus:C         -----------
ref count      : 1
----------------- Cpu1Channel6                  -----------
ref count      : 1
.FDMFault       : listened by port : 294920, 
----------------- Mem170InitErrorCond           -----------
ref count      : 1
----------------- ComponentInfo4                -----------
ref count      : 1
----------------- ComponentInfo11               -----------
ref count      : 1
----------------- ComponentInfo58               -----------
ref count      : 1
----------------- ComBMA                        -----------
ref count      : 1
.Health         : listened by port : 294920, 
----------------- Memory011                     -----------
ref count      : 1
.Technology     : send event count: 1
.SN             : send event count: 1
.Capacity       : send event count: 1
.ClockSpeed     : send event count: 1
.ControllerTemp : send event count: 1
.ConfigMemClkSpeed : send event count: 1
.Type           : send event count: 1
.MediaTemp      : send event count: 1
.FDMFault       : listened by port : 294920, 
.OriPartNum     : send event count: 1
.PartNum        : send event count: 1
.BaseModuleType : send event count: 1
.ReplaceFlag    : listened by port : 294920, 
.BomNum         : send event count: 1
.Manufacturer   : send event count: 1
----------------- ComMemory040                  -----------
ref count      : 1
.Health         : listened by port : 294920, 
----------------- ComPort1-4                    -----------
ref count      : 1
.Health         : listened by port : 294920, 
----------------- ComponentInfo82               -----------
ref count      : 1
----------------- Cpu1Channel7                  -----------
ref count      : 1
.FDMFault       : listened by port : 294920, 
----------------- Cpu0CatMcErrAccessor          -----------
ref count      : 1
----------------- ComponentInfo5                -----------
ref count      : 1
----------------- MeInfo:C                      -----------
ref count      : 1
----------------- ComponentInfo59               -----------
ref count      : 1
----------------- ComponentInfo12               -----------
ref count      : 1
----------------- ComMemory160                  -----------
ref count      : 1
.Health         : listened by port : 294920, 
----------------- ComMemory041                  -----------
ref count      : 1
.Health         : listened by port : 294920, 
----------------- CPU0_PRE_Chan4_1HA            -----------
ref count      : 1
----------------- Mem000ConfigErrorCond         -----------
ref count      : 1
----------------- ComponentInfo83               -----------
ref count      : 1
----------------- CPU0_PRE_Chan3_1HA            -----------
ref count      : 1
----------------- Mem111InitErrorCond           -----------
ref count      : 1
----------------- ComponentInfo6                -----------
ref count      : 1
----------------- ComponentInfo13               -----------
ref count      : 1
----------------- ComPort3-3                    -----------
ref count      : 1
.Health         : listened by port : 294920, 
----------------- CPU1_ECC_Chan0_1HA            -----------
ref count      : 1
----------------- Mem031InitErrorCond           -----------
ref count      : 1
----------------- ComponentInfo84               -----------
ref count      : 1
----------------- PMEServiceConfig              -----------
ref count      : 1
.BoardInfoCollectEnable : listened by port : 753686, 
----------------- SMS:C                         -----------
ref count      : 1
----------------- ComponentInfo7                -----------
ref count      : 1
----------------- Mem020ConfigErrorCond         -----------
ref count      : 1
----------------- sms0                          -----------
ref count      : 1
.MinPort        : listened by port : 294920, 
.BoBChannelType : listened by port : 950300, 917531, 819224, 589841, 
.MaxPort        : listened by port : 294920, 
.IPAddr         : listened by port : 294920, 655379, 
.UpdateStatus   : listened by port : 524303, 
.CdevChannelEnabled : listened by port : 950300, 
.RegisterState  : listened by port : 655379, 
.Port           : listened by port : 950300, 655379, 
----------------- ComponentInfo14               -----------
ref count      : 1
----------------- Memory160                     -----------
ref count      : 1
.Technology     : send event count: 1
.SN             : send event count: 1
.Capacity       : send event count: 1
.ClockSpeed     : send event count: 1
.ControllerTemp : send event count: 1
.ConfigMemClkSpeed : send event count: 1
.Type           : send event count: 1
.MediaTemp      : send event count: 1
.FDMFault       : listened by port : 294920, 
.OriPartNum     : send event count: 1
.PartNum        : send event count: 1
.BaseModuleType : send event count: 1
.ReplaceFlag    : listened by port : 294920, 
.BomNum         : send event count: 1
.Manufacturer   : send event count: 1
----------------- ComponentInfo100              -----------
ref count      : 1
----------------- ComponentInfo85               -----------
ref count      : 1
----------------- dbd_cont_5                    -----------
ref count      : 1
----------------- Cpu1ExceptionFlag             -----------
ref count      : 1
.Value          : listened by port : 294920, 
----------------- Mem120ConfigErrorCond         -----------
ref count      : 1
----------------- ComponentInfo15               -----------
ref count      : 1
----------------- ComponentInfo8                -----------
ref count      : 1
----------------- Component:C                   -----------
ref count      : 1
----------------- CPU0_ECC_Chan7_1HA            -----------
ref count      : 1
----------------- Mem040ConfigErrorCond         -----------
ref count      : 1
----------------- Memory161                     -----------
ref count      : 1
.Technology     : send event count: 1
.SN             : send event count: 1
.Capacity       : send event count: 1
.ClockSpeed     : send event count: 1
.ControllerTemp : send event count: 1
.ConfigMemClkSpeed : send event count: 1
.Type           : send event count: 1
.MediaTemp      : send event count: 1
.FDMFault       : listened by port : 294920, 
.OriPartNum     : send event count: 1
.PartNum        : send event count: 1
.BaseModuleType : send event count: 1
.ReplaceFlag    : listened by port : 294920, 
.BomNum         : send event count: 1
.Manufacturer   : send event count: 1
----------------- ComponentInfo101              -----------
ref count      : 1
----------------- ComponentInfo86               -----------
ref count      : 1
----------------- Mem001ConfigErrorCond         -----------
ref count      : 1
----------------- ComMemory120                  -----------
ref count      : 1
.Health         : listened by port : 294920, 
----------------- ComponentInfo16               -----------
ref count      : 1
----------------- ComponentInfo9                -----------
ref count      : 1
----------------- Cpu0ExceptionFlag             -----------
ref count      : 1
.Value          : listened by port : 294920, 
----------------- Mem140ConfigErrorCond         -----------
ref count      : 1
----------------- Memory:C                      -----------
ref count      : 1
----------------- Mem131InitErrorCond           -----------
ref count      : 1
----------------- ComponentInfo102              -----------
ref count      : 1
----------------- Mem101ConfigErrorCond         -----------
ref count      : 1
----------------- ComponentInfo87               -----------
ref count      : 1
----------------- Memory040                     -----------
ref count      : 1
.Technology     : send event count: 1
.SN             : send event count: 1
.Capacity       : send event count: 1
.ReplaceTime    : send event count: 1
.ClockSpeed     : send event count: 1
.Rank           : send event count: 1
.ControllerTemp : send event count: 1
.ConfigMemClkSpeed : send event count: 1
.PreviousSN     : send event count: 1
.Type           : send event count: 1
.Presence       : send event count: 1
.MediaTemp      : send event count: 1
.FDMFault       : listened by port : 294920, 
.OriPartNum     : send event count: 1
.ChipBitWidth   : send event count: 1
.PartNum        : send event count: 1
.BaseModuleType : send event count: 1
.BitWidth       : send event count: 1
.MinimumVoltage : send event count: 1
.ReplaceFlag    : send event count: 2 : listened by port : 294920, 
.BomNum         : send event count: 1
.Manufacturer   : send event count: 1
----------------- Mem051InitErrorCond           -----------
ref count      : 1
----------------- ComponentInfo17               -----------
ref count      : 1
----------------- ComHdd10-2                    -----------
ref count      : 1
.Health         : listened by port : 294920, 
----------------- ComMemory121                  -----------
ref count      : 1
.Health         : listened by port : 294920, 
----------------- Memory041                     -----------
ref count      : 1
.Technology     : send event count: 1
.SN             : send event count: 1
.Capacity       : send event count: 1
.ClockSpeed     : send event count: 1
.ControllerTemp : send event count: 1
.ConfigMemClkSpeed : send event count: 1
.Type           : send event count: 1
.MediaTemp      : send event count: 1
.FDMFault       : listened by port : 294920, 
.OriPartNum     : send event count: 1
.PartNum        : send event count: 1
.BaseModuleType : send event count: 1
.ReplaceFlag    : listened by port : 294920, 
.BomNum         : send event count: 1
.Manufacturer   : send event count: 1
----------------- ComponentInfo40               -----------
ref count      : 1
----------------- ComponentInfo41               -----------
ref count      : 1
----------------- ComponentInfo103              -----------
ref count      : 1
----------------- ComponentInfo88               -----------
ref count      : 1
----------------- ComMemory000                  -----------
ref count      : 1
.Health         : listened by port : 294920, 
----------------- BMC                           -----------
ref count      : 1
.HostName       : listened by port : 294920, 917531, 163844, 589841, 
.CustomManufacturer : listened by port : 655379, 
----------------- ComMemory070                  -----------
ref count      : 1
.Health         : listened by port : 294920, 
----------------- ComponentInfo18               -----------
ref count      : 1
----------------- Mem121ConfigErrorCond         -----------
ref count      : 1
----------------- CPU0_PRE_Chan1_1HA            -----------
ref count      : 1
----------------- CPU0_ECC_Chan6_1HA            -----------
ref count      : 1
----------------- Cpu0ThermTripAccessor         -----------
ref count      : 1
----------------- Mem000InitErrorCond           -----------
ref count      : 1
----------------- ComponentInfo104              -----------
ref count      : 1
----------------- ComponentInfo89               -----------
ref count      : 1
----------------- ComponentInfo42               -----------
ref count      : 1
----------------- Cpu1TaRstFlatAcc              -----------
ref count      : 1
----------------- SmBios                        -----------
ref count      : 1
.SmBiosStatus   : listened by port : 131075, 458765, 262151, 393227, 491534, 
.FileChange     : recv event count: 51 : listened by port : 557072, 
----------------- ComponentInfo19               -----------
ref count      : 1
----------------- ComHddInner2-2                -----------
ref count      : 1
.Health         : listened by port : 294920, 
----------------- ComPort3-4                    -----------
ref count      : 1
.Health         : listened by port : 294920, 
----------------- Cpu1ThermTripAccessor         -----------
ref count      : 1
----------------- Cpu0Channel0                  -----------
ref count      : 1
.FDMFault       : listened by port : 294920, 
----------------- ComponentInfo43               -----------
ref count      : 1
----------------- ComponentInfo105              -----------
ref count      : 1
----------------- Mem070ConfigErrorCond         -----------
ref count      : 1
----------------- ComMemory071                  -----------
ref count      : 1
.Health         : listened by port : 294920, 
----------------- ComDiskBackplane              -----------
ref count      : 1
.Health         : listened by port : 294920, 
----------------- Payload:C                     -----------
ref count      : 1
----------------- Mem151InitErrorCond           -----------
ref count      : 1
----------------- ComMemory001                  -----------
ref count      : 1
.Health         : listened by port : 294920, 
----------------- ComBMC                        -----------
ref count      : 1
.Health         : listened by port : 294920, 
----------------- Cpu0Channel1                  -----------
ref count      : 1
.FDMFault       : listened by port : 294920, 
----------------- Mem101InitErrorCond           -----------
ref count      : 1
----------------- ComponentInfo44               -----------
ref count      : 1
----------------- ComponentInfo106              -----------
ref count      : 1
----------------- Cpu0ProcHotAccessor           -----------
ref count      : 1
----------------- Mem071InitErrorCond           -----------
ref count      : 1
----------------- CPU0_ECC_Chan5_1HA            -----------
ref count      : 1
----------------- CPU0_PRE_Chan0_1HA            -----------
ref count      : 1
----------------- ComponentInfo130              -----------
ref count      : 1
----------------- ComHdd1-2                     -----------
ref count      : 1
.Health         : listened by port : 294920, 
----------------- ImuHeartbeatLostAcc           -----------
ref count      : 1
----------------- Mem051ConfigErrorCond         -----------
ref count      : 1
----------------- Cpu0Channel2                  -----------
ref count      : 1
.FDMFault       : listened by port : 294920, 
----------------- ComponentInfo45               -----------
ref count      : 1
----------------- Memory120                     -----------
ref count      : 1
.Technology     : send event count: 1
.SN             : send event count: 1
.Capacity       : send event count: 1
.ClockSpeed     : send event count: 1
.Rank           : send event count: 1
.ControllerTemp : send event count: 1
.ConfigMemClkSpeed : send event count: 1
.Type           : send event count: 1
.Presence       : send event count: 1
.MediaTemp      : send event count: 1
.FDMFault       : listened by port : 294920, 
.OriPartNum     : send event count: 1
.ChipBitWidth   : send event count: 1
.PartNum        : send event count: 1
.BaseModuleType : send event count: 1
.BitWidth       : send event count: 1
.MinimumVoltage : send event count: 1
.ReplaceFlag    : listened by port : 294920, 
.BomNum         : send event count: 1
.Manufacturer   : send event count: 1
----------------- ComponentInfo107              -----------
ref count      : 1
----------------- Mem070InitErrorCond           -----------
ref count      : 1
----------------- Mem100InitErrorCond           -----------
ref count      : 1
----------------- ComM2Disk1                    -----------
ref count      : 1
.Health         : listened by port : 294920, 
----------------- Mem020InitErrorCond           -----------
ref count      : 1
----------------- ComponentInfo131              -----------
ref count      : 1
----------------- CpuNumExp                     -----------
ref count      : 1
.Value          : send event count: 1 : listened by port : 294920, 
----------------- Cpu0Channel3                  -----------
ref count      : 1
.FDMFault       : listened by port : 294920, 
----------------- Memory121                     -----------
ref count      : 1
.Technology     : send event count: 1
.SN             : send event count: 1
.Capacity       : send event count: 1
.ClockSpeed     : send event count: 1
.ControllerTemp : send event count: 1
.ConfigMemClkSpeed : send event count: 1
.Type           : send event count: 1
.MediaTemp      : send event count: 1
.FDMFault       : listened by port : 294920, 
.OriPartNum     : send event count: 1
.PartNum        : send event count: 1
.BaseModuleType : send event count: 1
.ReplaceFlag    : listened by port : 294920, 
.BomNum         : send event count: 1
.Manufacturer   : send event count: 1
----------------- ComponentInfo46               -----------
ref count      : 1
----------------- ComponentInfo108              -----------
ref count      : 1
----------------- Mem071ConfigErrorCond         -----------
ref count      : 1
----------------- Memory070                     -----------
ref count      : 1
.Technology     : send event count: 1
.SN             : send event count: 1
.Capacity       : send event count: 1
.ClockSpeed     : send event count: 1
.ControllerTemp : send event count: 1
.ConfigMemClkSpeed : send event count: 1
.Type           : send event count: 1
.MediaTemp      : send event count: 1
.FDMFault       : listened by port : 294920, 
.OriPartNum     : send event count: 1
.PartNum        : send event count: 1
.BaseModuleType : send event count: 1
.ReplaceFlag    : listened by port : 294920, 
.BomNum         : send event count: 1
.Manufacturer   : send event count: 1
----------------- cpld1                         -----------
ref count      : 1
----------------- ComponentInfo70               -----------
ref count      : 1
----------------- ComponentInfo132              -----------
ref count      : 1
----------------- Memory000                     -----------
ref count      : 1
.Technology     : send event count: 1
.SN             : send event count: 1
.Capacity       : send event count: 1
.ClockSpeed     : send event count: 1
.Rank           : send event count: 1
.ControllerTemp : send event count: 1
.ConfigMemClkSpeed : send event count: 1
.Type           : send event count: 1
.Presence       : send event count: 1
.MediaTemp      : send event count: 1
.FDMFault       : listened by port : 294920, 
.OriPartNum     : send event count: 1
.ChipBitWidth   : send event count: 1
.PartNum        : send event count: 1
.BaseModuleType : send event count: 1
.BitWidth       : send event count: 1
.MinimumVoltage : send event count: 1
.ReplaceFlag    : listened by port : 294920, 
.BomNum         : send event count: 1
.Manufacturer   : send event count: 1
----------------- Cpu0Channel4                  -----------
ref count      : 1
.FDMFault       : listened by port : 294920, 
----------------- ProductComponent              -----------
ref count      : 1
----------------- Cpu1ProcHotAccessor           -----------
ref count      : 1
----------------- ComponentInfo47               -----------
ref count      : 1
----------------- ComponentInfo109              -----------
ref count      : 1
----------------- Memory071                     -----------
ref count      : 1
.Technology     : send event count: 1
.SN             : send event count: 1
.Capacity       : send event count: 1
.ClockSpeed     : send event count: 1
.ControllerTemp : send event count: 1
.ConfigMemClkSpeed : send event count: 1
.Type           : send event count: 1
.MediaTemp      : send event count: 1
.FDMFault       : listened by port : 294920, 
.OriPartNum     : send event count: 1
.PartNum        : send event count: 1
.BaseModuleType : send event count: 1
.ReplaceFlag    : listened by port : 294920, 
.BomNum         : send event count: 1
.Manufacturer   : send event count: 1
----------------- Mem171ConfigErrorCond         -----------
ref count      : 1
----------------- ComponentInfo71               -----------
ref count      : 1
----------------- Cpu0MsmiMcErrAccessor         -----------
ref count      : 1
----------------- Memory001                     -----------
ref count      : 1
.Technology     : send event count: 1
.SN             : send event count: 1
.Capacity       : send event count: 1
.ClockSpeed     : send event count: 1
.ControllerTemp : send event count: 1
.ConfigMemClkSpeed : send event count: 1
.Type           : send event count: 1
.MediaTemp      : send event count: 1
.FDMFault       : listened by port : 294920, 
.OriPartNum     : send event count: 1
.PartNum        : send event count: 1
.BaseModuleType : send event count: 1
.ReplaceFlag    : listened by port : 294920, 
.BomNum         : send event count: 1
.Manufacturer   : send event count: 1
----------------- ComMemory030                  -----------
ref count      : 1
.Health         : listened by port : 294920, 
----------------- Cpu0Channel5                  -----------
ref count      : 1
.FDMFault       : listened by port : 294920, 
----------------- CPU0_ECC_Chan4_1HA            -----------
ref count      : 1
----------------- ComponentInfo48               -----------
ref count      : 1
----------------- ComponentInfo133              -----------
ref count      : 1
----------------- PcieCard-902                  -----------
ref count      : 1
.FatalError     : listened by port : 294920, 
.FDMFault       : listened by port : 294920, 
.Health         : listened by port : 294920, 
.ReplaceFlag    : listened by port : 294920, 
----------------- PcieCard-901                  -----------
ref count      : 1
.FatalError     : listened by port : 294920, 
.FDMFault       : listened by port : 294920, 
.Health         : listened by port : 294920, 
.ReplaceFlag    : listened by port : 294920, 
----------------- ComM2Disk2                    -----------
ref count      : 1
.Health         : listened by port : 294920, 
----------------- ComponentInfo72               -----------
ref count      : 1
----------------- PowerGdAccessor               -----------
ref count      : 1
----------------- Mem120InitErrorCond           -----------
ref count      : 1
----------------- ComMemory031                  -----------
ref count      : 1
.Health         : listened by port : 294920, 
----------------- Cpu0Channel6                  -----------
ref count      : 1
.FDMFault       : listened by port : 294920, 
----------------- ComponentInfo49               -----------
ref count      : 1
----------------- ComponentInfo134              -----------
ref count      : 1
----------------- Mem040InitErrorCond           -----------
ref count      : 1
----------------- ComHdd5-2                     -----------
ref count      : 1
.Health         : listened by port : 294920, 
----------------- ComSystem                     -----------
ref count      : 1
.Health         : listened by port : 294920, 
----------------- ComponentInfo73               -----------
ref count      : 1
----------------- ComponentInfo135              -----------
ref count      : 1
----------------- Mem171InitErrorCond           -----------
ref count      : 1
----------------- CPU0_ECC_Chan3_1HA            -----------
ref count      : 1
----------------- Cpu0Channel7                  -----------
ref count      : 1
.FDMFault       : listened by port : 294920, 
----------------- CPU0_PRE_Chan2_1HA            -----------
ref count      : 1
----------------- ComMemory150                  -----------
ref count      : 1
.Health         : listened by port : 294920, 
----------------- NPU:C                         -----------
ref count      : 1
----------------- ComMemory151                  -----------
ref count      : 1
.Health         : listened by port : 294920, 
----------------- CPU1_PRE_Chan7_1HA            -----------
ref count      : 1
----------------- ComponentInfo74               -----------
ref count      : 1
----------------- ComponentInfo136              -----------
ref count      : 1
----------------- ComFan                        -----------
ref count      : 1
.Health         : listened by port : 294920, 
----------------- ComPort1-3                    -----------
ref count      : 1
.Health         : listened by port : 294920, 
----------------- ComMemory161                  -----------
ref count      : 1
.Health         : listened by port : 294920, 
----------------- Mem100ConfigErrorCond         -----------
ref count      : 1
----------------- Memory150                     -----------
ref count      : 1
.Technology     : send event count: 1
.SN             : send event count: 1
.Capacity       : send event count: 1
.ClockSpeed     : send event count: 1
.ControllerTemp : send event count: 1
.ConfigMemClkSpeed : send event count: 1
.Type           : send event count: 1
.MediaTemp      : send event count: 1
.FDMFault       : listened by port : 294920, 
.OriPartNum     : send event count: 1
.PartNum        : send event count: 1
.BaseModuleType : send event count: 1
.ReplaceFlag    : listened by port : 294920, 
.BomNum         : send event count: 1
.Manufacturer   : send event count: 1
----------------- ComponentInfo75               -----------
ref count      : 1
----------------- ComponentInfo137              -----------
ref count      : 1
----------------- ComHDDBackplane-2             -----------
ref count      : 1
.Health         : listened by port : 294920, 
----------------- ComHdd7-2                     -----------
ref count      : 1
.Health         : listened by port : 294920, 
----------------- Mem140InitErrorCond           -----------
ref count      : 1
----------------- Memory151                     -----------
ref count      : 1
.Technology     : send event count: 1
.SN             : send event count: 1
.Capacity       : send event count: 1
.ClockSpeed     : send event count: 1
.ControllerTemp : send event count: 1
.ConfigMemClkSpeed : send event count: 1
.Type           : send event count: 1
.MediaTemp      : send event count: 1
.FDMFault       : listened by port : 294920, 
.OriPartNum     : send event count: 1
.PartNum        : send event count: 1
.BaseModuleType : send event count: 1
.ReplaceFlag    : listened by port : 294920, 
.BomNum         : send event count: 1
.Manufacturer   : send event count: 1
----------------- Cpu:C                         -----------
ref count      : 1
----------------- ComponentInfo76               -----------
ref count      : 1
----------------- ComponentInfo138              -----------
ref count      : 1
----------------- NPU1-801                      -----------
ref count      : 1
.CtrlCPUUsagePercent : send event count: 1
.SingleECC      : send event count: 1
.NPUEntity      : send event count: 1
.IErrFlag       : send event count: 1
.ECCAlarmStatus : send event count: 1
.Health         : send event count: 1
.MemUsagePercent : send event count: 1
.AiCoreMaxSpeedMHz : send event count: 1
.HistoryEccCount : send event count: 1
.Architecture   : send event count: 1
.VRDChipTemp    : send event count: 1
.SN             : send event count: 1
.Board          : send event count: 1
.DroppedPackets : send event count: 1
.FirmwareVersion : send event count: 1
.AiCPUUsagePercent : send event count: 1
.Name           : send event count: 1
.MemoryUsageKiB : send event count: 1
.Version        : send event count: 1
.Power          : send event count: 1
.HBMTemp        : send event count: 1
.MemoryCapacityKiB : send event count: 1
.IErr           : send event count: 1 : listened by port : 491534, 
.HistorySingleBitEcc : send event count: 1
.Mode           : send event count: 1
.ComputeCapability : send event count: 1
.ReceivedPackets : send event count: 1
.Gateway        : send event count: 1
.Volt           : send event count: 1
.RootBDF        : send event count: 1
.SubnetMask     : send event count: 1
.BDF            : send event count: 2
.Presence       : send event count: 1
.NpuLogProcessBar : send event count: 1
.Id             : send event count: 1
.MACAddress     : send event count: 1
.VenderId       : send event count: 1
.BMAId          : send event count: 1
.AiCoreUsagePercent : send event count: 1
.IpAddr         : send event count: 1
.PowerOn        : send event count: 1
.MemBWUsagePercent : send event count: 1
.MemoryFreeKiB  : send event count: 1
.HBMBWUsagePercent : send event count: 1
.FDMFault       : send event count: 1
.HistoryEccTime : send event count: 1
.PFAEvent       : send event count: 1
.DoubleECC      : send event count: 1
.DeviceId       : send event count: 1
.IMUState       : send event count: 1 : listened by port : 491534, 
.HistoryMultiBitEcc : send event count: 1
.AiCoreTemp     : send event count: 1
.TransmittedPackets : send event count: 1
.ThermTrip      : send event count: 1
.CapabilitySupportMask : send event count: 1
.NimBusTemp     : send event count: 1
.Model          : send event count: 1
.HBMUsagePercent : send event count: 1
.InstructionSet : send event count: 1
.Manufacturer   : send event count: 1
.TotalMemoryKiB : send event count: 1
----------------- CPU0_ECC_Chan2_1HA            -----------
ref count      : 1
----------------- ComMemory110                  -----------
ref count      : 1
.Health         : listened by port : 294920, 
----------------- ComPS1                        -----------
ref count      : 1
.Health         : listened by port : 294920, 
----------------- Cpu1                          -----------
ref count      : 1
.Error2         : listened by port : 491534, 
.L2Cache        : send event count: 1
.MemPresence    : send event count: 1
.MaxSpeed       : send event count: 2
.SN             : send event count: 2
.PowerGood      : send event count: 1
.Name           : send event count: 1
.Version        : send event count: 2 : listened by port : 688148, 
.IErr           : listened by port : 131075, 491534, 
.L1Cache        : send event count: 1
.ThreadCount    : send event count: 1
.SocketDesignation : send event count: 1
.AssetTag       : send event count: 2
.CoreTemp       : send event count: 7027457
.CoreCount      : send event count: 1
.CurrentSpeed   : send event count: 2
.FDMFault       : listened by port : 294920, 
.ProcessorID    : send event count: 2
.MaxMemTemp     : send event count: 580273
.McErr          : listened by port : 131075, 491534, 
.L3Cache        : send event count: 1
.MemoryTec      : send event count: 2
.PartNum        : send event count: 2
.ExternalClock  : send event count: 2
.Family         : send event count: 2
.Model          : send event count: 2
.Manufacturer   : send event count: 2
.MirrorFailChMask : listened by port : 491534, 
----------------- Memory030                     -----------
ref count      : 1
.Technology     : send event count: 1
.SN             : send event count: 1
.Capacity       : send event count: 1
.ClockSpeed     : send event count: 1
.Rank           : send event count: 1
.ControllerTemp : send event count: 1
.ConfigMemClkSpeed : send event count: 1
.Type           : send event count: 1
.Presence       : send event count: 1
.MediaTemp      : send event count: 1
.FDMFault       : listened by port : 294920, 
.OriPartNum     : send event count: 1
.ChipBitWidth   : send event count: 1
.PartNum        : send event count: 1
.BaseModuleType : send event count: 1
.BitWidth       : send event count: 1
.MinimumVoltage : send event count: 1
.ReplaceFlag    : listened by port : 294920, 
.BomNum         : send event count: 1
.Manufacturer   : send event count: 1
----------------- ComponentInfo30               -----------
ref count      : 1
----------------- NPU1-802                      -----------
ref count      : 1
.CtrlCPUUsagePercent : send event count: 1
.SingleECC      : send event count: 1
.NPUEntity      : send event count: 1
.IErrFlag       : send event count: 1
.ECCAlarmStatus : send event count: 1
.Health         : send event count: 1
.MemUsagePercent : send event count: 1
.AiCoreMaxSpeedMHz : send event count: 1
.HistoryEccCount : send event count: 1
.Architecture   : send event count: 1
.VRDChipTemp    : send event count: 1
.SN             : send event count: 1
.Board          : send event count: 1
.DroppedPackets : send event count: 1
.FirmwareVersion : send event count: 1
.AiCPUUsagePercent : send event count: 1
.Name           : send event count: 1
.MemoryUsageKiB : send event count: 1
.Version        : send event count: 1
.Power          : send event count: 1
.HBMTemp        : send event count: 1
.MemoryCapacityKiB : send event count: 1
.IErr           : send event count: 1 : listened by port : 491534, 
.HistorySingleBitEcc : send event count: 1
.Mode           : send event count: 1
.ComputeCapability : send event count: 1
.ReceivedPackets : send event count: 1
.Gateway        : send event count: 1
.Volt           : send event count: 1
.RootBDF        : send event count: 1
.SubnetMask     : send event count: 1
.BDF            : send event count: 2
.Presence       : send event count: 1
.NpuLogProcessBar : send event count: 1
.Id             : send event count: 1
.MACAddress     : send event count: 1
.VenderId       : send event count: 1
.BMAId          : send event count: 1
.AiCoreUsagePercent : send event count: 1
.IpAddr         : send event count: 1
.PowerOn        : send event count: 1
.MemBWUsagePercent : send event count: 1
.MemoryFreeKiB  : send event count: 1
.HBMBWUsagePercent : send event count: 1
.FDMFault       : send event count: 1
.HistoryEccTime : send event count: 1
.PFAEvent       : send event count: 1
.DoubleECC      : send event count: 1
.DeviceId       : send event count: 1
.IMUState       : send event count: 1 : listened by port : 491534, 
.HistoryMultiBitEcc : send event count: 1
.AiCoreTemp     : send event count: 1
.TransmittedPackets : send event count: 1
.ThermTrip      : send event count: 1
.CapabilitySupportMask : send event count: 1
.NimBusTemp     : send event count: 1
.Model          : send event count: 1
.HBMUsagePercent : send event count: 1
.InstructionSet : send event count: 1
.Manufacturer   : send event count: 1
.TotalMemoryKiB : send event count: 1
----------------- ComponentInfo77               -----------
ref count      : 1
----------------- CPU1_PRE_Chan6_1HA            -----------
ref count      : 1
----------------- Upgrade                       -----------
ref count      : 1
.UpgradeFileMasterKeyId : listened by port : 851993, 
.Degrade        : listened by port : 557072, 
.UpgradedFlag   : listened by port : 753686, 131075, 851993, 294920, 425996, 655379, 589841, 
.PreRollbackFlag : listened by port : 753686, 131075, 851993, 294920, 425996, 655379, 589841, 
----------------- ComMemory111                  -----------
ref count      : 1
.Health         : listened by port : 294920, 
----------------- IOBoard2OnRiser2              -----------
ref count      : 1
----------------- Cpu2                          -----------
ref count      : 1
.Error2         : listened by port : 491534, 
.L2Cache        : send event count: 1
.MemPresence    : send event count: 1
.MaxSpeed       : send event count: 2
.SN             : send event count: 2
.PowerGood      : send event count: 1
.Name           : send event count: 1
.Version        : send event count: 2 : listened by port : 688148, 
.IErr           : listened by port : 131075, 491534, 
.L1Cache        : send event count: 1
.ThreadCount    : send event count: 1
.SocketDesignation : send event count: 1
.AssetTag       : send event count: 2
.CoreTemp       : send event count: 9315583
.CoreCount      : send event count: 1
.CurrentSpeed   : send event count: 2
.FDMFault       : listened by port : 294920, 
.ProcessorID    : send event count: 2
.MaxMemTemp     : send event count: 574378
.McErr          : listened by port : 131075, 491534, 
.L3Cache        : send event count: 1
.MemoryTec      : send event count: 2
.PartNum        : send event count: 2
.ExternalClock  : send event count: 2
.Family         : send event count: 2
.Model          : send event count: 2
.Manufacturer   : send event count: 2
.MirrorFailChMask : listened by port : 491534, 
----------------- Memory031                     -----------
ref count      : 1
.Technology     : send event count: 1
.SN             : send event count: 1
.Capacity       : send event count: 1
.ClockSpeed     : send event count: 1
.ControllerTemp : send event count: 1
.ConfigMemClkSpeed : send event count: 1
.Type           : send event count: 1
.MediaTemp      : send event count: 1
.FDMFault       : listened by port : 294920, 
.OriPartNum     : send event count: 1
.PartNum        : send event count: 1
.BaseModuleType : send event count: 1
.ReplaceFlag    : listened by port : 294920, 
.BomNum         : send event count: 1
.Manufacturer   : send event count: 1
----------------- ComMemory060                  -----------
ref count      : 1
.Health         : listened by port : 294920, 
----------------- ComponentInfo31               -----------
ref count      : 1
----------------- Mem030ConfigErrorCond         -----------
ref count      : 1
----------------- ComponentInfo78               -----------
ref count      : 1
----------------- ComPS2                        -----------
ref count      : 1
.Health         : listened by port : 294920, 
----------------- Mem001InitErrorCond           -----------
ref count      : 1
----------------- FdmConfig:C                   -----------
ref count      : 1
----------------- SilkTemplate:C                -----------
ref count      : 1
----------------- Mem130ConfigErrorCond         -----------
ref count      : 1
----------------- ComponentInfo32               -----------
ref count      : 1
----------------- ComponentInfo79               -----------
ref count      : 1
----------------- PcieCard:C                    -----------
ref count      : 1
----------------- ComHdd9-2                     -----------
ref count      : 1
.Health         : listened by port : 294920, 
----------------- Mem160InitErrorCond           -----------
ref count      : 1
----------------- Mem050ConfigErrorCond         -----------
ref count      : 1
----------------- ComCPU2Memory                 -----------
ref count      : 1
.Health         : listened by port : 294920, 
----------------- CPU1_PRE_Chan5_1HA            -----------
ref count      : 1
----------------- Mem011ConfigErrorCond         -----------
ref count      : 1
----------------- ComponentInfo33               -----------
ref count      : 1
----------------- Cpu0TbRstFlatAcc              -----------
ref count      : 1
----------------- CPU0_ECC_Chan1_1HA            -----------
ref count      : 1
----------------- Mem150ConfigErrorCond         -----------
ref count      : 1
----------------- ComPcieCard-901               -----------
ref count      : 1
.Health         : listened by port : 294920, 
----------------- ComMemory                     -----------
ref count      : 1
.Health         : listened by port : 294920, 
----------------- CpuStatistic0                 -----------
ref count      : 1
----------------- Mem111ConfigErrorCond         -----------
ref count      : 1
----------------- ComMemory061                  -----------
ref count      : 1
.Health         : listened by port : 294920, 
----------------- ComponentInfo34               -----------
ref count      : 1
----------------- ComChassis                    -----------
ref count      : 1
.Health         : listened by port : 294920, 
----------------- Mem031ConfigErrorCond         -----------
ref count      : 1
----------------- ComPcieCard-902               -----------
ref count      : 1
.Health         : listened by port : 294920, 
----------------- ComponentInfo120              -----------
ref count      : 1
----------------- CPU0_ECC_Chan0_1HA            -----------
ref count      : 1
----------------- Mem170ConfigErrorCond         -----------
ref count      : 1
----------------- Memory110                     -----------
ref count      : 1
.Technology     : send event count: 1
.SN             : send event count: 1
.Capacity       : send event count: 1
.ClockSpeed     : send event count: 1
.Rank           : send event count: 1
.ControllerTemp : send event count: 1
.ConfigMemClkSpeed : send event count: 1
.Type           : send event count: 1
.Presence       : send event count: 1
.MediaTemp      : send event count: 1
.FDMFault       : listened by port : 294920, 
.OriPartNum     : send event count: 1
.ChipBitWidth   : send event count: 1
.PartNum        : send event count: 1
.BaseModuleType : send event count: 1
.BitWidth       : send event count: 1
.MinimumVoltage : send event count: 1
.ReplaceFlag    : listened by port : 294920, 
.BomNum         : send event count: 1
.Manufacturer   : send event count: 1
----------------- ComPS                         -----------
ref count      : 1
.Health         : listened by port : 294920, 
----------------- Mem021InitErrorCond           -----------
ref count      : 1
----------------- Mem131ConfigErrorCond         -----------
ref count      : 1
----------------- CPU1_PRE_Chan4_1HA            -----------
ref count      : 1
----------------- ComponentInfo35               -----------
ref count      : 1
----------------- FdmConfig                     -----------
ref count      : 1
----------------- ComponentInfo121              -----------
ref count      : 1
----------------- Memory111                     -----------
ref count      : 1
.Technology     : send event count: 1
.SN             : send event count: 1
.Capacity       : send event count: 1
.ClockSpeed     : send event count: 1
.ControllerTemp : send event count: 1
.ConfigMemClkSpeed : send event count: 1
.Type           : send event count: 1
.MediaTemp      : send event count: 1
.FDMFault       : listened by port : 294920, 
.OriPartNum     : send event count: 1
.PartNum        : send event count: 1
.BaseModuleType : send event count: 1
.ReplaceFlag    : listened by port : 294920, 
.BomNum         : send event count: 1
.Manufacturer   : send event count: 1
----------------- ComMemory140                  -----------
ref count      : 1
.Health         : listened by port : 294920, 
----------------- ComponentInfo36               -----------
ref count      : 1
----------------- ComPort2-4                    -----------
ref count      : 1
.Health         : listened by port : 294920, 
----------------- Memory060                     -----------
ref count      : 1
.Technology     : send event count: 1
.SN             : send event count: 1
.Capacity       : send event count: 1
.ClockSpeed     : send event count: 1
.ControllerTemp : send event count: 1
.ConfigMemClkSpeed : send event count: 1
.Type           : send event count: 1
.MediaTemp      : send event count: 1
.FDMFault       : listened by port : 294920, 
.OriPartNum     : send event count: 1
.PartNum        : send event count: 1
.BaseModuleType : send event count: 1
.ReplaceFlag    : listened by port : 294920, 
.BomNum         : send event count: 1
.Manufacturer   : send event count: 1
----------------- ComPort2-3                    -----------
ref count      : 1
.Health         : listened by port : 294920, 
----------------- ComponentInfo60               -----------
ref count      : 1
----------------- ComponentInfo122              -----------
ref count      : 1
----------------- Mem151ConfigErrorCond         -----------
ref count      : 1
----------------- PRODUCT:C                     -----------
ref count      : 1
----------------- ComMemory141                  -----------
ref count      : 1
.Health         : listened by port : 294920, 
----------------- ComponentInfo37               -----------
ref count      : 1
----------------- ComMotherBoard                -----------
ref count      : 1
.Health         : listened by port : 294920, 
----------------- Memory061                     -----------
ref count      : 1
.Technology     : send event count: 1
.SN             : send event count: 1
.Capacity       : send event count: 1
.ClockSpeed     : send event count: 1
.ControllerTemp : send event count: 1
.ConfigMemClkSpeed : send event count: 1
.Type           : send event count: 1
.MediaTemp      : send event count: 1
.FDMFault       : listened by port : 294920, 
.OriPartNum     : send event count: 1
.PartNum        : send event count: 1
.BaseModuleType : send event count: 1
.ReplaceFlag    : listened by port : 294920, 
.BomNum         : send event count: 1
.Manufacturer   : send event count: 1
----------------- ComFan1                       -----------
ref count      : 1
.Health         : listened by port : 294920, 
----------------- ComponentInfo61               -----------
ref count      : 1
----------------- ComMemory020                  -----------
ref count      : 1
.Health         : listened by port : 294920, 
----------------- CPU1_PRE_Chan3_1HA            -----------
ref count      : 1
----------------- ComponentInfo38               -----------
ref count      : 1
----------------- Mem121InitErrorCond           -----------
ref count      : 1
----------------- Cpu0RstOutFlag                -----------
ref count      : 1
.Value          : listened by port : 294920, 
----------------- ComFan2                       -----------
ref count      : 1
.Health         : listened by port : 294920, 
----------------- ComponentInfo62               -----------
ref count      : 1
----------------- SysFWPro                      -----------
ref count      : 1
----------------- ComponentInfo124              -----------
ref count      : 1
----------------- ComMemory021                  -----------
ref count      : 1
.Health         : listened by port : 294920, 
----------------- Mem041InitErrorCond           -----------
ref count      : 1
----------------- ComButton                     -----------
ref count      : 1
.Health         : listened by port : 294920, 
----------------- ComponentInfo39               -----------
ref count      : 1
----------------- ComRaidCard-1                 -----------
ref count      : 1
.Health         : listened by port : 294920, 
----------------- ComPort4-4                    -----------
ref count      : 1
.Health         : listened by port : 294920, 
----------------- ComFan3                       -----------
ref count      : 1
.Health         : listened by port : 294920, 
----------------- ComponentInfo63               -----------
ref count      : 1
----------------- ComponentInfo125              -----------
ref count      : 1
----------------- ChassisPayload                -----------
ref count      : 1
.RestartValue   : listened by port : 294920, 425996, 
.AcpiValue      : listened by port : 294920, 
.BoardStableStatus : listened by port : 819224, 
.AcpiStatus     : listened by port : 720917, 
.PwrButtonFlag  : listened by port : 294920, 
.PwrOkSigDrop   : listened by port : 294920, 
.ChassisPowerState : recv event count: 1 : listened by port : 131075, 524303, 327689, 294920, 720917, 786455, 458765, 557072, 425996, 262151, 491534, 
.PowerGd        : listened by port : 688148, 
.ResetFlag      : listened by port : 294920, 524303, 327689, 786455, 458765, 557072, 425996, 491534, 
.SysResetFlag   : recv event count: 102 : listened by port : 131075, 524303, 327689, 294920, 786455, 458765, 557072, 425996, 262151, 491534, 32768, 
----------------- ComHdd0-2                     -----------
ref count      : 1
.Health         : listened by port : 294920, 
----------------- PCIRegInfo:C                  -----------
ref count      : 1
----------------- DataCondition:C               -----------
ref count      : 1
----------------- ComPort4-3                    -----------
ref count      : 1
.Health         : listened by port : 294920, 
----------------- ComFan4                       -----------
ref count      : 1
.Health         : listened by port : 294920, 
----------------- ComponentInfo64               -----------
ref count      : 1
----------------- ComponentInfo126              -----------
ref count      : 1
----------------- CPU1_PRE_Chan2_1HA            -----------
ref count      : 1
----------------- CPU1_ECC_Chan7_1HA            -----------
ref count      : 1
----------------- ComPcieRiser1                 -----------
ref count      : 1
.Health         : listened by port : 294920, 
----------------- ComHddInner1-2                -----------
ref count      : 1
.Health         : listened by port : 294920, 
----------------- ComHddInner0-2                -----------
ref count      : 1
.Health         : listened by port : 294920, 
----------------- ComHdd2-2                     -----------
ref count      : 1
.Health         : listened by port : 294920, 
----------------- ComRiserCard-e                -----------
ref count      : 1
.Health         : listened by port : 294920, 
----------------- Memory140                     -----------
ref count      : 1
.Technology     : send event count: 1
.SN             : send event count: 1
.Capacity       : send event count: 1
.ReplaceTime    : send event count: 1
.ClockSpeed     : send event count: 1
.Rank           : send event count: 1
.ControllerTemp : send event count: 1
.ConfigMemClkSpeed : send event count: 1
.PreviousSN     : send event count: 1
.Type           : send event count: 1
.Presence       : send event count: 1
.MediaTemp      : send event count: 1
.FDMFault       : listened by port : 294920, 
.OriPartNum     : send event count: 1
.ChipBitWidth   : send event count: 1
.PartNum        : send event count: 1
.BaseModuleType : send event count: 1
.BitWidth       : send event count: 1
.MinimumVoltage : send event count: 1
.ReplaceFlag    : send event count: 2 : listened by port : 294920, 
.BomNum         : send event count: 1
.Manufacturer   : send event count: 1
----------------- ComponentInfo65               -----------
ref count      : 1
----------------- ComponentInfo127              -----------
ref count      : 1
----------------- Mem141InitErrorCond           -----------
ref count      : 1
----------------- MemoryChannel:C               -----------
ref count      : 1
----------------- PMEServiceConfig:C            -----------
ref count      : 1
----------------- ComPowerSupply-5              -----------
ref count      : 1
.Health         : listened by port : 294920, 
----------------- ComPowerSupply-6              -----------
ref count      : 1
.Health         : listened by port : 294920, 
----------------- Mem061InitErrorCond           -----------
ref count      : 1
----------------- ComCpu1                       -----------
ref count      : 1
.Health         : listened by port : 294920, 
----------------- Memory141                     -----------
ref count      : 1
.Technology     : send event count: 1
.SN             : send event count: 1
.Capacity       : send event count: 1
.ClockSpeed     : send event count: 1
.ControllerTemp : send event count: 1
.ConfigMemClkSpeed : send event count: 1
.Type           : send event count: 1
.MediaTemp      : send event count: 1
.FDMFault       : listened by port : 294920, 
.OriPartNum     : send event count: 1
.PartNum        : send event count: 1
.BaseModuleType : send event count: 1
.ReplaceFlag    : listened by port : 294920, 
.BomNum         : send event count: 1
.Manufacturer   : send event count: 1
----------------- ComMemory170                  -----------
ref count      : 1
.Health         : listened by port : 294920, 
----------------- ComponentInfo66               -----------
ref count      : 1
----------------- ComponentInfo128              -----------
ref count      : 1
----------------- ComPcieRiser3                 -----------
ref count      : 1
.Health         : listened by port : 294920, 
----------------- ComMemory100                  -----------
ref count      : 1
.Health         : listened by port : 294920, 
----------------- ComponentInfo90               -----------
ref count      : 1
----------------- ComHdd11-2                    -----------
ref count      : 1
.Health         : listened by port : 294920, 
----------------- Memory020                     -----------
ref count      : 1
.Technology     : send event count: 1
.SN             : send event count: 1
.Capacity       : send event count: 1
.ClockSpeed     : send event count: 1
.Rank           : send event count: 1
.ControllerTemp : send event count: 1
.ConfigMemClkSpeed : send event count: 1
.Type           : send event count: 1
.Presence       : send event count: 1
.MediaTemp      : send event count: 1
.FDMFault       : listened by port : 294920, 
.OriPartNum     : send event count: 1
.ChipBitWidth   : send event count: 1
.PartNum        : send event count: 1
.BaseModuleType : send event count: 1
.BitWidth       : send event count: 1
.MinimumVoltage : send event count: 1
.ReplaceFlag    : listened by port : 294920, 
.BomNum         : send event count: 1
.Manufacturer   : send event count: 1
----------------- CPU1_ECC_Chan6_1HA            -----------
ref count      : 1
----------------- ComponentInfo20               -----------
ref count      : 1
----------------- Mem060InitErrorCond           -----------
ref count      : 1
----------------- ComponentInfo67               -----------
ref count      : 1
----------------- ComponentInfo129              -----------
ref count      : 1
----------------- Mem010InitErrorCond           -----------
ref count      : 1
----------------- Mem010ConfigErrorCond         -----------
ref count      : 1
----------------- CpuStatistic:C                -----------
ref count      : 1
----------------- ComponentInfo91               -----------
ref count      : 1
----------------- ComCpu2                       -----------
ref count      : 1
.Health         : listened by port : 294920, 
----------------- Memory021                     -----------
ref count      : 1
.Technology     : send event count: 1
.SN             : send event count: 1
.Capacity       : send event count: 1
.ClockSpeed     : send event count: 1
.ControllerTemp : send event count: 1
.ConfigMemClkSpeed : send event count: 1
.Type           : send event count: 1
.MediaTemp      : send event count: 1
.FDMFault       : listened by port : 294920, 
.OriPartNum     : send event count: 1
.PartNum        : send event count: 1
.BaseModuleType : send event count: 1
.ReplaceFlag    : listened by port : 294920, 
.BomNum         : send event count: 1
.Manufacturer   : send event count: 1
----------------- ComMemory050                  -----------
ref count      : 1
.Health         : listened by port : 294920, 
----------------- ComponentInfo21               -----------
ref count      : 1
----------------- ComCable                      -----------
ref count      : 1
.Health         : listened by port : 294920, 
----------------- ComponentInfo68               -----------
ref count      : 1
----------------- SYSMemCfgErrorCond            -----------
ref count      : 1
----------------- Mem110ConfigErrorCond         -----------
ref count      : 1
----------------- CPU1_PRE_Chan1_1HA            -----------
ref count      : 1
----------------- ComPcieRiser2                 -----------
ref count      : 1
.Health         : listened by port : 294920, 
----------------- ComponentInfo92               -----------
ref count      : 1
----------------- Cpu1TbRstFlatAcc              -----------
ref count      : 1
----------------- IOBoard1OnRiser2              -----------
ref count      : 1
----------------- Mem161InitErrorCond           -----------
ref count      : 1
----------------- ComponentInfo22               -----------
ref count      : 1
----------------- ComponentInfo69               -----------
ref count      : 1
----------------- ComRaidCard                   -----------
ref count      : 1
.Health         : listened by port : 294920, 
----------------- Cpu1MemCfgErrorCond           -----------
ref count      : 1
----------------- PcieCard-801                  -----------
ref count      : 1
.FatalError     : listened by port : 294920, 
.FDMFault       : listened by port : 294920, 
.Health         : listened by port : 294920, 
.ReplaceFlag    : listened by port : 294920, 
----------------- ComSASExpander0-2             -----------
ref count      : 1
.Health         : listened by port : 294920, 
----------------- ComponentInfo93               -----------
ref count      : 1
----------------- CPU1_ECC_Chan5_1HA            -----------
ref count      : 1
----------------- CPU1_PRE_Chan0_1HA            -----------
ref count      : 1
----------------- PcieCard-802                  -----------
ref count      : 1
.FatalError     : listened by port : 294920, 
.FDMFault       : listened by port : 294920, 
.Health         : listened by port : 294920, 
.ReplaceFlag    : listened by port : 294920, 
----------------- ComponentInfo23               -----------
ref count      : 1
----------------- ComHddInner3-2                -----------
ref count      : 1
.Health         : listened by port : 294920, 
----------------- ComRiserCard-8                -----------
ref count      : 1
.Health         : listened by port : 294920, 
----------------- ComMemory051                  -----------
ref count      : 1
.Health         : listened by port : 294920, 
----------------- ComMemory171                  -----------
ref count      : 1
.Health         : listened by port : 294920, 
----------------- Mem110InitErrorCond           -----------
ref count      : 1
----------------- ComCPU1Memory                 -----------
ref count      : 1
.Health         : listened by port : 294920, 
----------------- ComponentInfo94               -----------
ref count      : 1
----------------- ComMemory101                  -----------
ref count      : 1
.Health         : listened by port : 294920, 
----------------- Mem030InitErrorCond           -----------
ref count      : 1
----------------- ComponentInfo24               -----------
ref count      : 1
----------------- SmBios:C                      -----------
ref count      : 1
----------------- ComHdd6-2                     -----------
ref count      : 1
.Health         : listened by port : 294920, 
----------------- ComHdd4-2                     -----------
ref count      : 1
.Health         : listened by port : 294920, 
----------------- ComLcd                        -----------
ref count      : 1
.Health         : listened by port : 294920, 
----------------- Memory170                     -----------
ref count      : 1
.Technology     : send event count: 1
.SN             : send event count: 1
.Capacity       : send event count: 1
.ClockSpeed     : send event count: 1
.ControllerTemp : send event count: 1
.ConfigMemClkSpeed : send event count: 1
.Type           : send event count: 1
.MediaTemp      : send event count: 1
.FDMFault       : listened by port : 294920, 
.OriPartNum     : send event count: 1
.PartNum        : send event count: 1
.BaseModuleType : send event count: 1
.ReplaceFlag    : listened by port : 294920, 
.BomNum         : send event count: 1
.Manufacturer   : send event count: 1
----------------- ComponentInfo110              -----------
ref count      : 1
----------------- ComponentInfo95               -----------
ref count      : 1
----------------- Memory100                     -----------
ref count      : 1
.Technology     : send event count: 1
.SN             : send event count: 1
.Capacity       : send event count: 1
.ClockSpeed     : send event count: 1
.Rank           : send event count: 1
.ControllerTemp : send event count: 1
.ConfigMemClkSpeed : send event count: 1
.Type           : send event count: 1
.Presence       : send event count: 1
.MediaTemp      : send event count: 1
.FDMFault       : listened by port : 294920, 
.OriPartNum     : send event count: 1
.ChipBitWidth   : send event count: 1
.PartNum        : send event count: 1
.BaseModuleType : send event count: 1
.BitWidth       : send event count: 1
.MinimumVoltage : send event count: 1
.ReplaceFlag    : listened by port : 294920, 
.BomNum         : send event count: 1
.Manufacturer   : send event count: 1
----------------- ComponentInfo25               -----------
ref count      : 1
----------------- CPU0_PRE_Chan7_1HA            -----------
ref count      : 1
----------------- SYSNoOperableMemCondition     -----------
ref count      : 1
----------------- ComponentInfo:C               -----------
ref count      : 1
----------------- Memory171                     -----------
ref count      : 1
.Technology     : send event count: 1
.SN             : send event count: 1
.Capacity       : send event count: 1
.ClockSpeed     : send event count: 1
.ControllerTemp : send event count: 1
.ConfigMemClkSpeed : send event count: 1
.Type           : send event count: 1
.MediaTemp      : send event count: 1
.FDMFault       : listened by port : 294920, 
.OriPartNum     : send event count: 1
.PartNum        : send event count: 1
.BaseModuleType : send event count: 1
.ReplaceFlag    : listened by port : 294920, 
.BomNum         : send event count: 1
.Manufacturer   : send event count: 1
----------------- Cpu2MemCfgErrorCond           -----------
ref count      : 1
----------------- ComponentInfo96               -----------
ref count      : 1
----------------- ComponentInfo111              -----------
ref count      : 1
----------------- Memory101                     -----------
ref count      : 1
.Technology     : send event count: 1
.SN             : send event count: 1
.Capacity       : send event count: 1
.ClockSpeed     : send event count: 1
.ControllerTemp : send event count: 1
.ConfigMemClkSpeed : send event count: 1
.Type           : send event count: 1
.MediaTemp      : send event count: 1
.FDMFault       : listened by port : 294920, 
.OriPartNum     : send event count: 1
.PartNum        : send event count: 1
.BaseModuleType : send event count: 1
.ReplaceFlag    : listened by port : 294920, 
.BomNum         : send event count: 1
.Manufacturer   : send event count: 1
----------------- ComponentInfo26               -----------
ref count      : 1
----------------- Mem060ConfigErrorCond         -----------
ref count      : 1
----------------- ComMemory130                  -----------
ref count      : 1
.Health         : listened by port : 294920, 
----------------- Memory050                     -----------
ref count      : 1
.Technology     : send event count: 1
.SN             : send event count: 1
.Capacity       : send event count: 1
.ClockSpeed     : send event count: 1
.ControllerTemp : send event count: 1
.ConfigMemClkSpeed : send event count: 1
.Type           : send event count: 1
.MediaTemp      : send event count: 1
.FDMFault       : listened by port : 294920, 
.OriPartNum     : send event count: 1
.PartNum        : send event count: 1
.BaseModuleType : send event count: 1
.ReplaceFlag    : listened by port : 294920, 
.BomNum         : send event count: 1
.Manufacturer   : send event count: 1
----------------- Mem021ConfigErrorCond         -----------
ref count      : 1
----------------- ComponentInfo50               -----------
ref count      : 1
----------------- ComponentInfo97               -----------
ref count      : 1
----------------- CPU1_ECC_Chan4_1HA            -----------
ref count      : 1
----------------- Cpu0TaRstFlatAcc              -----------
ref count      : 1
----------------- Mem160ConfigErrorCond         -----------
ref count      : 1
----------------- ComMemory131                  -----------
ref count      : 1
.Health         : listened by port : 294920, 
----------------- ComRiserCard-9                -----------
ref count      : 1
.Health         : listened by port : 294920, 
alias name: a:PCIRegInfo3000006, object name: CPU0_ECC_Chan6_1HA
alias name: a:PCIRegInfo3000101, object name: CPU1_ECC_Chan1_1HA
alias name: a:PCIRegInfo3000103, object name: CPU1_ECC_Chan3_1HA
alias name: a:PCIRegInfo1000102, object name: CPU1_PRE_Chan2_1HA
alias name: a:MemoryChannel3, object name: Cpu0Channel3
alias name: a:Memory1000700, object name: Memory170
alias name: a:PCIRegInfo1000006, object name: CPU0_PRE_Chan6_1HA
alias name: a:Memory700, object name: Memory070
alias name: a:Memory1000400, object name: Memory140
alias name: a:PCIRegInfo3000104, object name: CPU1_ECC_Chan4_1HA
alias name: a:Memory400, object name: Memory040
alias name: a:Memory1000100, object name: Memory110
alias name: a:Memory0, object name: Memory000
alias name: a:MemoryChannel4, object name: Cpu0Channel4
alias name: a:Memory100, object name: Memory010
alias name: a:PCIRegInfo1000007, object name: CPU0_PRE_Chan7_1HA
alias name: a:Memory1000701, object name: Memory171
alias name: a:Memory701, object name: Memory071
alias name: a:Memory1000401, object name: Memory141
alias name: a:PCIRegInfo3000105, object name: CPU1_ECC_Chan5_1HA
alias name: a:Memory401, object name: Memory041
alias name: a:Memory1000101, object name: Memory111
alias name: a:Memory1, object name: Memory001
alias name: a:MemoryChannel5, object name: Cpu0Channel5
alias name: a:Memory101, object name: Memory011
alias name: a:PCIRegInfo1000104, object name: CPU1_PRE_Chan4_1HA
alias name: a:MemoryChannel100, object name: Cpu1Channel0
alias name: a:PCIRegInfo3000007, object name: CPU0_ECC_Chan7_1HA
alias name: a:PCIRegInfo3000106, object name: CPU1_ECC_Chan6_1HA
alias name: a:PCIRegInfo1000103, object name: CPU1_PRE_Chan3_1HA
alias name: a:PCIRegInfo1000105, object name: CPU1_PRE_Chan5_1HA
alias name: a:MemoryChannel6, object name: Cpu0Channel6
alias name: a:MemoryChannel101, object name: Cpu1Channel1
alias name: a:PCIRegInfo3000107, object name: CPU1_ECC_Chan7_1HA
alias name: a:PCIRegInfo1000106, object name: CPU1_PRE_Chan6_1HA
alias name: a:MemoryChannel7, object name: Cpu0Channel7
alias name: a:Memory1000500, object name: Memory150
alias name: a:MemoryChannel102, object name: Cpu1Channel2
alias name: a:Memory500, object name: Memory050
alias name: a:Memory1000200, object name: Memory120
alias name: a:PCIRegInfo5000000, object name: CPU_Home_Agent_Num
alias name: a:PCIRegInfo3000000, object name: CPU0_ECC_Chan0_1HA
alias name: a:Memory200, object name: Memory020
alias name: a:PCIRegInfo1000107, object name: CPU1_PRE_Chan7_1HA
alias name: a:Memory1000501, object name: Memory151
alias name: a:MemoryChannel103, object name: Cpu1Channel3
alias name: a:Memory1000201, object name: Memory121
alias name: a:Memory501, object name: Memory051
alias name: a:PCIRegInfo1000000, object name: CPU0_PRE_Chan0_1HA
alias name: a:Memory201, object name: Memory021
alias name: a:PCIRegInfo3000001, object name: CPU0_ECC_Chan1_1HA
alias name: a:MemoryChannel104, object name: Cpu1Channel4
alias name: a:PCIRegInfo3000002, object name: CPU0_ECC_Chan2_1HA
alias name: a:PCIRegInfo1000001, object name: CPU0_PRE_Chan1_1HA
alias name: a:MemoryChannel105, object name: Cpu1Channel5
alias name: a:PCIRegInfo3000003, object name: CPU0_ECC_Chan3_1HA
alias name: a:PCIRegInfo1000002, object name: CPU0_PRE_Chan2_1HA
alias name: a:Memory1000600, object name: Memory160
alias name: a:Cpu0, object name: Cpu1
alias name: a:Memory1000300, object name: Memory130
alias name: a:MemoryChannel106, object name: Cpu1Channel6
alias name: a:Memory600, object name: Memory060
alias name: a:Memory1000000, object name: Memory100
alias name: a:MemoryChannel0, object name: Cpu0Channel0
alias name: a:PCIRegInfo1000003, object name: CPU0_PRE_Chan3_1HA
alias name: a:Memory1000601, object name: Memory161
alias name: a:Cpu1, object name: Cpu2
alias name: a:Memory300, object name: Memory030
alias name: a:Memory601, object name: Memory061
alias name: a:Memory1000301, object name: Memory131
alias name: a:MemoryChannel107, object name: Cpu1Channel7
alias name: a:PCIRegInfo1000100, object name: CPU1_PRE_Chan0_1HA
alias name: a:Memory301, object name: Memory031
alias name: a:MemoryChannel1, object name: Cpu0Channel1
alias name: a:PCIRegInfo1000004, object name: CPU0_PRE_Chan4_1HA
alias name: a:Memory1000001, object name: Memory101
alias name: a:PCIRegInfo3000005, object name: CPU0_ECC_Chan5_1HA
alias name: a:PCIRegInfo3000100, object name: CPU1_ECC_Chan0_1HA
alias name: a:PCIRegInfo3000102, object name: CPU1_ECC_Chan2_1HA
alias name: a:PCIRegInfo3000004, object name: CPU0_ECC_Chan4_1HA
alias name: a:PCIRegInfo1000101, object name: CPU1_PRE_Chan1_1HA
alias name: a:MemoryChannel2, object name: Cpu0Channel2
alias name: a:PCIRegInfo1000005, object name: CPU0_PRE_Chan5_1HA
===========================has object===========================
Cpu0ProcHotAccessor, ImuHeartbeatLostAcc, Cpu1TbRstFlatAcc, Cpu1ThermTripAccessor, Cpu0TbRstFlatAcc, Cpu0MsmiMcErrAccessor, localbus1, Cpu0CatMcErrAccessor, cpld1, Cpu0ThermTripAccessor, PowerGdAccessor, Cpu0CatIErrAccessor, Cpu1ProcHotAccessor, Cpu1TaRstFlatAcc, ResetiMEAccessor, Cpu0TaRstFlatAcc, 
=====================method info=============================
key=Memory.SetDimmIFMMEvent
input para list:
y output para list:

key=FdmConfig.FDMResetIFMM
input para list:
y y y output para list:

key=Cpu.CpuGetPcieInfo
input para list:
y y y y y y y output para list:
q q 
key=NPU.SetNPUStatisticsObjFromBMA
input para list:
s s output para list:

key=Cpu.ClearUsgeRecord
input para list:
y output para list:

key=Cpu.SetCpuBusNum
input para list:
ay output para list:

key=NPU.SetBDF
input para list:
s output para list:

key=Cpu.SetDisableCpu
input para list:
y output para list:

key=MeInfo.SetCpuUtilise
input para list:
q output para list:

key=MeInfo.SetMemUtiliseThre
input para list:
q output para list:

key=Memory.SetDimmPFAEvent
input para list:
y output para list:

key=Cpu.CpuSyncSetProhotCtrl
input para list:
y output para list:

key=Memory.SetHealthStatus
input para list:
y y y y y u output para list:

key=Cpu.SetQPILinkPFAEvent
input para list:
y y output para list:

key=MeInfo.SetUtiliseThreshold
input para list:
y q output para list:

key=MeInfo.SetiMEReset
input para list:
output para list:

key=Cpu.RollbackUsgeRecord
input para list:
output para list:

key=Cpu.SetPFAEvent
input para list:
y output para list:

key=MeInfo.SetDiskPartitionUsageThre
input para list:
q output para list:

key=Cpu.GetTotemErrorFlag
input para list:
output para list:
u 
key=Cpu.SetFDMFault
input para list:
y output para list:

key=NPU.CollectNpuLog
input para list:
output para list:
s 
key=NPU.SetMode
input para list:
y output para list:

key=NPU.SetMemoryCapacity
input para list:
u output para list:

key=MeInfo.SetCpuUtiliseThre
input para list:
q output para list:

key=Memory.SetFDMFault
input para list:
y output para list:

key=Memory.SetIsolationAddr
input para list:
ay output para list:

key=EnergySaving.SetEnergySavingEnable
input para list:
y output para list:

key=SMS.GetBMAConnectState
input para list:
output para list:

key=MeInfo.SetPFAEvent
input para list:
y output para list:

key=FPGAMemory.SetDIMMInfoFromMcu
input para list:
s ay output para list:

key=Cpu.SetQPILink
input para list:
y y output para list:

key=Cpu.CpuGetInfo
input para list:
i u ay ay i output para list:
i u ay 
key=Memory.MemGetCpuLogicId
input para list:
output para list:
y 
key=Cpu.SetCpuUsage
input para list:
d output para list:

key=PRODUCT.SetSFPMaxTemp
input para list:
q output para list:

key=EnergySaving.SetCancleCfg
input para list:
* output para list:

key=MemoryChannel.SetFDMFault
input para list:
y output para list:

key=MeInfo.SetForceRecoveryCause
input para list:
y output para list:

key=MeInfo.SetMemUtilise
input para list:
q output para list:

key=NPU.SetPFAEvent
input para list:
y output para list:

key=EnergySaving.SetLogicalCpuUsageThre
input para list:
q output para list:

key=EnergySaving.SetActiveCfg
input para list:
* output para list:
* 
key=MeInfo.SetPCHFault
input para list:
y output para list:

key=NPU.SetFDMFault
input para list:
y output para list:

key=NpuAbility.SetNpuAbility
input para list:
s d output para list:

key=CpuMem.dlog_outype
input para list:
s output para list:

key=CpuMem.deconnect_to_cli
input para list:
s output para list:

key=CpuMem.save_dlog_cfg
input para list:
output para list:

key=CpuMem.dlog_outlvl
input para list:
s output para list:

key=CpuMem.connect_to_cli
input para list:
s s output para list:

key=CpuMem.set_trace_cfg
input para list:
s output para list:

=====================listen info=============================
my ipc id=557072
key=<Payload.ResetFlag, handler=0xaaaac5e9b460, state=0
key=<Upgrade.Degrade, handler=0xaaaac5e9c8e8, state=0
key=<SmBios.FileChange, handler=0xaaaac5e9c5d8, state=1
key=<Payload.ChassisPowerState, handler=0xaaaac5e9b460, state=1
key=<Payload.SysResetFlag, handler=0xaaaac5e9b460, state=1
=====================route info=============================
.key=VariantExpression, rpc_port=50023, msg_que_id=753686
.key=CafeDev, rpc_port=50007, msg_que_id=229382
.key=IPMIMessageFilter, rpc_port=50025, msg_que_id=819224
.key=PRODUCT, rpc_port=50023, msg_que_id=753686
.key=BOARD, rpc_port=50023, msg_que_id=753686
.key=GPUBoard, rpc_port=50014, msg_que_id=458765
.key=VirOpticalModule, rpc_port=50028, msg_que_id=917531
.key=IpmbAddr, rpc_port=50025, msg_que_id=819224
.key=CoolingCondition, rpc_port=50021, msg_que_id=688148
.key=SysPower, rpc_port=50024, msg_que_id=786455
.key=CpuBoard, rpc_port=50014, msg_que_id=458765
.key=PcieHddRemoveMonitor, rpc_port=50016, msg_que_id=524303
.key=VRDAction, rpc_port=50008, msg_que_id=262151
.key=EnergySaving, rpc_port=50017, msg_que_id=557072
.key=PIPE, rpc_port=50015, msg_que_id=491534
.key=PasswdSetting, rpc_port=50026, msg_que_id=851993
.key=FdmWebConfig, rpc_port=50015, msg_que_id=491534
.key=SpecialPcieCard, rpc_port=50028, msg_que_id=917531
.key=RedfishEventService, rpc_port=50020, msg_que_id=655379
.key=LicenseManage, rpc_port=50002, msg_que_id=65537
.key=AccelerateCard, rpc_port=50014, msg_que_id=458765
.key=PCIeSDICard, rpc_port=50014, msg_que_id=458765
.key=PcieRetimer, rpc_port=50001, msg_que_id=32768
.key=PTASPolicy, rpc_port=50021, msg_que_id=688148
.key=EventMonitor, rpc_port=50009, msg_que_id=294920
.key=VirtualWire, rpc_port=50023, msg_que_id=753686
.key=SmtpConfig, rpc_port=50009, msg_que_id=294920
.key=PowerMgnt, rpc_port=50024, msg_que_id=786455
.key=HwMBAddrAllocMgmt, rpc_port=50014, msg_que_id=458765
.key=MeInfo, rpc_port=50017, msg_que_id=557072
.key=MutualAuthenticationCliCert, rpc_port=50023, msg_que_id=753686
.key=FANBoard, rpc_port=50014, msg_que_id=458765
.key=SystemManagerInfo, rpc_port=50023, msg_que_id=753686
.key=SensorShortTermSpecMonitor, rpc_port=50009, msg_que_id=294920
.key=SASCable, rpc_port=50016, msg_que_id=524303
.key=DevTest, rpc_port=50009, msg_que_id=294920
.key=NandInfo, rpc_port=50023, msg_que_id=753686
.key=EventDescpCfgToHmm, rpc_port=50009, msg_que_id=294920
.key=UserRole, rpc_port=50026, msg_que_id=851993
.key=SilkTemplate, rpc_port=50017, msg_que_id=557072
.key=Retimer, rpc_port=50014, msg_que_id=458765
.key=SyslogConfig, rpc_port=50009, msg_que_id=294920
.key=ProxyVideo, rpc_port=50018, msg_que_id=589841
.key=SmmFanFirmware, rpc_port=50008, msg_que_id=262151
.key=SSDPCtrlPtConfig, rpc_port=50019, msg_que_id=622610
.key=ResidentNetConfig, rpc_port=50028, msg_que_id=917531
.key=KvmLink, rpc_port=50004, msg_que_id=131075
.key=MasterSMM, rpc_port=50023, msg_que_id=753686
.key=ComputerSystem, rpc_port=50010, msg_que_id=327689
.key=LocalPcieCard, rpc_port=50014, msg_que_id=458765
.key=VPD, rpc_port=50016, msg_que_id=524303
.key=ComponentInfo, rpc_port=50017, msg_que_id=557072
.key=LSWConfig, rpc_port=50028, msg_que_id=917531
.key=AlertFilter, rpc_port=50009, msg_que_id=294920
.key=ModbusAddrAllocMgmt, rpc_port=50014, msg_que_id=458765
.key=Cooling, rpc_port=50021, msg_que_id=688148
.key=FANClass, rpc_port=50021, msg_que_id=688148
.key=HDDBackplane, rpc_port=50014, msg_que_id=458765
.key=ChipFirmwareMgnt, rpc_port=50008, msg_que_id=262151
.key=DftItem, rpc_port=50011, msg_que_id=360458
.key=Stateless, rpc_port=50028, msg_que_id=917531
.key=PcieAddrInfo, rpc_port=50015, msg_que_id=491534
.key=DftAction, rpc_port=50011, msg_que_id=360458
.key=ConditionTask, rpc_port=50009, msg_que_id=294920
.key=ExpBoard, rpc_port=50014, msg_que_id=458765
.key=OpaMezzInfo, rpc_port=50014, msg_que_id=458765
.key=SyslogItemCfg, rpc_port=50009, msg_que_id=294920
.key=ThresholdAssert, rpc_port=50009, msg_que_id=294920
.key=SolLink, rpc_port=50025, msg_que_id=819224
.key=MainBoard, rpc_port=50014, msg_que_id=458765
.key=IOBoard, rpc_port=50014, msg_que_id=458765
.key=_Snmp, rpc_port=50018, msg_que_id=589841
.key=SecurityModule, rpc_port=50014, msg_que_id=458765
.key=LLDPConfig, rpc_port=50028, msg_que_id=917531
.key=BBUModule, rpc_port=50024, msg_que_id=786455
.key=LeakageDetectionCard, rpc_port=50014, msg_que_id=458765
.key=SmtpItemCfg, rpc_port=50009, msg_que_id=294920
.key=DataAcquisitionMetric, rpc_port=50015, msg_que_id=491534
.key=RaidController, rpc_port=50016, msg_que_id=524303
.key=PMEServiceConfig, rpc_port=50023, msg_que_id=753686
.key=Memory, rpc_port=50017, msg_que_id=557072
.key=LicenseFeatureKey, rpc_port=50002, msg_que_id=65537
.key=VoltMonitor, rpc_port=50009, msg_que_id=294920
.key=PSUGroup, rpc_port=50024, msg_que_id=786455
.key=OemSdr, rpc_port=50009, msg_que_id=294920
.key=NPU, rpc_port=50017, msg_que_id=557072
.key=DiskSubArray, rpc_port=50016, msg_que_id=524303
.key=CollectPropertyDefinition, rpc_port=50023, msg_que_id=753686
.key=_card_manage, rpc_port=50014, msg_que_id=458765
.key=Action, rpc_port=50008, msg_que_id=262151
.key=OnePower, rpc_port=50024, msg_que_id=786455
.key=Kvm, rpc_port=50004, msg_que_id=131075
.key=DiscreteSensor, rpc_port=50009, msg_que_id=294920
.key=ThresholdSensorMonitor, rpc_port=50009, msg_que_id=294920
.key=CertMonitor, rpc_port=50023, msg_que_id=753686
.key=Pex8796, rpc_port=50001, msg_que_id=32768
.key=LicenseSaleInfo, rpc_port=50002, msg_que_id=65537
.key=PortMapping, rpc_port=50028, msg_que_id=917531
.key=RawEepromFruDev, rpc_port=50007, msg_que_id=229382
.key=_kvm_vmm, rpc_port=50004, msg_que_id=131075
.key=EnergySavingCfgItem, rpc_port=50017, msg_que_id=557072
.key=CpuStatistic, rpc_port=50017, msg_que_id=557072
.key=CompositionSetting, rpc_port=50001, msg_que_id=32768
.key=PsSleep, rpc_port=50024, msg_que_id=786455
.key=SysBattery, rpc_port=50024, msg_que_id=786455
.key=Pex9765, rpc_port=50001, msg_que_id=32768
.key=PermitRule, rpc_port=50026, msg_que_id=851993
.key=BMC, rpc_port=50023, msg_que_id=753686
.key=Snmp, rpc_port=50018, msg_que_id=589841
.key=VoltTest, rpc_port=50009, msg_que_id=294920
.key=LedPanel, rpc_port=50009, msg_que_id=294920
.key=EthFunction, rpc_port=50028, msg_que_id=917531
.key=_PowerMgnt, rpc_port=50024, msg_que_id=786455
.key=PowerCapping, rpc_port=50024, msg_que_id=786455
.key=RegAction, rpc_port=50014, msg_que_id=458765
.key=_ddns, rpc_port=50005, msg_que_id=163844
.key=M2TransformCard, rpc_port=50014, msg_que_id=458765
.key=SmBios, rpc_port=50013, msg_que_id=425996
.key=SensorOemConfig, rpc_port=50009, msg_que_id=294920
.key=Bios, rpc_port=50013, msg_que_id=425996
.key=McdlSdr, rpc_port=50009, msg_que_id=294920
.key=PMBusTempMonitor, rpc_port=50009, msg_que_id=294920
.key=DiskSlotInfo, rpc_port=50014, msg_que_id=458765
.key=LDAP, rpc_port=50023, msg_que_id=753686
.key=PassThroughCard, rpc_port=50014, msg_que_id=458765
.key=ReserveChanTest, rpc_port=50011, msg_que_id=360458
.key=RedfishEvtSubscription, rpc_port=50020, msg_que_id=655379
.key=Watchdog2, rpc_port=50022, msg_que_id=720917
.key=LedDispElmt_S, rpc_port=50009, msg_que_id=294920
.key=TransferFileInfo, rpc_port=50023, msg_que_id=753686
.key=PsuSlot, rpc_port=50024, msg_que_id=786455
.key=FruPayload, rpc_port=50022, msg_que_id=720917
.key=VMDCondition, rpc_port=50023, msg_que_id=753686
.key=_User, rpc_port=50026, msg_que_id=851993
.key=BoardInfoCollectCfg, rpc_port=50023, msg_que_id=753686
.key=Policy1Class, rpc_port=50021, msg_que_id=688148
.key=NetCard, rpc_port=50014, msg_que_id=458765
.key=Sel, rpc_port=50009, msg_que_id=294920
.key=ProductComponent, rpc_port=50023, msg_que_id=753686
.key=SLIMCableConfig, rpc_port=50016, msg_que_id=524303
.key=CfgMgnt, rpc_port=50003, msg_que_id=98306
.key=RiserPcieCard, rpc_port=50014, msg_que_id=458765
.key=OpticalModule, rpc_port=50028, msg_que_id=917531
.key=NPUHistoryECCInfo, rpc_port=50017, msg_que_id=557072
.key=RepeaterMgnt, rpc_port=50014, msg_que_id=458765
.key=ChipValueChecker, rpc_port=50009, msg_que_id=294920
.key=_net_nat, rpc_port=50029, msg_que_id=950300
.key=IPMIChannel, rpc_port=50025, msg_que_id=819224
.key=OscaPcieCard, rpc_port=50014, msg_que_id=458765
.key=LedDispElmt_RP, rpc_port=50009, msg_que_id=294920
.key=EventPolicy, rpc_port=50009, msg_que_id=294920
.key=iBMAUSBMassStorage, rpc_port=50004, msg_que_id=131075
.key=NvGPUAction, rpc_port=50014, msg_que_id=458765
.key=DiskArray, rpc_port=50016, msg_que_id=524303
.key=OscaPort, rpc_port=50013, msg_que_id=425996
.key=RmcpConfig, rpc_port=50025, msg_que_id=819224
.key=SASPHYStatus, rpc_port=50016, msg_que_id=524303
.key=SMMPCIeInfo, rpc_port=50014, msg_que_id=458765
.key=OCPCard, rpc_port=50014, msg_que_id=458765
.key=VirtualHDDBackplane, rpc_port=50014, msg_que_id=458765
.key=ProxyVmm, rpc_port=50018, msg_que_id=589841
.key=VmseChannel, rpc_port=50017, msg_que_id=557072
.key=HinicFirmware, rpc_port=50008, msg_que_id=262151
.key=MatchRegValue, rpc_port=50001, msg_que_id=32768
.key=Warning, rpc_port=50009, msg_que_id=294920
.key=Contact, rpc_port=50023, msg_que_id=753686
.key=Session, rpc_port=50026, msg_que_id=851993
.key=ExtendPcieCard, rpc_port=50014, msg_que_id=458765
.key=MaxValueMonitor, rpc_port=50009, msg_que_id=294920
.key=BusinessPort, rpc_port=50028, msg_que_id=917531
.key=CLASSFANTYPE, rpc_port=50021, msg_que_id=688148
.key=ButtonTest, rpc_port=50011, msg_que_id=360458
.key=SdrDev, rpc_port=50009, msg_que_id=294920
.key=SSDPConfig, rpc_port=50019, msg_que_id=622610
.key=BoardPower, rpc_port=50024, msg_que_id=786455
.key=PCIeSSDCard, rpc_port=50014, msg_que_id=458765
.key=USBMassStorage, rpc_port=50004, msg_que_id=131075
.key=MassStorage, rpc_port=50016, msg_que_id=524303
.key=TrapConfig, rpc_port=50009, msg_que_id=294920
.key=BIOSEvent, rpc_port=50009, msg_que_id=294920
.key=Led, rpc_port=50009, msg_que_id=294920
.key=PortConfig, rpc_port=50028, msg_que_id=917531
.key=PCIeDisk, rpc_port=50016, msg_que_id=524303
.key=PTAS, rpc_port=50021, msg_que_id=688148
.key=CompositionZone, rpc_port=50001, msg_que_id=32768
.key=MctpCtrl, rpc_port=50012, msg_que_id=393227
.key=SignalMonitor, rpc_port=50009, msg_que_id=294920
.key=MutualAuthentication, rpc_port=50023, msg_que_id=753686
.key=Card, rpc_port=50014, msg_que_id=458765
.key=RaidChip, rpc_port=50016, msg_que_id=524303
.key=Eth, rpc_port=50028, msg_que_id=917531
.key=LogicalDriveAlertInfo, rpc_port=50016, msg_que_id=524303
.key=Video, rpc_port=50004, msg_que_id=131075
.key=LedDispControl, rpc_port=50009, msg_que_id=294920
.key=Dump, rpc_port=50027, msg_que_id=884762
.key=FruStatics, rpc_port=50007, msg_que_id=229382
.key=_BIOS, rpc_port=50013, msg_que_id=425996
.key=ScriptEngine, rpc_port=50027, msg_que_id=884762
.key=PcieRootPortMap, rpc_port=50007, msg_que_id=229382
.key=FruDev, rpc_port=50007, msg_que_id=229382
.key=FPGAMemory, rpc_port=50017, msg_que_id=557072
.key=EventSeverityChange, rpc_port=50009, msg_que_id=294920
.key=_dfm, rpc_port=50000, msg_que_id=0
.key=TrapItemCfg, rpc_port=50009, msg_que_id=294920
.key=LedTest, rpc_port=50009, msg_que_id=294920
.key=DataCondition, rpc_port=50017, msg_que_id=557072
.key=StorageDiagnose, rpc_port=50016, msg_que_id=524303
.key=PcieCard, rpc_port=50014, msg_que_id=458765
.key=PowerAlert, rpc_port=50024, msg_que_id=786455
.key=PowerSignalMonitor, rpc_port=50009, msg_que_id=294920
.key=ComponentFirmware, rpc_port=50008, msg_que_id=262151
.key=NpuAbility, rpc_port=50017, msg_que_id=557072
.key=_Dft, rpc_port=50011, msg_que_id=360458
.key=MgmtChipEnvConfig, rpc_port=50023, msg_que_id=753686
.key=BMCCoreManagement, rpc_port=50023, msg_que_id=753686
.key=SeriaManagement, rpc_port=50025, msg_que_id=819224
.key=OcpCardControl, rpc_port=50014, msg_que_id=458765
.key=FirmwareLimit, rpc_port=50011, msg_que_id=360458
.key=User, rpc_port=50026, msg_que_id=851993
.key=Upgrade, rpc_port=50008, msg_que_id=262151
.key=_sensor_alarm, rpc_port=50009, msg_que_id=294920
.key=PrivilegeAgent, rpc_port=50018, msg_que_id=589841
.key=Eeprom, rpc_port=50008, msg_que_id=262151
.key=Condition, rpc_port=50021, msg_que_id=688148
.key=TempMonitor, rpc_port=50009, msg_que_id=294920
.key=_CpuMem, rpc_port=50017, msg_que_id=557072
.key=SMM, rpc_port=50023, msg_que_id=753686
.key=LDAPCommon, rpc_port=50023, msg_que_id=753686
.key=SensorCategory, rpc_port=50009, msg_que_id=294920
.key=NandFlash, rpc_port=50023, msg_que_id=753686
.key=Raid, rpc_port=50014, msg_que_id=458765
.key=TransferFile, rpc_port=50023, msg_que_id=753686
.key=DftCtrl, rpc_port=50011, msg_que_id=360458
.key=Entity, rpc_port=50009, msg_que_id=294920
.key=UidButton, rpc_port=50009, msg_que_id=294920
.key=Hdd, rpc_port=50016, msg_que_id=524303
.key=InterfaceTest, rpc_port=50011, msg_que_id=360458
.key=CardAction, rpc_port=50014, msg_que_id=458765
.key=EncryptKey, rpc_port=50026, msg_que_id=851993
.key=_diagnose, rpc_port=50015, msg_que_id=491534
.key=Language, rpc_port=50009, msg_que_id=294920
.key=Hotswap, rpc_port=50022, msg_que_id=720917
.key=ManualControlLed, rpc_port=50009, msg_que_id=294920
.key=_agentless, rpc_port=50010, msg_que_id=327689
.key=AlertString, rpc_port=50009, msg_que_id=294920
.key=LocalHostAgentPort, rpc_port=50029, msg_que_id=950300
.key=DftLSWConfig, rpc_port=50028, msg_que_id=917531
.key=DataAcquisitionTagDefinition, rpc_port=50015, msg_que_id=491534
.key=MezzCard, rpc_port=50014, msg_que_id=458765
.key=MemoryChannel, rpc_port=50017, msg_que_id=557072
.key=_Payload, rpc_port=50022, msg_que_id=720917
.key=AssetLocateBoard, rpc_port=50014, msg_que_id=458765
.key=RegMonitor, rpc_port=50009, msg_que_id=294920
.key=_MaintDebug, rpc_port=50027, msg_que_id=884762
.key=SysFWProgressStatus, rpc_port=50017, msg_que_id=557072
.key=_StorageMgnt, rpc_port=50016, msg_que_id=524303
.key=ConditionGroup, rpc_port=50021, msg_que_id=688148
.key=OSDrivePartition, rpc_port=50010, msg_que_id=327689
.key=_BMC, rpc_port=50023, msg_que_id=753686
.key=Log, rpc_port=50027, msg_que_id=884762
.key=_portal, rpc_port=50006, msg_que_id=196613
.key=Payload, rpc_port=50022, msg_que_id=720917
.key=_FileManage, rpc_port=50003, msg_que_id=98306
.key=PCIeFPGACard, rpc_port=50014, msg_que_id=458765
.key=LicenseKeyInfo, rpc_port=50002, msg_que_id=65537
.key=EthRename, rpc_port=50028, msg_que_id=917531
.key=StorageCfgCustomize, rpc_port=50016, msg_que_id=524303
.key=PcieSwitch, rpc_port=50001, msg_que_id=32768
.key=FdmConfig, rpc_port=50015, msg_que_id=491534
.key=MSPP, rpc_port=50024, msg_que_id=786455
.key=Firmware, rpc_port=50008, msg_que_id=262151
.key=DataAcquisitionService, rpc_port=50015, msg_que_id=491534
.key=VNC, rpc_port=50004, msg_que_id=131075
.key=ExtendSASCable, rpc_port=50016, msg_que_id=524303
.key=I2CTest, rpc_port=50011, msg_que_id=360458
.key=DiscreteEvent, rpc_port=50009, msg_que_id=294920
.key=FanGroup, rpc_port=50021, msg_que_id=688148
.key=LicenseSaleItem, rpc_port=50002, msg_que_id=65537
.key=DeaSdr, rpc_port=50009, msg_que_id=294920
.key=Vmm, rpc_port=50004, msg_que_id=131075
.key=SSLEncryptKey, rpc_port=50026, msg_que_id=851993
.key=ChipConfigMgnt, rpc_port=50008, msg_que_id=262151
.key=Ipmb, rpc_port=50025, msg_que_id=819224
.key=TreeNode, rpc_port=50015, msg_que_id=491534
.key=ProcessorFamily, rpc_port=50015, msg_que_id=491534
.key=SMS, rpc_port=50010, msg_que_id=327689
.key=PcieSwitchAction, rpc_port=50001, msg_que_id=32768
.key=EventInformation, rpc_port=50009, msg_que_id=294920
.key=FibreChannel, rpc_port=50028, msg_que_id=917531
.key=LDAPGroup, rpc_port=50023, msg_que_id=753686
.key=AgeTest, rpc_port=50011, msg_que_id=360458
.key=ThresholdSensor, rpc_port=50009, msg_que_id=294920
.key=EthGroup, rpc_port=50028, msg_que_id=917531
.key=BladeCpuThermal, rpc_port=50021, msg_que_id=688148
.key=PCIeTransformCard, rpc_port=50014, msg_que_id=458765
.key=CompositionEndpoint, rpc_port=50001, msg_que_id=32768
.key=PswCpld, rpc_port=50001, msg_que_id=32768
.key=ConditionAction, rpc_port=50009, msg_que_id=294920
.key=EnvRecord, rpc_port=50009, msg_que_id=294920
.key=_PcieSwitch, rpc_port=50001, msg_que_id=32768
.key=BoardRTC, rpc_port=50023, msg_que_id=753686
.key=BladeCoolingPolicy, rpc_port=50021, msg_que_id=688148
.key=LedDispElmt, rpc_port=50009, msg_que_id=294920
.key=_cooling_app, rpc_port=50021, msg_que_id=688148
.key=GPUCard, rpc_port=50014, msg_que_id=458765
.key=StringFormator, rpc_port=50009, msg_que_id=294920
.key=EventConfiguration, rpc_port=50009, msg_que_id=294920
.key=Chassis, rpc_port=50023, msg_que_id=753686
.key=ComponentPowerCtrl, rpc_port=50014, msg_que_id=458765
.key=_MCTP, rpc_port=50012, msg_que_id=393227
.key=Redfish, rpc_port=50020, msg_que_id=655379
.key=EndpointIdentifier, rpc_port=50001, msg_que_id=32768
.key=Pex8725, rpc_port=50001, msg_que_id=32768
.key=_LicenseMgnt, rpc_port=50002, msg_que_id=65537
.key=BoardTypeDefinition, rpc_port=50023, msg_que_id=753686
.key=KRBCommon, rpc_port=50023, msg_que_id=753686
.key=_UPGRADE, rpc_port=50008, msg_que_id=262151
.key=SOLManagement, rpc_port=50025, msg_que_id=819224
.key=ChipVrdParameterConfig, rpc_port=50008, msg_que_id=262151
.key=LSWChipMgnt, rpc_port=50028, msg_que_id=917531
.key=ExPortConfig, rpc_port=50028, msg_que_id=917531
.key=BBU, rpc_port=50016, msg_que_id=524303
.key=VncLink, rpc_port=50004, msg_que_id=131075
.key=HDDLocationStatus, rpc_port=50016, msg_que_id=524303
.key=EthFunctionDefine, rpc_port=50028, msg_que_id=917531
.key=DNSSetting, rpc_port=50005, msg_que_id=163844
.key=SSL, rpc_port=50023, msg_que_id=753686
.key=RemoteHttpsServerRootCert, rpc_port=50023, msg_que_id=753686
.key=DftVersion, rpc_port=50011, msg_que_id=360458
.key=PeripheralDeviceSensor, rpc_port=50014, msg_que_id=458765
.key=SASExpander, rpc_port=50016, msg_que_id=524303
.key=MemoryBoard, rpc_port=50014, msg_que_id=458765
.key=Cpu, rpc_port=50017, msg_que_id=557072
.key=RegConfig, rpc_port=50014, msg_que_id=458765
.key=_FruData, rpc_port=50007, msg_que_id=229382
.key=Gpio, rpc_port=50009, msg_que_id=294920
.key=LicenseAlarmInfo, rpc_port=50002, msg_que_id=65537
.key=LDAPCert, rpc_port=50023, msg_que_id=753686
.key=ChipValueReader, rpc_port=50009, msg_que_id=294920
.key=VRDUpgradeMgnt, rpc_port=50008, msg_que_id=262151
.key=LedCtrl, rpc_port=50009, msg_que_id=294920
.key=PefFilter, rpc_port=50009, msg_que_id=294920
.key=_redfish, rpc_port=50020, msg_que_id=655379
.key=AdditionalFan, rpc_port=50021, msg_que_id=688148
.key=SelFilter, rpc_port=50009, msg_que_id=294920
.key=CPLDSelftest, rpc_port=50011, msg_que_id=360458
.key=SMMportswitch, rpc_port=50028, msg_que_id=917531
.key=PcieRetimerAction, rpc_port=50001, msg_que_id=32768
.key=OAM, rpc_port=50028, msg_que_id=917531
.key=ModbusSlave, rpc_port=50014, msg_que_id=458765
.key=PowerOnCriteria, rpc_port=50022, msg_que_id=720917
.key=CpuPowTempMap, rpc_port=50021, msg_que_id=688148
.key=Diagnose, rpc_port=50015, msg_que_id=491534
.key=Fru, rpc_port=50007, msg_que_id=229382
.key=MMPortOtmInfo, rpc_port=50028, msg_que_id=917531
.key=LogicalDrive, rpc_port=50016, msg_que_id=524303
.key=I2cLed, rpc_port=50009, msg_que_id=294920
.key=_discovery, rpc_port=50019, msg_que_id=622610
.key=EventDescp, rpc_port=50009, msg_que_id=294920
.key=_ipmi_app, rpc_port=50025, msg_que_id=819224
.key=Composition, rpc_port=50001, msg_que_id=32768
.key=Component, rpc_port=50007, msg_que_id=229382
.key=BusinessPortVLAN, rpc_port=50028, msg_que_id=917531
.key=MutualAuthenticationRootCert, rpc_port=50023, msg_que_id=753686
.key=Elabel, rpc_port=50007, msg_que_id=229382
.key=SecurityEnhance, rpc_port=50026, msg_que_id=851993
.key=VRDUpgradeMgntAssist, rpc_port=50008, msg_que_id=262151
.key=InsertStatusLedCtrl, rpc_port=50009, msg_que_id=294920
.key=ResidentStorageMgnt, rpc_port=50016, msg_que_id=524303
.key=_NetConfig, rpc_port=50028, msg_que_id=917531
.key=LicenseGeneralInfo, rpc_port=50002, msg_que_id=65537
.key=DftStatus, rpc_port=50011, msg_que_id=360458
.key=NTP, rpc_port=50023, msg_que_id=753686
.key=Com, rpc_port=50025, msg_que_id=819224
.key=NoDevTest, rpc_port=50009, msg_que_id=294920
.key=MngtPortCap, rpc_port=50028, msg_que_id=917531
.key=USBPortSwitch, rpc_port=50023, msg_que_id=753686
.key=IpmbEth, rpc_port=50025, msg_que_id=819224
.key=SLIMCable, rpc_port=50016, msg_que_id=524303
.key=Modbus, rpc_port=50014, msg_que_id=458765
.key=IsMemBoard, rpc_port=50014, msg_que_id=458765
.key=ExternalRefInfo, rpc_port=50015, msg_que_id=491534
.key=AccessorUpdateAction, rpc_port=50008, msg_que_id=262151
.key=ProxyKvm, rpc_port=50018, msg_que_id=589841
.key=ChipUpgradeByI2C, rpc_port=50008, msg_que_id=262151
=====================other info=============================
ipmi app rpc port=50025
dft app rpc port=50011
my rpc port=50017
my ipc id=557072
sync sem4 id=32768
module id=18
=============================client end==========================
=====================class info============================
--------------------- NpuAbility          -----------------
--------------------- DataCondition       -----------------
--------------------- ComponentInfo       -----------------
--------------------- NPUHistoryECCInfo   -----------------
--------------------- SmBios              -----------------
listened       : SmBiosStatus: 491534, 393227, 262151, 458765, 131075, 
               : FileChange: 557072, 
--------------------- SMS                 -----------------
listened       : BoBChannelType: 589841, 819224, 917531, 950300, 
               : IPAddr: 655379, 294920, 
               : Port: 655379, 950300, 
               : RegisterState: 655379, 
               : MinPort: 294920, 
               : MaxPort: 294920, 
               : UpdateStatus: 524303, 
               : CdevChannelEnabled: 950300, 
--------------------- MemoryChannel       -----------------
listened       : FDMFault: 294920, 
--------------------- VmseChannel         -----------------
--------------------- Upgrade             -----------------
listened       : UpgradedFlag: 589841, 655379, 425996, 294920, 851993, 131075, 753686, 
               : PreRollbackFlag: 589841, 655379, 425996, 294920, 851993, 131075, 753686, 
               : Degrade: 557072, 
               : UpgradeFileMasterKeyId: 851993, 
--------------------- PcieCard            -----------------
listened       : Health: 294920, 
               : FatalError: 294920, 
               : FDMFault: 294920, 
               : ReplaceFlag: 294920, 
--------------------- FPGAMemory          -----------------
--------------------- CpuStatistic        -----------------
--------------------- LocalBusMix         -----------------
--------------------- EnergySavingCfgItem -----------------
--------------------- ProductComponent    -----------------
--------------------- Log                 -----------------
--------------------- EnergySaving        -----------------
--------------------- NPU                 -----------------
listened       : IErr: 491534, 
               : IMUState: 491534, 
--------------------- Memory              -----------------
listened       : ReplaceFlag: 294920, 
               : FDMFault: 294920, 
--------------------- SilkTemplate        -----------------
--------------------- Cpu                 -----------------
listened       : IErr: 491534, 131075, 
               : McErr: 491534, 131075, 
               : Error2: 491534, 
               : MirrorFailChMask: 491534, 
               : Version: 688148, 
               : FDMFault: 294920, 
--------------------- PCIRegInfo          -----------------
--------------------- Accessor            -----------------
--------------------- Condition           -----------------
--------------------- Payload             -----------------
listened       : SysResetFlag: 32768, 491534, 262151, 425996, 557072, 458765, 786455, 294920, 327689, 524303, 131075, 
               : ChassisPowerState: 491534, 262151, 425996, 557072, 458765, 786455, 720917, 294920, 327689, 524303, 131075, 
               : ResetFlag: 491534, 425996, 557072, 458765, 786455, 327689, 524303, 294920, 
               : RestartValue: 425996, 294920, 
               : AcpiStatus: 720917, 
               : BoardStableStatus: 819224, 
               : AcpiValue: 294920, 
               : PwrOkSigDrop: 294920, 
               : PwrButtonFlag: 294920, 
               : PowerGd: 688148, 
--------------------- Component           -----------------
listened       : Health: 294920, 
--------------------- Expression          -----------------
listened       : Value: 294920, 
--------------------- SysFWProgressStatus -----------------
--------------------- Chip                -----------------
--------------------- DbdCfgCont          -----------------
--------------------- FdmConfig           -----------------
--------------------- BMC                 -----------------
listened       : HostName: 589841, 163844, 917531, 294920, 
               : CustomManufacturer: 655379, 
--------------------- MeInfo              -----------------
listened       : CpuTjmax: 688148, 
--------------------- PRODUCT             -----------------
listened       : SessionTokenLength: 327689, 
--------------------- PMEServiceConfig    -----------------
listened       : BoardInfoCollectEnable: 753686, 
=====================fwrite info============================
fm sync fwrite cnt: 0
log fwrite cnt: 0
fm setcontent fwrite cnt: 0
