==========================object===========================
----------------- SysRestart_Event_7_B_1        -----------
ref count      : 1
----------------- GPUElabel-901                 -----------
ref count      : 1
.MfgDateTime    : listened by port : 753686, 
.ProductAssetTag : listened by port : 294920, 
.BoardSerialNumber : listened by port : 294920, 65537, 
.ChassisSerialNumber : listened by port : 294920, 
----------------- CpuEvent_b                    -----------
ref count      : 1
----------------- MemEvent_10                   -----------
ref count      : 1
----------------- SysRestart_Event_7_7_8        -----------
ref count      : 1
----------------- SysRestart_Event_7_0_D        -----------
ref count      : 1
----------------- DimmEccAlertMetric            -----------
ref count      : 1
----------------- TempEvent_5                   -----------
ref count      : 1
----------------- Memory130                     -----------
ref count      : 1
.FDMFault       : listened by port : 294920, 
.ReplaceFlag    : listened by port : 294920, 
----------------- CpuCoreEvent_00               -----------
ref count      : 1
----------------- HddSATAALLSMARTMetric         -----------
ref count      : 1
----------------- Hdd4TreeNode-2                -----------
ref count      : 1
----------------- ComMemory020                  -----------
ref count      : 1
.Health         : listened by port : 294920, 
----------------- CpuEvent_c                    -----------
ref count      : 1
----------------- Cpu0CatMcErrAccessor          -----------
ref count      : 1
----------------- ComSASExpander0-2             -----------
ref count      : 1
.Health         : listened by port : 294920, 
----------------- ComMemory021                  -----------
ref count      : 1
.Health         : listened by port : 294920, 
----------------- Cpu1                          -----------
ref count      : 1
.Error2         : listened by port : 491534, 
.Version        : listened by port : 688148, 
.IErr           : listened by port : 131075, 491534, 
.FDMFault       : listened by port : 294920, 
.McErr          : listened by port : 131075, 491534, 
.MirrorFailChMask : listened by port : 491534, 
----------------- Memory131                     -----------
ref count      : 1
.FDMFault       : listened by port : 294920, 
.ReplaceFlag    : listened by port : 294920, 
----------------- CpuCoreEvent_01               -----------
ref count      : 1
----------------- MemEvent_5                    -----------
ref count      : 1
----------------- SysRestart_Event_7_0_E        -----------
ref count      : 1
----------------- TempEvent_6                   -----------
ref count      : 1
----------------- LanEvent_1                    -----------
ref count      : 1
----------------- Cpu1Channel0                  -----------
ref count      : 1
.FDMFault       : listened by port : 294920, 
----------------- PcieCardAnchor-801            -----------
ref count      : 1
----------------- MemEvent_6                    -----------
ref count      : 1
----------------- Memory:C                      -----------
ref count      : 1
----------------- Cpu2                          -----------
ref count      : 1
.Error2         : listened by port : 491534, 
.Version        : listened by port : 688148, 
.IErr           : listened by port : 131075, 491534, 
.FDMFault       : listened by port : 294920, 
.McErr          : listened by port : 131075, 491534, 
.MirrorFailChMask : listened by port : 491534, 
----------------- Hdd3-2                        -----------
ref count      : 1
.RebuildState   : listened by port : 294920, 
.Presence       : listened by port : 294920, 
.Id             : listened by port : 229382, 491534, 
.ReplaceFlag    : listened by port : 294920, 
----------------- ComMemory100                  -----------
ref count      : 1
.Health         : listened by port : 294920, 
----------------- HddPListCountMetric           -----------
ref count      : 1
----------------- HddSASProtocolSpPortLogMetric -----------
ref count      : 1
----------------- PSInletTemp-5                 -----------
ref count      : 1
.Health         : listened by port : 688148, 294920, 
----------------- Cpu1Channel1                  -----------
ref count      : 1
.FDMFault       : listened by port : 294920, 
----------------- SysRestart_Event_7_0_F        -----------
ref count      : 1
----------------- TempEvent_7                   -----------
ref count      : 1
----------------- TempEvent_8                   -----------
ref count      : 1
----------------- ComMemory101                  -----------
ref count      : 1
.Health         : listened by port : 294920, 
----------------- Button_Event_03_1             -----------
ref count      : 1
----------------- TempEvent_10                  -----------
ref count      : 1
----------------- Memory120TreeNode             -----------
ref count      : 1
----------------- HDD_BP_status_2               -----------
ref count      : 1
----------------- MemEvent_8                    -----------
ref count      : 1
----------------- PSInletTemp-6                 -----------
ref count      : 1
.Health         : listened by port : 688148, 294920, 
----------------- Cpu1Channel2                  -----------
ref count      : 1
.FDMFault       : listened by port : 294920, 
----------------- HddGListCountMetric           -----------
ref count      : 1
----------------- ComHdd5-2                     -----------
ref count      : 1
.Health         : listened by port : 294920, 
----------------- TempEvent_9                   -----------
ref count      : 1
----------------- MemEvent_9                    -----------
ref count      : 1
----------------- ComCpu1                       -----------
ref count      : 1
.Health         : listened by port : 294920, 
----------------- TempEvent_11                  -----------
ref count      : 1
----------------- Memory151TreeNode             -----------
ref count      : 1
----------------- CPUDDRVPP2Metric              -----------
ref count      : 1
----------------- MemEvent_7                    -----------
ref count      : 1
----------------- Hdd2TreeNode-2                -----------
ref count      : 1
----------------- Cpu1Channel3                  -----------
ref count      : 1
.FDMFault       : listened by port : 294920, 
----------------- RtcBatteryEvent_0             -----------
ref count      : 1
----------------- ComRiserCard-e                -----------
ref count      : 1
.Health         : listened by port : 294920, 
----------------- Riser3LinkTreeNode            -----------
ref count      : 1
----------------- VerChangeEvt_0                -----------
ref count      : 1
----------------- SYS12V_1Metric                -----------
ref count      : 1
----------------- PcieSlot5_94                  -----------
ref count      : 1
----------------- ComPowerSupply-6              -----------
ref count      : 1
.Health         : listened by port : 294920, 
----------------- ComCpu2                       -----------
ref count      : 1
.Health         : listened by port : 294920, 
----------------- LomCard-3                     -----------
ref count      : 1
.FDMFault       : listened by port : 294920, 
.Eid            : listened by port : 917531, 
.Health         : listened by port : 294920, 
.HotplugCtrlStatus : listened by port : 458765, 
.PrePlug        : listened by port : 917531, 
.ReplaceFlag    : listened by port : 294920, 
----------------- GPUElabel-902                 -----------
ref count      : 1
.MfgDateTime    : listened by port : 753686, 
.ProductAssetTag : listened by port : 294920, 
.BoardSerialNumber : listened by port : 294920, 65537, 
.ChassisSerialNumber : listened by port : 294920, 
----------------- Cpu1Channel4                  -----------
ref count      : 1
.FDMFault       : listened by port : 294920, 
----------------- SYScom                        -----------
ref count      : 1
----------------- MeInfo                        -----------
ref count      : 1
.CpuTjmax       : listened by port : 688148, 
----------------- PcieCardAnchor-802            -----------
ref count      : 1
----------------- VerChangeEvt_2                -----------
ref count      : 1
----------------- ComMemory050                  -----------
ref count      : 1
.Health         : listened by port : 294920, 
----------------- ComPowerSupply-5              -----------
ref count      : 1
.Health         : listened by port : 294920, 
----------------- Memory160                     -----------
ref count      : 1
.FDMFault       : listened by port : 294920, 
.ReplaceFlag    : listened by port : 294920, 
----------------- VerChangeEvt_3                -----------
ref count      : 1
----------------- ComMemory                     -----------
ref count      : 1
.Health         : listened by port : 294920, 
----------------- DataAcquisitionService:C      -----------
ref count      : 1
----------------- Cpu1Channel5                  -----------
ref count      : 1
.FDMFault       : listened by port : 294920, 
----------------- LomCard-4                     -----------
ref count      : 1
.FDMFault       : listened by port : 294920, 
.Eid            : listened by port : 917531, 
.Health         : listened by port : 294920, 
.HotplugCtrlStatus : listened by port : 458765, 
.PrePlug        : listened by port : 917531, 
.ReplaceFlag    : listened by port : 294920, 
----------------- BootError_Event_0             -----------
ref count      : 1
----------------- VerChangeEvt_1_0              -----------
ref count      : 1
----------------- RaidCardTemp-1                -----------
ref count      : 1
.Health         : listened by port : 688148, 294920, 
----------------- ComMemory051                  -----------
ref count      : 1
.Health         : listened by port : 294920, 
----------------- Memory161                     -----------
ref count      : 1
.FDMFault       : listened by port : 294920, 
.ReplaceFlag    : listened by port : 294920, 
----------------- No_SD_Event_1                 -----------
ref count      : 1
----------------- FRPMMetric                    -----------
ref count      : 1
----------------- Cpu1Channel6                  -----------
ref count      : 1
.FDMFault       : listened by port : 294920, 
----------------- SysRestart_Event_7_B_8        -----------
ref count      : 1
----------------- BootError_Event_1             -----------
ref count      : 1
----------------- ComMemory130                  -----------
ref count      : 1
.Health         : listened by port : 294920, 
----------------- PwrCapStatus_Event_0          -----------
ref count      : 1
----------------- Fan3Fspeed                    -----------
ref count      : 1
.Health         : listened by port : 688148, 294920, 
----------------- RtcBatteryEvent_1             -----------
ref count      : 1
----------------- Cpu1Channel7                  -----------
ref count      : 1
.FDMFault       : listened by port : 294920, 
----------------- Hdd0TreeNode-2                -----------
ref count      : 1
----------------- ComFan1                       -----------
ref count      : 1
.Health         : listened by port : 294920, 
----------------- BootError_Event_2             -----------
ref count      : 1
----------------- VerChangeEvt_1_2              -----------
ref count      : 1
----------------- ComMemory131                  -----------
ref count      : 1
.Health         : listened by port : 294920, 
----------------- FanEvent_0                    -----------
ref count      : 1
----------------- BMC                           -----------
ref count      : 1
.HostName       : listened by port : 294920, 917531, 163844, 589841, 
.CustomManufacturer : listened by port : 655379, 
----------------- CPUTagDefinition              -----------
ref count      : 1
----------------- ComButton                     -----------
ref count      : 1
.Health         : listened by port : 294920, 
----------------- PCHVPVNNMetric                -----------
ref count      : 1
----------------- ComFan2                       -----------
ref count      : 1
.Health         : listened by port : 294920, 
----------------- fan4TreeNode                  -----------
ref count      : 1
----------------- PowerEvent_0                  -----------
ref count      : 1
----------------- HddPListMetric                -----------
ref count      : 1
----------------- HddInner1-2                   -----------
ref count      : 1
.RebuildState   : listened by port : 294920, 
.Presence       : listened by port : 294920, 
.Id             : listened by port : 229382, 491534, 
.ReplaceFlag    : listened by port : 294920, 
----------------- Memory020TreeNode             -----------
ref count      : 1
----------------- PSURedundancyMetric           -----------
ref count      : 1
----------------- PowerEvent_1                  -----------
ref count      : 1
----------------- IntrusionEvent_0              -----------
ref count      : 1
----------------- Raid-1                        -----------
ref count      : 1
.Health         : listened by port : 294920, 
.ReplaceFlag    : listened by port : 294920, 
----------------- BootError_Event_3             -----------
ref count      : 1
----------------- ComHdd1-2                     -----------
ref count      : 1
.Health         : listened by port : 294920, 
----------------- ComFan3                       -----------
ref count      : 1
.Health         : listened by port : 294920, 
----------------- FanEvent_1                    -----------
ref count      : 1
----------------- FanEvent_2                    -----------
ref count      : 1
----------------- AddInCard_Event_03_1          -----------
ref count      : 1
----------------- Memory051TreeNode             -----------
ref count      : 1
----------------- TempEvent_1_07_01             -----------
ref count      : 1
----------------- CPUDTSMetric                  -----------
ref count      : 1
----------------- Hdd1TreeNode-2                -----------
ref count      : 1
----------------- HddSASASCMetric               -----------
ref count      : 1
----------------- CPUVDDQ2Metric                -----------
ref count      : 1
----------------- ComFan4                       -----------
ref count      : 1
.Health         : listened by port : 294920, 
----------------- SYS12V_5Metric                -----------
ref count      : 1
----------------- MemoryChannel:C               -----------
ref count      : 1
----------------- FanEvent_3                    -----------
ref count      : 1
----------------- ComRaidCard                   -----------
ref count      : 1
.Health         : listened by port : 294920, 
----------------- SysRestart_Event_7_7_D        -----------
ref count      : 1
----------------- PowerEvent_2                  -----------
ref count      : 1
----------------- PcieNicCard1                  -----------
ref count      : 1
----------------- PowerEvent_3                  -----------
ref count      : 1
----------------- Cpu1MemTemp                   -----------
ref count      : 1
.Health         : listened by port : 688148, 294920, 
----------------- SysRestart_Event_7_7_E        -----------
ref count      : 1
----------------- PcieCard-901                  -----------
ref count      : 1
.FatalError     : listened by port : 294920, 
.FDMFault       : listened by port : 294920, 
.Health         : listened by port : 294920, 
.ReplaceFlag    : listened by port : 294920, 
----------------- SystemTagDefinition           -----------
ref count      : 1
----------------- FanEvent_4                    -----------
ref count      : 1
----------------- PcieCard-902                  -----------
ref count      : 1
.FatalError     : listened by port : 294920, 
.FDMFault       : listened by port : 294920, 
.Health         : listened by port : 294920, 
.ReplaceFlag    : listened by port : 294920, 
----------------- Button_Event_0                -----------
ref count      : 1
----------------- ComHddInner3-2                -----------
ref count      : 1
.Health         : listened by port : 294920, 
----------------- PcieNicCard2                  -----------
ref count      : 1
----------------- MemBandWidthUtiliseRefInfo    -----------
ref count      : 1
----------------- SelLogEvent_0                 -----------
ref count      : 1
----------------- PowerEvent_4                  -----------
ref count      : 1
----------------- SysRestart_Event_7_7_F        -----------
ref count      : 1
----------------- ASICEvent_26_07_1             -----------
ref count      : 1
----------------- PowerCappingEnableRefInfo     -----------
ref count      : 1
----------------- FanEvent_5                    -----------
ref count      : 1
----------------- PcieSATA1                     -----------
ref count      : 1
----------------- ComMemory160                  -----------
ref count      : 1
.Health         : listened by port : 294920, 
----------------- HddHealthMetric               -----------
ref count      : 1
----------------- PowerEvent_5                  -----------
ref count      : 1
----------------- Button_Event_1                -----------
ref count      : 1
----------------- HddErrorLogMetric             -----------
ref count      : 1
----------------- BootError_Event_4             -----------
ref count      : 1
----------------- SelLogEvent_5                 -----------
ref count      : 1
----------------- FanEvent_6                    -----------
ref count      : 1
----------------- PcieSATA2                     -----------
ref count      : 1
----------------- ComMemory161                  -----------
ref count      : 1
.Health         : listened by port : 294920, 
----------------- Button_Event_2                -----------
ref count      : 1
----------------- PSURedundancyRefInfo          -----------
ref count      : 1
----------------- DimmIFMMErrorLogMetric        -----------
ref count      : 1
----------------- PowerEvent_6                  -----------
ref count      : 1
----------------- ASICEvent_26_07_2             -----------
ref count      : 1
----------------- Memory030TreeNode             -----------
ref count      : 1
----------------- PowerCappingLimitMetric       -----------
ref count      : 1
----------------- PcieSATA3                     -----------
ref count      : 1
----------------- RaidTreeNode-1                -----------
ref count      : 1
----------------- PcieNicCard5                  -----------
ref count      : 1
----------------- PowerEvent_7                  -----------
ref count      : 1
----------------- FanEvent_7                    -----------
ref count      : 1
----------------- HddPrefailECMetric            -----------
ref count      : 1
----------------- Button_Event_3                -----------
ref count      : 1
----------------- ComPort2-3                    -----------
ref count      : 1
.Health         : listened by port : 294920, 
----------------- FanEvent_8                    -----------
ref count      : 1
----------------- Button_Event_4                -----------
ref count      : 1
----------------- SmBios:C                      -----------
ref count      : 1
----------------- Riser2LinkTreeNode            -----------
ref count      : 1
----------------- PowerEvent_8                  -----------
ref count      : 1
----------------- SysRestart_Event_7_6_1        -----------
ref count      : 1
----------------- PSUPowerOutMetric             -----------
ref count      : 1
----------------- ComBMA                        -----------
ref count      : 1
.Health         : listened by port : 294920, 
----------------- CPUVCoreMetric                -----------
ref count      : 1
----------------- NICTemp-3                     -----------
ref count      : 1
.Health         : listened by port : 688148, 294920, 
----------------- FanEvent_9                    -----------
ref count      : 1
----------------- ComPort2-4                    -----------
ref count      : 1
.Health         : listened by port : 294920, 
----------------- PowerCappingLimitRefInfo      -----------
ref count      : 1
----------------- Cpu0MsmiMcErrAccessor         -----------
ref count      : 1
----------------- PowerEvent_9                  -----------
ref count      : 1
----------------- SysRestart_Event_7_3_8        -----------
ref count      : 1
----------------- PowerCappingStatusMetric      -----------
ref count      : 1
----------------- Memory000                     -----------
ref count      : 1
.FDMFault       : listened by port : 294920, 
.ReplaceFlag    : listened by port : 294920, 
----------------- RaidCardAnchor-1              -----------
ref count      : 1
----------------- PowerCappingBaseMetric        -----------
ref count      : 1
----------------- Memory130TreeNode             -----------
ref count      : 1
----------------- SysRestart_Event_7_6_0        -----------
ref count      : 1
----------------- SysRestart_Event_7_3_E        -----------
ref count      : 1
----------------- PIPE:C                        -----------
ref count      : 1
----------------- NCBoard_Event_1               -----------
ref count      : 1
----------------- DataAcquisitionTagDefinition:C-----------
ref count      : 1
----------------- SysRestart_Event_7_3_D        -----------
ref count      : 1
----------------- PcieSAS2_1                    -----------
ref count      : 1
----------------- MemCurPowerRefInfo            -----------
ref count      : 1
----------------- ComBMC                        -----------
ref count      : 1
.Health         : listened by port : 294920, 
----------------- VoltageEvent_10               -----------
ref count      : 1
----------------- Memory001                     -----------
ref count      : 1
.FDMFault       : listened by port : 294920, 
.ReplaceFlag    : listened by port : 294920, 
----------------- SysRestart_Event_7_B_E        -----------
ref count      : 1
----------------- Riser1LinkTreeNode            -----------
ref count      : 1
----------------- Sensor_15_07_status_1         -----------
ref count      : 1
----------------- NCBoard_Event_2               -----------
ref count      : 1
----------------- TempEvent_07_02               -----------
ref count      : 1
----------------- Hdd6-2                        -----------
ref count      : 1
.RebuildState   : listened by port : 294920, 
.Presence       : listened by port : 294920, 
.Id             : listened by port : 229382, 491534, 
.ReplaceFlag    : listened by port : 294920, 
----------------- PcieSAS2_2                    -----------
ref count      : 1
----------------- VoltageEvent_11               -----------
ref count      : 1
----------------- Memory161TreeNode             -----------
ref count      : 1
----------------- Cpu2CoreRem                   -----------
ref count      : 1
.Health         : listened by port : 688148, 294920, 
----------------- ConnectEvent_0                -----------
ref count      : 1
----------------- SysRestart_Event_7_3_F        -----------
ref count      : 1
----------------- CpuNumExp                     -----------
ref count      : 1
.Value          : listened by port : 294920, 
----------------- SysRestart_Event_7_B_D        -----------
ref count      : 1
----------------- NICTemp-4                     -----------
ref count      : 1
.Health         : listened by port : 688148, 294920, 
----------------- NPU1-901                      -----------
ref count      : 1
.IErr           : recv event count: 1 : listened by port : 491534, 
.IMUState       : recv event count: 1 : listened by port : 491534, 
----------------- HddVirtualAnchor-2            -----------
ref count      : 1
----------------- PcieSlot6_94                  -----------
ref count      : 1
----------------- SysRestart_Event_7_B_F        -----------
ref count      : 1
----------------- ConnectEvent_1                -----------
ref count      : 1
----------------- SysRestart_Event_7_A_0        -----------
ref count      : 1
----------------- SysFwProg_Event_0_1           -----------
ref count      : 1
----------------- ComHdd8-2                     -----------
ref count      : 1
.Health         : listened by port : 294920, 
----------------- PsPOut-5                      -----------
ref count      : 1
.Health         : listened by port : 688148, 294920, 
----------------- SysTotalPower                 -----------
ref count      : 1
.Health         : listened by port : 688148, 294920, 
----------------- NPU:C                         -----------
ref count      : 1
----------------- RaidCardBBUTemp-1             -----------
ref count      : 1
.Health         : listened by port : 688148, 294920, 
----------------- CpuCurPowerRefInfo            -----------
ref count      : 1
----------------- GPUElabel-801                 -----------
ref count      : 1
.MfgDateTime    : listened by port : 753686, 
.ProductAssetTag : listened by port : 294920, 
.BoardSerialNumber : listened by port : 294920, 65537, 
.ChassisSerialNumber : listened by port : 294920, 
----------------- Hdd10TreeNode-2               -----------
ref count      : 1
----------------- MemUtiliseRefInfo             -----------
ref count      : 1
----------------- SysRestart_Event_7_2_0        -----------
ref count      : 1
----------------- Fan4Fspeed                    -----------
ref count      : 1
.Health         : listened by port : 688148, 294920, 
----------------- SysRestart_Event_7_A_1        -----------
ref count      : 1
----------------- powercapping                  -----------
ref count      : 1
.Failed         : listened by port : 294920, 
----------------- RtcBatteryEvent_2             -----------
ref count      : 1
----------------- Cpu1VddqTemp                  -----------
ref count      : 1
.Health         : listened by port : 688148, 294920, 
----------------- GPUElabel-802                 -----------
ref count      : 1
.MfgDateTime    : listened by port : 753686, 
.ProductAssetTag : listened by port : 294920, 
.BoardSerialNumber : listened by port : 294920, 65537, 
.ChassisSerialNumber : listened by port : 294920, 
----------------- OnePower:C                    -----------
ref count      : 1
----------------- SysRestart_Event_7_2_1        -----------
ref count      : 1
----------------- Utilization_6f_0              -----------
ref count      : 1
----------------- SYS3_3VMetric                 -----------
ref count      : 1
----------------- GPUOutletTemp-901             -----------
ref count      : 1
.Health         : listened by port : 688148, 294920, 
----------------- SysSFPMaxTmp                  -----------
ref count      : 1
.Health         : listened by port : 688148, 294920, 
----------------- SysRestart_Event_7_6_8        -----------
ref count      : 1
----------------- DimmCfgErrAlertMetric         -----------
ref count      : 1
----------------- PsPOut-6                      -----------
ref count      : 1
.Health         : listened by port : 688148, 294920, 
----------------- Memory030                     -----------
ref count      : 1
.FDMFault       : listened by port : 294920, 
.ReplaceFlag    : listened by port : 294920, 
----------------- PS_Event_0                    -----------
ref count      : 1
----------------- FANClass:C                    -----------
ref count      : 1
----------------- SysRestart_Event_0            -----------
ref count      : 1
----------------- fan1TreeNode                  -----------
ref count      : 1
----------------- InnerHddCard1Pipe-2           -----------
ref count      : 1
----------------- HddSASSolidStateMediaLogMetric-----------
ref count      : 1
----------------- PsVin-5                       -----------
ref count      : 1
.Health         : listened by port : 688148, 294920, 
----------------- FanTypeRefInfo                -----------
ref count      : 1
----------------- Hdd11TreeNode-2               -----------
ref count      : 1
----------------- SysFwProg_Event_1             -----------
ref count      : 1
----------------- Memory031                     -----------
ref count      : 1
.FDMFault       : listened by port : 294920, 
.ReplaceFlag    : listened by port : 294920, 
----------------- ComCPU2Memory                 -----------
ref count      : 1
.Health         : listened by port : 294920, 
----------------- PS_Event_1                    -----------
ref count      : 1
----------------- SysRestart_Event_1            -----------
ref count      : 1
----------------- AcpiEvent_a                   -----------
ref count      : 1
----------------- PsVin-6                       -----------
ref count      : 1
.Health         : listened by port : 688148, 294920, 
----------------- GPUOutletTemp-902             -----------
ref count      : 1
.Health         : listened by port : 688148, 294920, 
----------------- ComMemory000                  -----------
ref count      : 1
.Health         : listened by port : 294920, 
----------------- FanTagDefinition              -----------
ref count      : 1
----------------- Memory061TreeNode             -----------
ref count      : 1
----------------- CpuCurPowerMetric             -----------
ref count      : 1
----------------- MemChannelMap                 -----------
ref count      : 1
----------------- Hdd2-2                        -----------
ref count      : 1
.RebuildState   : listened by port : 294920, 
.Presence       : listened by port : 294920, 
.Id             : listened by port : 229382, 491534, 
.ReplaceFlag    : listened by port : 294920, 
----------------- SysRestart_Event_2            -----------
ref count      : 1
----------------- ComPS                         -----------
ref count      : 1
.Health         : listened by port : 294920, 
----------------- Memory110                     -----------
ref count      : 1
.FDMFault       : listened by port : 294920, 
.ReplaceFlag    : listened by port : 294920, 
----------------- PcieSlot7_36                  -----------
ref count      : 1
----------------- Bios                          -----------
ref count      : 1
.PcieCardBDF    : listened by port : 458765, 
.MenuChangeFlag : listened by port : 458765, 
.StartOption    : listened by port : 131075, 
.PcieDiskBDF    : listened by port : 458765, 
.OCPCardBDF     : listened by port : 458765, 
.SystemStartupState : recv event count: 254 : listened by port : 917531, 491534, 
.BiosBootStage  : listened by port : 458765, 
.BiosPwdMasterKeyId : listened by port : 851993, 
----------------- ComMemory001                  -----------
ref count      : 1
.Health         : listened by port : 294920, 
----------------- OutletTempMetric              -----------
ref count      : 1
----------------- Memory111                     -----------
ref count      : 1
.FDMFault       : listened by port : 294920, 
.ReplaceFlag    : listened by port : 294920, 
----------------- PS_Event_3                    -----------
ref count      : 1
----------------- SysFwProg_Event_0_7           -----------
ref count      : 1
----------------- HddBPLinkTreeNode             -----------
ref count      : 1
----------------- PS_Event_2                    -----------
ref count      : 1
----------------- AcpiEvent_c                   -----------
ref count      : 1
----------------- SysRestart_Event_3            -----------
ref count      : 1
----------------- ComHdd4-2                     -----------
ref count      : 1
.Health         : listened by port : 294920, 
----------------- Memory101TreeNode             -----------
ref count      : 1
----------------- ConnectEvent_8                -----------
ref count      : 1
----------------- PS_Event_4                    -----------
ref count      : 1
----------------- Wdt2Event_2                   -----------
ref count      : 1
----------------- DataAcquisitionService        -----------
ref count      : 1
----------------- CoolingEvent_08_00            -----------
ref count      : 1
----------------- SysRestart_Event_4            -----------
ref count      : 1
----------------- SysFwProg_Event_2             -----------
ref count      : 1
----------------- Wdt2Event_0                   -----------
ref count      : 1
----------------- MngmntHealthEvent_5_0         -----------
ref count      : 1
----------------- ConnectEvent_9                -----------
ref count      : 1
----------------- AcpiEvent_b                   -----------
ref count      : 1
----------------- risercard-e                   -----------
ref count      : 1
.Health         : listened by port : 294920, 
.ReplaceFlag    : listened by port : 294920, 
----------------- PS_Event_5                    -----------
ref count      : 1
----------------- MemUtiliseMetric              -----------
ref count      : 1
----------------- ComSystem                     -----------
ref count      : 1
.Health         : listened by port : 294920, 
----------------- FdmConfig                     -----------
ref count      : 1
----------------- SysFwProg_Event_0_9           -----------
ref count      : 1
----------------- SysRestart_Event_5            -----------
ref count      : 1
----------------- SysRestart_Event_7_A_8        -----------
ref count      : 1
----------------- MngmntHealthEvent_5_1         -----------
ref count      : 1
----------------- Cpu:C                         -----------
ref count      : 1
----------------- PS_Event_6                    -----------
ref count      : 1
----------------- SysRestart_Event_7_2_8        -----------
ref count      : 1
----------------- Memory060                     -----------
ref count      : 1
.FDMFault       : listened by port : 294920, 
.ReplaceFlag    : listened by port : 294920, 
----------------- HddSASVendorSpecificLogMetric -----------
ref count      : 1
----------------- SysRestart_Event_6            -----------
ref count      : 1
----------------- ComputerSystem0               -----------
ref count      : 1
.iBMAEvent      : listened by port : 294920, 
----------------- ProcessorFamily               -----------
ref count      : 1
----------------- PSTreeNode                    -----------
ref count      : 1
----------------- Memory040TreeNode             -----------
ref count      : 1
----------------- CpuUtiliseMetric              -----------
ref count      : 1
----------------- Wdt2Event_1                   -----------
ref count      : 1
----------------- Memory061                     -----------
ref count      : 1
.FDMFault       : listened by port : 294920, 
.ReplaceFlag    : listened by port : 294920, 
----------------- AcpiEvent_e                   -----------
ref count      : 1
----------------- SYS12V_2Metric                -----------
ref count      : 1
----------------- PcieSlot1_94                  -----------
ref count      : 1
----------------- Cpu2TreeNode                  -----------
ref count      : 1
----------------- ComMemory030                  -----------
ref count      : 1
.Health         : listened by port : 294920, 
----------------- FanEvent_10                   -----------
ref count      : 1
----------------- RiserTreeNode-e               -----------
ref count      : 1
----------------- Memory140                     -----------
ref count      : 1
.FDMFault       : listened by port : 294920, 
.ReplaceFlag    : listened by port : 294920, 
----------------- MemTempMetric                 -----------
ref count      : 1
----------------- RearBPLinkTreeNode            -----------
ref count      : 1
----------------- ComMemory031                  -----------
ref count      : 1
.Health         : listened by port : 294920, 
----------------- FanEvent_11                   -----------
ref count      : 1
----------------- Memory141                     -----------
ref count      : 1
.FDMFault       : listened by port : 294920, 
.ReplaceFlag    : listened by port : 294920, 
----------------- VoltageEvent_0                -----------
ref count      : 1
----------------- PowerCappingTopRefInfo        -----------
ref count      : 1
----------------- Memory140TreeNode             -----------
ref count      : 1
----------------- ComHdd11-2                    -----------
ref count      : 1
.Health         : listened by port : 294920, 
----------------- Hdd11-2                       -----------
ref count      : 1
.RebuildState   : listened by port : 294920, 
.Presence       : listened by port : 294920, 
.Id             : listened by port : 229382, 491534, 
.ReplaceFlag    : listened by port : 294920, 
----------------- ComMemory110                  -----------
ref count      : 1
.Health         : listened by port : 294920, 
----------------- VoltageEvent_1                -----------
ref count      : 1
----------------- ComHdd0-2                     -----------
ref count      : 1
.Health         : listened by port : 294920, 
----------------- Cable_Event_0                 -----------
ref count      : 1
----------------- log_0                         -----------
ref count      : 1
----------------- PcieCard-801                  -----------
ref count      : 1
.FatalError     : listened by port : 294920, 
.FDMFault       : listened by port : 294920, 
.Health         : listened by port : 294920, 
.ReplaceFlag    : listened by port : 294920, 
----------------- System_Event_4_0              -----------
ref count      : 1
----------------- Memory171TreeNode             -----------
ref count      : 1
----------------- Memory001TreeNode             -----------
ref count      : 1
----------------- SysRestart_Event_7_9_0        -----------
ref count      : 1
----------------- ComMemory111                  -----------
ref count      : 1
.Health         : listened by port : 294920, 
----------------- VoltageEvent_2                -----------
ref count      : 1
----------------- ComPcieRiser2                 -----------
ref count      : 1
.Health         : listened by port : 294920, 
----------------- FdmWebConfig:C                -----------
ref count      : 1
----------------- Wdt2Event_8                   -----------
ref count      : 1
----------------- ComPcieRiser1                 -----------
ref count      : 1
.Health         : listened by port : 294920, 
----------------- System_Event_4_1              -----------
ref count      : 1
----------------- SysRestart_Event_7_6_D        -----------
ref count      : 1
----------------- PcieCard-802                  -----------
ref count      : 1
.FatalError     : listened by port : 294920, 
.FDMFault       : listened by port : 294920, 
.Health         : listened by port : 294920, 
.ReplaceFlag    : listened by port : 294920, 
----------------- Cable_Event_1                 -----------
ref count      : 1
----------------- HddInner0-2                   -----------
ref count      : 1
.RebuildState   : listened by port : 294920, 
.Presence       : listened by port : 294920, 
.Id             : listened by port : 229382, 491534, 
.ReplaceFlag    : listened by port : 294920, 
----------------- VoltageEvent_3                -----------
ref count      : 1
----------------- ComPcieRiser3                 -----------
ref count      : 1
.Health         : listened by port : 294920, 
----------------- Cable_Event_2                 -----------
ref count      : 1
----------------- HddPYHEventICRCCountMetric    -----------
ref count      : 1
----------------- System_Event_4_2              -----------
ref count      : 1
----------------- SysRestart_Event_7_6_E        -----------
ref count      : 1
----------------- Cpu0Channel0                  -----------
ref count      : 1
.FDMFault       : listened by port : 294920, 
----------------- SysRestart_Event_7_9_1        -----------
ref count      : 1
----------------- HddBMSLogMetric               -----------
ref count      : 1
----------------- VoltageEvent_4                -----------
ref count      : 1
----------------- ComPS1                        -----------
ref count      : 1
.Health         : listened by port : 294920, 
----------------- ComHddInner2-2                -----------
ref count      : 1
.Health         : listened by port : 294920, 
----------------- PsIOut-6                      -----------
ref count      : 1
.Health         : listened by port : 688148, 294920, 
----------------- Elabel:C                      -----------
ref count      : 1
----------------- InnerBPLinkTreeNode           -----------
ref count      : 1
----------------- SysRestart_Event_7_6_F        -----------
ref count      : 1
----------------- Cpu0Channel1                  -----------
ref count      : 1
.FDMFault       : listened by port : 294920, 
----------------- Hdd9-2                        -----------
ref count      : 1
.RebuildState   : listened by port : 294920, 
.Presence       : listened by port : 294920, 
.Id             : listened by port : 229382, 491534, 
.ReplaceFlag    : listened by port : 294920, 
----------------- ComPcieCard-901               -----------
ref count      : 1
.Health         : listened by port : 294920, 
----------------- ComPS2                        -----------
ref count      : 1
.Health         : listened by port : 294920, 
----------------- ComMemory060                  -----------
ref count      : 1
.Health         : listened by port : 294920, 
----------------- Board_Mismatch_Event_03_1     -----------
ref count      : 1
----------------- SYS12V_6Metric                -----------
ref count      : 1
----------------- Memory170                     -----------
ref count      : 1
.FDMFault       : listened by port : 294920, 
.ReplaceFlag    : listened by port : 294920, 
----------------- PCHPRIM1V05Metric             -----------
ref count      : 1
----------------- Diagnose:C                    -----------
ref count      : 1
----------------- Component:C                   -----------
ref count      : 1
----------------- Cpu0Channel2                  -----------
ref count      : 1
.FDMFault       : listened by port : 294920, 
----------------- VoltageEvent_5                -----------
ref count      : 1
----------------- VoltageEvent_6                -----------
ref count      : 1
----------------- ComMemory061                  -----------
ref count      : 1
.Health         : listened by port : 294920, 
----------------- Fru0Elabel-4                  -----------
ref count      : 1
.MfgDateTime    : listened by port : 753686, 
.ProductAssetTag : listened by port : 294920, 
.BoardSerialNumber : listened by port : 294920, 65537, 
.ChassisSerialNumber : listened by port : 294920, 
----------------- Memory171                     -----------
ref count      : 1
.FDMFault       : listened by port : 294920, 
.ReplaceFlag    : listened by port : 294920, 
----------------- Memory150TreeNode             -----------
ref count      : 1
----------------- PsIOut-5                      -----------
ref count      : 1
.Health         : listened by port : 688148, 294920, 
----------------- ChipSet_Event_7_1             -----------
ref count      : 1
----------------- Cpu0Channel3                  -----------
ref count      : 1
.FDMFault       : listened by port : 294920, 
----------------- RiserCardAnchor-e             -----------
ref count      : 1
----------------- VoltageEvent_7                -----------
ref count      : 1
----------------- ComMemory140                  -----------
ref count      : 1
.Health         : listened by port : 294920, 
----------------- ComPcieCard-902               -----------
ref count      : 1
.Health         : listened by port : 294920, 
----------------- NPU1-902                      -----------
ref count      : 1
.IErr           : recv event count: 1 : listened by port : 491534, 
.IMUState       : recv event count: 1 : listened by port : 491534, 
----------------- SysRestart_Event_7_5_0        -----------
ref count      : 1
----------------- TreeNode:C                    -----------
ref count      : 1
----------------- FdmWebConfig                  -----------
ref count      : 1
----------------- Cpu0Channel4                  -----------
ref count      : 1
.FDMFault       : listened by port : 294920, 
----------------- Fan1Fspeed                    -----------
ref count      : 1
.Health         : listened by port : 688148, 294920, 
----------------- ComPort1-3                    -----------
ref count      : 1
.Health         : listened by port : 294920, 
----------------- VoltageEvent_8                -----------
ref count      : 1
----------------- ComMemory141                  -----------
ref count      : 1
.Health         : listened by port : 294920, 
----------------- IOBoard2OnRiser2              -----------
ref count      : 1
----------------- SysRestart_Event_7_A_D        -----------
ref count      : 1
----------------- CpuEvent_0                    -----------
ref count      : 1
----------------- SysRestart_Event_7_5_1        -----------
ref count      : 1
----------------- HddSASASCQMetric              -----------
ref count      : 1
----------------- Memory071TreeNode             -----------
ref count      : 1
----------------- Cpu0Channel5                  -----------
ref count      : 1
.FDMFault       : listened by port : 294920, 
----------------- InnerHddCard2Pipe-2           -----------
ref count      : 1
----------------- ComPort1-4                    -----------
ref count      : 1
.Health         : listened by port : 294920, 
----------------- PCHTempMetric                 -----------
ref count      : 1
----------------- ComCable                      -----------
ref count      : 1
.Health         : listened by port : 294920, 
----------------- VoltageEvent_9                -----------
ref count      : 1
----------------- CpuEvent_1                    -----------
ref count      : 1
----------------- SysRestart_Event_7_9_8        -----------
ref count      : 1
----------------- SysRestart_Event_7_2_D        -----------
ref count      : 1
----------------- MainBoard                     -----------
ref count      : 1
.Health         : listened by port : 294920, 
----------------- Cpu0Channel6                  -----------
ref count      : 1
.FDMFault       : listened by port : 294920, 
----------------- Wdt2Event_3                   -----------
ref count      : 1
----------------- PcieSlot8_36                  -----------
ref count      : 1
----------------- PowerCappingBaseRefInfo       -----------
ref count      : 1
----------------- SysRestart_Event_7_2_E        -----------
ref count      : 1
----------------- Fru0Elabel-3                  -----------
ref count      : 1
.MfgDateTime    : listened by port : 753686, 
.ProductAssetTag : listened by port : 294920, 
.BoardSerialNumber : listened by port : 294920, 65537, 
.ChassisSerialNumber : listened by port : 294920, 
----------------- PSUPowerMetric                -----------
ref count      : 1
----------------- CpuEvent_2                    -----------
ref count      : 1
----------------- PcieSAS1_1                    -----------
ref count      : 1
----------------- HddBMSCountMetric             -----------
ref count      : 1
----------------- Memory111TreeNode             -----------
ref count      : 1
----------------- Cpu0Channel7                  -----------
ref count      : 1
.FDMFault       : listened by port : 294920, 
----------------- SysDisksMaxTmp                -----------
ref count      : 1
.Health         : listened by port : 688148, 294920, 
----------------- CPUVRDTempMetric              -----------
ref count      : 1
----------------- PowerEvent_10                 -----------
ref count      : 1
----------------- SysRestart_Event_7_2_F        -----------
ref count      : 1
----------------- CpuEvent_05_01                -----------
ref count      : 1
----------------- CpuEvent_3                    -----------
ref count      : 1
----------------- PcieSAS1_2                    -----------
ref count      : 1
----------------- Hdd5-2                        -----------
ref count      : 1
.RebuildState   : listened by port : 294920, 
.Presence       : listened by port : 294920, 
.Id             : listened by port : 229382, 491534, 
.ReplaceFlag    : listened by port : 294920, 
----------------- PU_Event_0                    -----------
ref count      : 1
----------------- GPUPower-901                  -----------
ref count      : 1
.Health         : listened by port : 688148, 294920, 
----------------- fan3TreeNode                  -----------
ref count      : 1
----------------- HddSelfTestFailureMetric      -----------
ref count      : 1
----------------- PowerEvent_11                 -----------
ref count      : 1
----------------- Cpu2VrdTemp                   -----------
ref count      : 1
.Health         : listened by port : 688148, 294920, 
----------------- SysRestart_Event_7_A_E        -----------
ref count      : 1
----------------- CpuEvent_4                    -----------
ref count      : 1
----------------- ComNICCard-3                  -----------
ref count      : 1
.Health         : listened by port : 294920, 
----------------- PU_Event_1                    -----------
ref count      : 1
----------------- FanTreeNode                   -----------
ref count      : 1
----------------- ChipSet_Event_3_1             -----------
ref count      : 1
----------------- ProductComponent:C            -----------
ref count      : 1
----------------- NPU1-801                      -----------
ref count      : 1
.IErr           : recv event count: 1 : listened by port : 491534, 
.IMUState       : recv event count: 1 : listened by port : 491534, 
----------------- ComHdd7-2                     -----------
ref count      : 1
.Health         : listened by port : 294920, 
----------------- NPU1-802                      -----------
ref count      : 1
.IErr           : recv event count: 1 : listened by port : 491534, 
.IMUState       : recv event count: 1 : listened by port : 491534, 
----------------- ComMemory170                  -----------
ref count      : 1
.Health         : listened by port : 294920, 
----------------- CpuEvent_5                    -----------
ref count      : 1
----------------- ComNICCard-4                  -----------
ref count      : 1
.Health         : listened by port : 294920, 
----------------- ProcessorFamily:C             -----------
ref count      : 1
----------------- OutletTemp1Metric             -----------
ref count      : 1
----------------- PU_Event_2                    -----------
ref count      : 1
----------------- Memory050TreeNode             -----------
ref count      : 1
----------------- GPUPower-902                  -----------
ref count      : 1
.Health         : listened by port : 688148, 294920, 
----------------- SysRestart_Event_7_1_0        -----------
ref count      : 1
----------------- ComMemory171                  -----------
ref count      : 1
.Health         : listened by port : 294920, 
----------------- CpuEvent_6                    -----------
ref count      : 1
----------------- PU_Event_3                    -----------
ref count      : 1
----------------- ComChassis                    -----------
ref count      : 1
.Health         : listened by port : 294920, 
----------------- SysRestart_Event_7_1_1        -----------
ref count      : 1
----------------- PcieSlot2_94                  -----------
ref count      : 1
----------------- SysRestart_Event_7_A_F        -----------
ref count      : 1
----------------- ExternalRefInfo:C             -----------
ref count      : 1
----------------- GPUOutletTemp-801             -----------
ref count      : 1
.Health         : listened by port : 688148, 294920, 
----------------- CpuEvent_7                    -----------
ref count      : 1
----------------- SysRestart_Event_7_5_8        -----------
ref count      : 1
----------------- PU_Event_4                    -----------
ref count      : 1
----------------- Power-5                       -----------
ref count      : 1
.Health         : listened by port : 688148, 294920, 
----------------- SYS12V_3Metric                -----------
ref count      : 1
----------------- HddMediaECMetric              -----------
ref count      : 1
----------------- GPUOutletTemp-802             -----------
ref count      : 1
.Health         : listened by port : 688148, 294920, 
----------------- RaidSlot1                     -----------
ref count      : 1
----------------- CpuEvent_8                    -----------
ref count      : 1
----------------- DataAcquisitionMetric:C       -----------
ref count      : 1
----------------- Redundancy_Event_1            -----------
ref count      : 1
----------------- PU_Event_5                    -----------
ref count      : 1
----------------- Power-6                       -----------
ref count      : 1
.Health         : listened by port : 688148, 294920, 
----------------- Cpu1CoreRem                   -----------
ref count      : 1
.Health         : listened by port : 688148, 294920, 
----------------- FanType8038+                  -----------
ref count      : 1
----------------- SysSSDMaxTmp                  -----------
ref count      : 1
.Health         : listened by port : 688148, 294920, 
----------------- GPUInletTemp-902              -----------
ref count      : 1
.Health         : listened by port : 688148, 294920, 
----------------- CpuEvent_9                    -----------
ref count      : 1
----------------- Memory011TreeNode             -----------
ref count      : 1
----------------- PU_Event_6                    -----------
ref count      : 1
----------------- GPUAICoreTemp-902             -----------
ref count      : 1
.Health         : listened by port : 688148, 294920, 
----------------- Memory010                     -----------
ref count      : 1
.FDMFault       : listened by port : 294920, 
.ReplaceFlag    : listened by port : 294920, 
----------------- Hdd1-2                        -----------
ref count      : 1
.RebuildState   : listened by port : 294920, 
.Presence       : listened by port : 294920, 
.Id             : listened by port : 229382, 491534, 
.ReplaceFlag    : listened by port : 294920, 
----------------- GPUAICoreTemp-901             -----------
ref count      : 1
.Health         : listened by port : 688148, 294920, 
----------------- MngmntHealthEvent_0           -----------
ref count      : 1
----------------- ComRiserCard-8                -----------
ref count      : 1
.Health         : listened by port : 294920, 
----------------- DimmEccCntMetric              -----------
ref count      : 1
----------------- MngmntHealthEvent_1           -----------
ref count      : 1
----------------- PU_Event_7                    -----------
ref count      : 1
----------------- Memory011                     -----------
ref count      : 1
.FDMFault       : listened by port : 294920, 
.ReplaceFlag    : listened by port : 294920, 
----------------- Diagnose                      -----------
ref count      : 1
.SystemComProcessbar : send event count: 7
----------------- PRODUCT                       -----------
ref count      : 1
.SessionTokenLength : listened by port : 327689, 
----------------- CLASSFANTYPE:C                -----------
ref count      : 1
----------------- HddInner3-2                   -----------
ref count      : 1
.RebuildState   : listened by port : 294920, 
.Presence       : listened by port : 294920, 
.Id             : listened by port : 229382, 491534, 
.ReplaceFlag    : listened by port : 294920, 
----------------- ComHdd3-2                     -----------
ref count      : 1
.Health         : listened by port : 294920, 
----------------- HddGListMetric                -----------
ref count      : 1
----------------- PSUDeepSleepModeMetric        -----------
ref count      : 1
----------------- MngmntHealthEvent_2           -----------
ref count      : 1
----------------- PsCoreTemp-5                  -----------
ref count      : 1
.Health         : listened by port : 688148, 294920, 
----------------- RaidElabel-1                  -----------
ref count      : 1
.MfgDateTime    : listened by port : 753686, 
.ProductAssetTag : listened by port : 294920, 
.BoardSerialNumber : listened by port : 294920, 65537, 
.ChassisSerialNumber : listened by port : 294920, 
----------------- ComRiserCard-9                -----------
ref count      : 1
.Health         : listened by port : 294920, 
----------------- ComputerSystem:C              -----------
ref count      : 1
----------------- DimmAlmLogMetric              -----------
ref count      : 1
----------------- GPUInletTemp-901              -----------
ref count      : 1
.Health         : listened by port : 688148, 294920, 
----------------- MngmntHealthEvent_3           -----------
ref count      : 1
----------------- PsCoreTemp-6                  -----------
ref count      : 1
.Health         : listened by port : 688148, 294920, 
----------------- CpuProcHotEvent_01            -----------
ref count      : 1
----------------- SysRestart_Event_7_9_D        -----------
ref count      : 1
----------------- RootTreeNode                  -----------
ref count      : 1
----------------- MngmntHealthEvent_4           -----------
ref count      : 1
----------------- ComRaidCard-1                 -----------
ref count      : 1
.Health         : listened by port : 294920, 
----------------- SysRestart_Event_7_1_8        -----------
ref count      : 1
----------------- Memory160TreeNode             -----------
ref count      : 1
----------------- SysRestart_Event_7_9_E        -----------
ref count      : 1
----------------- MeInfo:C                      -----------
ref count      : 1
----------------- SysRestart_Event_7_9_F        -----------
ref count      : 1
----------------- 1_2V_VDDQ1                    -----------
ref count      : 1
.Health         : listened by port : 688148, 294920, 
----------------- Memory040                     -----------
ref count      : 1
.FDMFault       : listened by port : 294920, 
.ReplaceFlag    : listened by port : 294920, 
----------------- MemChannelMap:C               -----------
ref count      : 1
----------------- HddSelfTestFailureCountMetric -----------
ref count      : 1
----------------- FdmConfig:C                   -----------
ref count      : 1
----------------- 1_2V_VDDQ2                    -----------
ref count      : 1
.Health         : listened by port : 688148, 294920, 
----------------- ComDiskBackplane              -----------
ref count      : 1
.Health         : listened by port : 294920, 
----------------- System_Event_6f_2             -----------
ref count      : 1
----------------- Memory041                     -----------
ref count      : 1
.FDMFault       : listened by port : 294920, 
.ReplaceFlag    : listened by port : 294920, 
----------------- PowerCappingEnableMetric      -----------
ref count      : 1
----------------- Hdd10-2                       -----------
ref count      : 1
.RebuildState   : listened by port : 294920, 
.Presence       : listened by port : 294920, 
.Id             : listened by port : 229382, 491534, 
.ReplaceFlag    : listened by port : 294920, 
----------------- HddIELogMetric                -----------
ref count      : 1
----------------- ComHdd10-2                    -----------
ref count      : 1
.Health         : listened by port : 294920, 
----------------- ComMemory010                  -----------
ref count      : 1
.Health         : listened by port : 294920, 
----------------- PRODUCT:C                     -----------
ref count      : 1
----------------- Memory120                     -----------
ref count      : 1
.FDMFault       : listened by port : 294920, 
.ReplaceFlag    : listened by port : 294920, 
----------------- Memory121TreeNode             -----------
ref count      : 1
----------------- cpld1                         -----------
ref count      : 1
----------------- PcieZIP1                      -----------
ref count      : 1
----------------- ComPort4-3                    -----------
ref count      : 1
.Health         : listened by port : 294920, 
----------------- 1_2V_VDDQ4                    -----------
ref count      : 1
.Health         : listened by port : 688148, 294920, 
----------------- OutletTemp                    -----------
ref count      : 1
.Health         : listened by port : 688148, 294920, 
----------------- SysRestart_Event_7_8_0        -----------
ref count      : 1
----------------- ComMemory011                  -----------
ref count      : 1
.Health         : listened by port : 294920, 
----------------- SysRestart_Event_7_8_1        -----------
ref count      : 1
----------------- Memory121                     -----------
ref count      : 1
.FDMFault       : listened by port : 294920, 
.ReplaceFlag    : listened by port : 294920, 
----------------- MemEvent_05_01                -----------
ref count      : 1
----------------- Microcontroller_1_0           -----------
ref count      : 1
----------------- ThresholdSensor:C             -----------
ref count      : 1
----------------- ComPort4-4                    -----------
ref count      : 1
.Health         : listened by port : 294920, 
----------------- PcieZIP2                      -----------
ref count      : 1
----------------- SysRestart_Event_7_5_D        -----------
ref count      : 1
----------------- CPUVDDQTempMetric             -----------
ref count      : 1
----------------- Disk_Event_0                  -----------
ref count      : 1
----------------- System_Event_7_8              -----------
ref count      : 1
----------------- VDDFIX_VOLT_CPU1              -----------
ref count      : 1
.Health         : listened by port : 688148, 294920, 
----------------- SYS5VMetric                   -----------
ref count      : 1
----------------- EventDescp:C                  -----------
ref count      : 1
----------------- Microcontroller_1_1           -----------
ref count      : 1
----------------- PcieZIP3                      -----------
ref count      : 1
----------------- SysRestart_Event_7_5_E        -----------
ref count      : 1
----------------- GPUPower-801                  -----------
ref count      : 1
.Health         : listened by port : 688148, 294920, 
----------------- Disk_Event_1                  -----------
ref count      : 1
----------------- 1_2V_VDDQ3                    -----------
ref count      : 1
.Health         : listened by port : 688148, 294920, 
----------------- CPUUsageMetric                -----------
ref count      : 1
----------------- VDDFIX_VOLT_CPU2              -----------
ref count      : 1
.Health         : listened by port : 688148, 294920, 
----------------- Memory060TreeNode             -----------
ref count      : 1
----------------- ComHddInner1-2                -----------
ref count      : 1
.Health         : listened by port : 294920, 
----------------- Microcontroller_1_2           -----------
ref count      : 1
----------------- PsIin-6                       -----------
ref count      : 1
.Health         : listened by port : 688148, 294920, 
----------------- SysRestart_Event_7_5_F        -----------
ref count      : 1
----------------- GPUPower-802                  -----------
ref count      : 1
.Health         : listened by port : 688148, 294920, 
----------------- Hdd8-2                        -----------
ref count      : 1
.RebuildState   : listened by port : 294920, 
.Presence       : listened by port : 294920, 
.Id             : listened by port : 229382, 491534, 
.ReplaceFlag    : listened by port : 294920, 
----------------- PowerTreeNode-5               -----------
ref count      : 1
----------------- PsIin-5                       -----------
ref count      : 1
.Health         : listened by port : 688148, 294920, 
----------------- Disk_Event_2                  -----------
ref count      : 1
----------------- syspower                      -----------
ref count      : 1
----------------- Memory070                     -----------
ref count      : 1
.FDMFault       : listened by port : 294920, 
.ReplaceFlag    : listened by port : 294920, 
----------------- 12_0V_VCC_2                   -----------
ref count      : 1
.Health         : listened by port : 688148, 294920, 
----------------- ASICEvent_1                   -----------
ref count      : 1
----------------- PowerCapping:C                -----------
ref count      : 1
----------------- CPUHealthMetric               -----------
ref count      : 1
----------------- ComPcieCard-801               -----------
ref count      : 1
.Health         : listened by port : 294920, 
----------------- ComPcieCard-802               -----------
ref count      : 1
.Health         : listened by port : 294920, 
----------------- ChassisPayload                -----------
ref count      : 1
.RestartValue   : listened by port : 294920, 425996, 
.AcpiValue      : listened by port : 294920, 
.BoardStableStatus : listened by port : 819224, 
.AcpiStatus     : listened by port : 720917, 
.PwrButtonFlag  : listened by port : 294920, 
.PwrOkSigDrop   : listened by port : 294920, 
.ChassisPowerState : recv event count: 1 : listened by port : 131075, 524303, 327689, 294920, 720917, 786455, 458765, 557072, 425996, 262151, 491534, 
.PowerGd        : listened by port : 688148, 
.ResetFlag      : listened by port : 294920, 524303, 327689, 786455, 458765, 557072, 425996, 491534, 
.SysResetFlag   : recv event count: 102 : listened by port : 131075, 524303, 327689, 294920, 786455, 458765, 557072, 425996, 262151, 491534, 32768, 
----------------- Memory100TreeNode             -----------
ref count      : 1
----------------- CPUCoreRemMetric              -----------
ref count      : 1
----------------- OutletTemp2Metric             -----------
ref count      : 1
----------------- Memory071                     -----------
ref count      : 1
.FDMFault       : listened by port : 294920, 
.ReplaceFlag    : listened by port : 294920, 
----------------- UnkownEvent_0                 -----------
ref count      : 1
----------------- PcieSlot3_94                  -----------
ref count      : 1
----------------- fan1                          -----------
ref count      : 1
----------------- PSUVinMetric                  -----------
ref count      : 1
----------------- PowerTreeNode-6               -----------
ref count      : 1
----------------- ComMemory040                  -----------
ref count      : 1
.Health         : listened by port : 294920, 
----------------- RaidLinkTreeNode              -----------
ref count      : 1
----------------- Memory150                     -----------
ref count      : 1
.FDMFault       : listened by port : 294920, 
.ReplaceFlag    : listened by port : 294920, 
----------------- SysRestart_Event_7_4_0        -----------
ref count      : 1
----------------- BMC:C                         -----------
ref count      : 1
----------------- 12_0V_VCC_4                   -----------
ref count      : 1
.Health         : listened by port : 688148, 294920, 
----------------- 12_0V_VCC_3                   -----------
ref count      : 1
.Health         : listened by port : 688148, 294920, 
----------------- MemHealthMetric               -----------
ref count      : 1
----------------- ComFan                        -----------
ref count      : 1
.Health         : listened by port : 294920, 
----------------- onepower-5                    -----------
ref count      : 1
.Health         : listened by port : 294920, 
.VinStatus      : listened by port : 294920, 
.PsType         : listened by port : 786455, 
.ReplaceFlag    : listened by port : 294920, 
----------------- ComLcd                        -----------
ref count      : 1
.Health         : listened by port : 294920, 
----------------- MainboardTagDefinition        -----------
ref count      : 1
----------------- Memory021TreeNode             -----------
ref count      : 1
----------------- HddTempMetric                 -----------
ref count      : 1
----------------- ComMemory041                  -----------
ref count      : 1
.Health         : listened by port : 294920, 
----------------- SysRestart_Event_7_4_1        -----------
ref count      : 1
----------------- Memory151                     -----------
ref count      : 1
.FDMFault       : listened by port : 294920, 
.ReplaceFlag    : listened by port : 294920, 
----------------- onepower-6                    -----------
ref count      : 1
.Health         : listened by port : 294920, 
.VinStatus      : listened by port : 294920, 
.PsType         : listened by port : 786455, 
.ReplaceFlag    : listened by port : 294920, 
----------------- VersionChangeEvent_7          -----------
ref count      : 1
----------------- Disk_Event_6                  -----------
ref count      : 1
----------------- SysRestart_Event_7_8_8        -----------
ref count      : 1
----------------- SysRestart_Event_7_1_D        -----------
ref count      : 1
----------------- ComMemory120                  -----------
ref count      : 1
.Health         : listened by port : 294920, 
----------------- BMCcom                        -----------
ref count      : 1
----------------- Hdd9TreeNode-2                -----------
ref count      : 1
----------------- 12_0V_VCC_6                   -----------
ref count      : 1
.Health         : listened by port : 688148, 294920, 
----------------- fan4                          -----------
ref count      : 1
----------------- Fan2Fspeed                    -----------
ref count      : 1
.Health         : listened by port : 688148, 294920, 
----------------- 12_0V_VCC_5                   -----------
ref count      : 1
.Health         : listened by port : 688148, 294920, 
----------------- VSA_VOLT_CPU2                 -----------
ref count      : 1
.Health         : listened by port : 688148, 294920, 
----------------- Disk_Event_7                  -----------
ref count      : 1
----------------- Cpu1TreeNode                  -----------
ref count      : 1
----------------- HddErrorCountLogMetric        -----------
ref count      : 1
----------------- ComMemory121                  -----------
ref count      : 1
.Health         : listened by port : 294920, 
----------------- SysRestart_Event_7_1_E        -----------
ref count      : 1
----------------- PcieCardAnchor-901            -----------
ref count      : 1
----------------- VSA_VOLT_CPU1                 -----------
ref count      : 1
.Health         : listened by port : 688148, 294920, 
----------------- Disk_Event_8                  -----------
ref count      : 1
----------------- fan3                          -----------
ref count      : 1
----------------- CPUDDRVPP1Metric              -----------
ref count      : 1
----------------- SysRestart_Event_7_1_F        -----------
ref count      : 1
----------------- Terminator_Event_8_0          -----------
ref count      : 1
----------------- Hdd4-2                        -----------
ref count      : 1
.RebuildState   : listened by port : 294920, 
.Presence       : listened by port : 294920, 
.Id             : listened by port : 229382, 491534, 
.ReplaceFlag    : listened by port : 294920, 
----------------- PSUIinMetric                  -----------
ref count      : 1
----------------- fan2                          -----------
ref count      : 1
----------------- AcpiEvent_0                   -----------
ref count      : 1
----------------- Fru0Elabel                    -----------
ref count      : 1
.MfgDateTime    : listened by port : 753686, 
.ProductAssetTag : listened by port : 294920, 
.BoardSerialNumber : listened by port : 294920, 65537, 
.ChassisSerialNumber : listened by port : 294920, 
----------------- PcieCardAnchor-902            -----------
ref count      : 1
----------------- HddTagDefinition              -----------
ref count      : 1
----------------- HddSATASMARTMetric            -----------
ref count      : 1
----------------- Terminator_Event_8_1          -----------
ref count      : 1
----------------- MemCurPowerMetric             -----------
ref count      : 1
----------------- AcpiEvent_1                   -----------
ref count      : 1
----------------- DimmErrorLogMetric            -----------
ref count      : 1
----------------- Memory170TreeNode             -----------
ref count      : 1
----------------- CpuUtiliseRefInfo             -----------
ref count      : 1
----------------- Memory000TreeNode             -----------
ref count      : 1
----------------- ComHdd6-2                     -----------
ref count      : 1
.Health         : listened by port : 294920, 
----------------- AddInCard_Event_08_0          -----------
ref count      : 1
----------------- ComMemory070                  -----------
ref count      : 1
.Health         : listened by port : 294920, 
----------------- Hdd7TreeNode-2                -----------
ref count      : 1
----------------- PS_Event_6_2                  -----------
ref count      : 1
----------------- SysFwProg_Event_0_c           -----------
ref count      : 1
----------------- Cpu2MemTemp                   -----------
ref count      : 1
.Health         : listened by port : 688148, 294920, 
----------------- CPUVSAMetric                  -----------
ref count      : 1
----------------- HddTempLogMetric              -----------
ref count      : 1
----------------- MemoryTagDefinition           -----------
ref count      : 1
----------------- Memory031TreeNode             -----------
ref count      : 1
----------------- PSUVoutMetric                 -----------
ref count      : 1
----------------- AddInCard_Event_08_1          -----------
ref count      : 1
----------------- CPUMEMTempMetric              -----------
ref count      : 1
----------------- ComMemory071                  -----------
ref count      : 1
.Health         : listened by port : 294920, 
----------------- PowerCappingTopMetric         -----------
ref count      : 1
----------------- AcpiEvent_2                   -----------
ref count      : 1
----------------- SysRestart_Event_7_0_0        -----------
ref count      : 1
----------------- SysRestart_Event_7_0_1        -----------
ref count      : 1
----------------- PSUHealthMetric               -----------
ref count      : 1
----------------- ComMotherBoard                -----------
ref count      : 1
.Health         : listened by port : 294920, 
----------------- ComMemory150                  -----------
ref count      : 1
.Health         : listened by port : 294920, 
----------------- PS_Event_6_4                  -----------
ref count      : 1
----------------- SysRestart_Event_7_4_8        -----------
ref count      : 1
----------------- AcpiEvent_4                   -----------
ref count      : 1
----------------- AcpiEvent_3                   -----------
ref count      : 1
----------------- DimmCfgErrCodeMetric          -----------
ref count      : 1
----------------- IPMBLinkEvent_0               -----------
ref count      : 1
----------------- Hdd8TreeNode-2                -----------
ref count      : 1
----------------- ComMemory151                  -----------
ref count      : 1
.Health         : listened by port : 294920, 
----------------- PowerSupply_Event_7_02        -----------
ref count      : 1
----------------- localbus1                     -----------
ref count      : 1
----------------- AcpiEvent_5                   -----------
ref count      : 1
----------------- GPUAICoreTemp-801             -----------
ref count      : 1
.Health         : listened by port : 688148, 294920, 
----------------- Bios:C                        -----------
ref count      : 1
----------------- Memory131TreeNode             -----------
ref count      : 1
----------------- ConnectEvent_0_9              -----------
ref count      : 1
----------------- IPMBLinkEvent_1               -----------
ref count      : 1
----------------- GPUInletTemp-802              -----------
ref count      : 1
.Health         : listened by port : 688148, 294920, 
----------------- AcpiEvent_6                   -----------
ref count      : 1
----------------- LinkStatusEvent_0             -----------
ref count      : 1
----------------- GPUInletTemp-801              -----------
ref count      : 1
.Health         : listened by port : 688148, 294920, 
----------------- GPUAICoreTemp-802             -----------
ref count      : 1
.Health         : listened by port : 688148, 294920, 
----------------- Hdd0-2                        -----------
ref count      : 1
.RebuildState   : listened by port : 294920, 
.Presence       : listened by port : 294920, 
.Id             : listened by port : 229382, 491534, 
.ReplaceFlag    : listened by port : 294920, 
----------------- Cpu1VrdTemp                   -----------
ref count      : 1
.Health         : listened by port : 688148, 294920, 
----------------- PowerSupplyAnchor-5           -----------
ref count      : 1
----------------- IPMBLinkEvent_2               -----------
ref count      : 1
----------------- SysPower:C                    -----------
ref count      : 1
----------------- AcpiEvent_7                   -----------
ref count      : 1
----------------- SYS12V_4Metric                -----------
ref count      : 1
----------------- Terminator_Event_4_1          -----------
ref count      : 1
----------------- ClockDetect_0                 -----------
ref count      : 1
----------------- HotPlugEvent_0                -----------
ref count      : 1
----------------- risercard-8                   -----------
ref count      : 1
.Health         : listened by port : 294920, 
.ReplaceFlag    : listened by port : 294920, 
----------------- M2Disk1                       -----------
ref count      : 1
.RebuildState   : listened by port : 294920, 
.Presence       : listened by port : 294920, 
.Id             : recv event count: 1 : listened by port : 229382, 491534, 
.ReplaceFlag    : listened by port : 294920, 
----------------- IPMBLinkEvent_3               -----------
ref count      : 1
----------------- PowerSupplyAnchor-6           -----------
ref count      : 1
----------------- AcpiEvent_8                   -----------
ref count      : 1
----------------- HddInner2-2                   -----------
ref count      : 1
.RebuildState   : listened by port : 294920, 
.Presence       : listened by port : 294920, 
.Id             : listened by port : 229382, 491534, 
.ReplaceFlag    : listened by port : 294920, 
----------------- CPUVDDQMetric                 -----------
ref count      : 1
----------------- HddOtherECMetric              -----------
ref count      : 1
----------------- RackPwrCapStatusMetric        -----------
ref count      : 1
----------------- ComHdd2-2                     -----------
ref count      : 1
.Health         : listened by port : 294920, 
----------------- Memory070TreeNode             -----------
ref count      : 1
----------------- M2Disk2                       -----------
ref count      : 1
.RebuildState   : listened by port : 294920, 
.Presence       : listened by port : 294920, 
.Id             : recv event count: 1 : listened by port : 229382, 491534, 
.ReplaceFlag    : listened by port : 294920, 
----------------- risercard-9                   -----------
ref count      : 1
.Health         : listened by port : 294920, 
.ReplaceFlag    : listened by port : 294920, 
----------------- BoardMfgDateRefInfo           -----------
ref count      : 1
----------------- HddBackCardNode-2             -----------
ref count      : 1
----------------- AddInCard_Event_0a_3          -----------
ref count      : 1
----------------- Hdd6TreeNode-2                -----------
ref count      : 1
----------------- AddInCard_Event_04_1          -----------
ref count      : 1
----------------- AcpiEvent_9                   -----------
ref count      : 1
----------------- AddInCard_Event_0a_4          -----------
ref count      : 1
----------------- HotPlugEvent_1                -----------
ref count      : 1
----------------- HotPlugEvent_2                -----------
ref count      : 1
----------------- SysRestart_Event_7_8_D        -----------
ref count      : 1
----------------- DiskFaultPrediction:C         -----------
ref count      : 1
----------------- Hdd:C                         -----------
ref count      : 1
----------------- ProductComponent              -----------
ref count      : 1
----------------- PcieSEC1                      -----------
ref count      : 1
----------------- HddInner3TreeNode-2           -----------
ref count      : 1
----------------- PMEServiceConfig              -----------
ref count      : 1
.BoardInfoCollectEnable : listened by port : 753686, 
----------------- Cpu2VddqTemp                  -----------
ref count      : 1
.Health         : listened by port : 688148, 294920, 
----------------- Memory110TreeNode             -----------
ref count      : 1
----------------- HddErrorLogCountMetric        -----------
ref count      : 1
----------------- SysRestart_Event_7_0_8        -----------
ref count      : 1
----------------- SysRestart_Event_7_8_E        -----------
ref count      : 1
----------------- IOBoard1OnRiser2              -----------
ref count      : 1
----------------- PcieAddrInfo:C                -----------
ref count      : 1
----------------- RiserTreeNode-8               -----------
ref count      : 1
----------------- PcieSEC2                      -----------
ref count      : 1
----------------- HotPlugEvent_3                -----------
ref count      : 1
----------------- HddCriticalEventCountMetric   -----------
ref count      : 1
----------------- PsElabel-6                    -----------
ref count      : 1
.MfgDateTime    : listened by port : 753686, 
.ProductAssetTag : listened by port : 294920, 
.BoardSerialNumber : listened by port : 294920, 65537, 
.ChassisSerialNumber : listened by port : 294920, 
----------------- PcieSlot4_94                  -----------
ref count      : 1
----------------- ChassisTreeNode               -----------
ref count      : 1
----------------- SysRestart_Event_7_8_F        -----------
ref count      : 1
----------------- RiserTreeNode-9               -----------
ref count      : 1
----------------- fan2TreeNode                  -----------
ref count      : 1
----------------- PcieSEC3                      -----------
ref count      : 1
----------------- HotPlugEvent_4                -----------
ref count      : 1
----------------- SmBios                        -----------
ref count      : 1
.SmBiosStatus   : recv event count: 203 : listened by port : 131075, 458765, 262151, 393227, 491534, 
.FileChange     : listened by port : 557072, 
----------------- Payload:C                     -----------
ref count      : 1
----------------- PsElabel-5                    -----------
ref count      : 1
.MfgDateTime    : listened by port : 753686, 
.ProductAssetTag : listened by port : 294920, 
.BoardSerialNumber : listened by port : 294920, 65537, 
.ChassisSerialNumber : listened by port : 294920, 
----------------- HddCriticalEventLogMetric     -----------
ref count      : 1
----------------- HotPlugEvent_5                -----------
ref count      : 1
----------------- RRPMMetric                    -----------
ref count      : 1
----------------- LomCardAnchor-3               -----------
ref count      : 1
----------------- AddInCard_Event_0a_8          -----------
ref count      : 1
----------------- HotPlugEvent_6                -----------
ref count      : 1
----------------- LomCardAnchor-4               -----------
ref count      : 1
----------------- MemBandWidthUtiliseMetric     -----------
ref count      : 1
----------------- CertOverDueEvent_1            -----------
ref count      : 1
----------------- DimmUCEccAlertMetric          -----------
ref count      : 1
----------------- HddInner1TreeNode-2           -----------
ref count      : 1
----------------- SysRestart_Event_7_7_0        -----------
ref count      : 1
----------------- HotPlugEvent_7                -----------
ref count      : 1
----------------- PSUIoutMetric                 -----------
ref count      : 1
----------------- Memory020                     -----------
ref count      : 1
.FDMFault       : listened by port : 294920, 
.ReplaceFlag    : listened by port : 294920, 
----------------- Microcontroller_16_3          -----------
ref count      : 1
----------------- ComPort3-3                    -----------
ref count      : 1
.Health         : listened by port : 294920, 
----------------- PMEServiceConfig:C            -----------
ref count      : 1
----------------- PcieCard:C                    -----------
ref count      : 1
----------------- SysRestart_Event_7_7_1        -----------
ref count      : 1
----------------- HddSASGenStatsLogMetric       -----------
ref count      : 1
----------------- Memory021                     -----------
ref count      : 1
.FDMFault       : listened by port : 294920, 
.ReplaceFlag    : listened by port : 294920, 
----------------- ComPort3-4                    -----------
ref count      : 1
.Health         : listened by port : 294920, 
----------------- Hdd5TreeNode-2                -----------
ref count      : 1
----------------- SysRestart_Event_7_4_D        -----------
ref count      : 1
----------------- PSUTagDefinition              -----------
ref count      : 1
----------------- PU_Pre_Event_0                -----------
ref count      : 1
----------------- Memory100                     -----------
ref count      : 1
.FDMFault       : listened by port : 294920, 
.ReplaceFlag    : listened by port : 294920, 
----------------- PSUDeepSleepModeRefInfo       -----------
ref count      : 1
----------------- InletTemp                     -----------
ref count      : 1
.Health         : listened by port : 688148, 294920, 
----------------- HddInner2TreeNode-2           -----------
ref count      : 1
----------------- SysRestart_Event_7_4_E        -----------
ref count      : 1
----------------- ChassisTagDefinition          -----------
ref count      : 1
----------------- Memory010TreeNode             -----------
ref count      : 1
----------------- PcieSAS3_1                    -----------
ref count      : 1
----------------- Memory101                     -----------
ref count      : 1
.FDMFault       : listened by port : 294920, 
.ReplaceFlag    : listened by port : 294920, 
----------------- ComHddInner0-2                -----------
ref count      : 1
.Health         : listened by port : 294920, 
----------------- InletTempMetric               -----------
ref count      : 1
----------------- Dfp                           -----------
ref count      : 1
----------------- SysRestart_Event_7_4_F        -----------
ref count      : 1
----------------- PowerMetric                   -----------
ref count      : 1
----------------- Hdd7-2                        -----------
ref count      : 1
.RebuildState   : listened by port : 294920, 
.Presence       : listened by port : 294920, 
.Id             : listened by port : 229382, 491534, 
.ReplaceFlag    : listened by port : 294920, 
----------------- Memory041TreeNode             -----------
ref count      : 1
----------------- PcieSAS3_2                    -----------
ref count      : 1
----------------- RiserCardAnchor-8             -----------
ref count      : 1
----------------- ComM2Disk2                    -----------
ref count      : 1
.Health         : listened by port : 294920, 
----------------- ComHDDBackplane-2             -----------
ref count      : 1
.Health         : listened by port : 294920, 
----------------- DimmPFAEventMetric            -----------
ref count      : 1
----------------- ComM2Disk1                    -----------
ref count      : 1
.Health         : listened by port : 294920, 
----------------- 1711CoreTemp                  -----------
ref count      : 1
.Health         : listened by port : 688148, 294920, 
----------------- TempEvent_1                   -----------
ref count      : 1
----------------- RiserCardAnchor-9             -----------
ref count      : 1
----------------- TempEvent_2                   -----------
ref count      : 1
----------------- MemEvent_2                    -----------
ref count      : 1
----------------- SysRestart_Event_7_B_0        -----------
ref count      : 1
----------------- MemEvent_1                    -----------
ref count      : 1
----------------- ComHdd9-2                     -----------
ref count      : 1
.Health         : listened by port : 294920, 
----------------- TempEvent_0                   -----------
ref count      : 1
----------------- Hdd3TreeNode-2                -----------
ref count      : 1
----------------- MainBoardTreeNode             -----------
ref count      : 1
----------------- MainBoard:C                   -----------
ref count      : 1
----------------- Log_Event_7_8                 -----------
ref count      : 1
----------------- TempEvent_3                   -----------
ref count      : 1
----------------- MemEvent_3                    -----------
ref count      : 1
----------------- Memory050                     -----------
ref count      : 1
.FDMFault       : listened by port : 294920, 
.ReplaceFlag    : listened by port : 294920, 
----------------- CPUMarginMetric               -----------
ref count      : 1
----------------- SysRestart_Event_7_3_0        -----------
ref count      : 1
----------------- Memory141TreeNode             -----------
ref count      : 1
----------------- HddInner0TreeNode-2           -----------
ref count      : 1
----------------- ComSASPHY                     -----------
ref count      : 1
.Health         : listened by port : 294920, 
----------------- ComCPU1Memory                 -----------
ref count      : 1
.Health         : listened by port : 294920, 
----------------- CpuEvent_a                    -----------
ref count      : 1
----------------- TempEvent_4                   -----------
ref count      : 1
----------------- MemEvent_0                    -----------
ref count      : 1
----------------- Memory051                     -----------
ref count      : 1
.FDMFault       : listened by port : 294920, 
.ReplaceFlag    : listened by port : 294920, 
----------------- MemEvent_4                    -----------
ref count      : 1
----------------- SysRestart_Event_7_3_1        -----------
ref count      : 1
----------------- SysHDDMaxTmp                  -----------
ref count      : 1
.Health         : listened by port : 688148, 294920, 
alias name: a:Memory1000000, object name: Memory100
alias name: a:Component1011d, object name: ComMemory160
alias name: a:Memory701, object name: Memory071
alias name: a:PcieAddrInfo1800400, object name: PcieSlot5_94
alias name: a:MemoryChannel101, object name: Cpu1Channel1
alias name: a:Component12902, object name: ComPort2-4
alias name: a:Component10117, object name: ComMemory130
alias name: a:PcieAddrInfo2d40300, object name: PcieSATA3
alias name: a:Memory1000001, object name: Memory101
alias name: a:Component1011e, object name: ComMemory161
alias name: a:PcieAddrInfo1801000, object name: PcieSlot6_94
alias name: a:Component11a01, object name: ComBMC
alias name: a:MemoryChannel102, object name: Cpu1Channel2
alias name: a:Memory300, object name: Memory030
alias name: a:Memory1000700, object name: Memory170
alias name: a:Component10118, object name: ComMemory131
alias name: a:Component1011f, object name: ComMemory170
alias name: a:PcieAddrInfo1800c00, object name: PcieSlot8_36
alias name: a:Component13101, object name: ComButton
alias name: a:MemoryChannel103, object name: Cpu1Channel3
alias name: a:PcieAddrInfo1800000, object name: PcieSlot4_94
alias name: a:Component10119, object name: ComMemory140
alias name: a:Memory1000701, object name: Memory171
alias name: a:PcieAddrInfo1b40200, object name: PcieSAS2_1
alias name: a:Memory301, object name: Memory031
alias name: a:PcieAddrInfo740300, object name: PcieSATA1
alias name: a:Component103fe, object name: ComPS
alias name: a:Component12903, object name: ComPort3-4
alias name: a:MemoryChannel104, object name: Cpu1Channel4
alias name: a:Component10120, object name: ComMemory171
alias name: a:Memory1000300, object name: Memory130
alias name: a:Component12904, object name: ComPort4-4
alias name: a:MemoryChannel105, object name: Cpu1Channel5
alias name: a:PcieAddrInfo800, object name: RaidSlot1
alias name: a:Memory1000301, object name: Memory131
alias name: a:Component10501, object name: ComHDDBackplane-2
alias name: a:Memory600, object name: Memory060
alias name: a:MemoryChannel106, object name: Cpu1Channel6
alias name: a:Component11101, object name: ComLcd
alias name: a:Component12801, object name: ComCable
alias name: a:MemoryChannel107, object name: Cpu1Channel7
alias name: a:Memory601, object name: Memory061
alias name: a:Component10d01, object name: ComNICCard-3
alias name: a:PcieAddrInfo2d40200, object name: PcieSAS3_1
alias name: a:PcieAddrInfo400, object name: PcieSlot2_94
alias name: a:Component10101, object name: ComCPU1Memory
alias name: a:Memory200, object name: Memory020
alias name: a:Component10d02, object name: ComNICCard-4
alias name: a:Memory1000600, object name: Memory160
alias name: a:Component10102, object name: ComCPU2Memory
alias name: a:Memory0, object name: Memory000
alias name: a:Memory201, object name: Memory021
alias name: a:Memory1000601, object name: Memory161
alias name: a:PcieAddrInfo1b40100, object name: PcieSEC2
alias name: a:MemoryChannel0, object name: Cpu0Channel0
alias name: a:PcieAddrInfoc00, object name: PcieSlot3_94
alias name: a:Component10103, object name: ComMemory010
alias name: a:PcieAddrInfo740200, object name: PcieSAS1_1
alias name: a:Component10801, object name: ComPcieCard-801
alias name: a:Component1010a, object name: ComMemory041
alias name: a:Memory1, object name: Memory001
alias name: a:Component10802, object name: ComPcieCard-802
alias name: a:PcieAddrInfo1bc0000, object name: PcieNicCard2
alias name: a:Memory1000200, object name: Memory120
alias name: a:Cpu0, object name: Cpu1
alias name: a:MemoryChannel1, object name: Cpu0Channel1
alias name: a:Component10104, object name: ComMemory011
alias name: a:Component1010b, object name: ComMemory050
alias name: a:Component12c00, object name: ComSystem
alias name: a:Component11000, object name: ComMotherBoard
alias name: a:MemoryChannel2, object name: Cpu0Channel2
alias name: a:Memory1000201, object name: Memory121
alias name: a:Component10105, object name: ComMemory020
alias name: a:Component10401, object name: ComFan1
alias name: a:Cpu1, object name: Cpu2
alias name: a:Component1010c, object name: ComMemory051
alias name: a:Memory500, object name: Memory050
alias name: a:Component10804, object name: ComPcieCard-901
alias name: a:MemoryChannel3, object name: Cpu0Channel3
alias name: a:Component10106, object name: ComMemory021
alias name: a:Component10402, object name: ComFan2
alias name: a:Component1010d, object name: ComMemory060
alias name: a:Memory501, object name: Memory051
alias name: a:PcieAddrInfo1b40400, object name: PcieSAS2_2
alias name: a:MemoryChannel4, object name: Cpu0Channel4
alias name: a:PcieAddrInfo2d40100, object name: PcieSEC3
alias name: a:Component10403, object name: ComFan3
alias name: a:Component10107, object name: ComMemory030
alias name: a:Component10001, object name: ComCpu1
alias name: a:Component1010e, object name: ComMemory061
alias name: a:Component10805, object name: ComPcieCard-902
alias name: a:Memory100, object name: Memory010
alias name: a:MemoryChannel5, object name: Cpu0Channel5
alias name: a:Memory1000500, object name: Memory150
alias name: a:Component10108, object name: ComMemory031
alias name: a:PcieAddrInfo2dc0000, object name: PcieNicCard5
alias name: a:Component10002, object name: ComCpu2
alias name: a:Component1010f, object name: ComMemory070
alias name: a:Component10404, object name: ComFan4
alias name: a:Memory101, object name: Memory011
alias name: a:MemoryChannel6, object name: Cpu0Channel6
alias name: a:Memory1000501, object name: Memory151
alias name: a:Component10109, object name: ComMemory040
alias name: a:PcieAddrInfo1b40000, object name: PcieZIP2
alias name: a:PcieAddrInfo740100, object name: PcieSEC1
alias name: a:MemoryChannel7, object name: Cpu0Channel7
alias name: a:Component12b01, object name: ComSASPHY
alias name: a:Memory1000100, object name: Memory110
alias name: a:Component10110, object name: ComMemory071
alias name: a:PcieAddrInfo7c0000, object name: PcieNicCard1
alias name: a:Component101ff, object name: ComMemory
alias name: a:Component10f01, object name: ComRiserCard-8
alias name: a:PcieAddrInfo2d40400, object name: PcieSAS3_2
alias name: a:Memory1000101, object name: Memory111
alias name: a:Component10301, object name: ComPowerSupply-5
alias name: a:Component10111, object name: ComMemory100
alias name: a:Component13200, object name: ComSASExpander0-2
alias name: a:Memory400, object name: Memory040
alias name: a:Component10f02, object name: ComRiserCard-9
alias name: a:Component10112, object name: ComMemory101
alias name: a:Component10302, object name: ComPowerSupply-6
alias name: a:Memory401, object name: Memory041
alias name: a:Component10f03, object name: ComRiserCard-e
alias name: a:PcieAddrInfo1b40300, object name: PcieSATA2
alias name: a:PcieAddrInfo2d40000, object name: PcieZIP3
alias name: a:Component10113, object name: ComMemory110
alias name: a:PcieAddrInfo740400, object name: PcieSAS1_2
alias name: a:Component1011a, object name: ComMemory141
alias name: a:Component104fe, object name: ComFan
alias name: a:Component14901, object name: ComBMA
alias name: a:Memory1000400, object name: Memory140
alias name: a:Component10114, object name: ComMemory111
alias name: a:PcieAddrInfo0, object name: PcieSlot1_94
alias name: a:PcieAddrInfo1800800, object name: PcieSlot7_36
alias name: a:Component1011b, object name: ComMemory150
alias name: a:Memory1000401, object name: Memory141
alias name: a:Component10115, object name: ComMemory120
alias name: a:Component10601, object name: ComRaidCard-1
alias name: a:Component1011c, object name: ComMemory151
alias name: a:PcieAddrInfo740000, object name: PcieZIP1
alias name: a:Memory700, object name: Memory070
alias name: a:Component11201, object name: ComChassis
alias name: a:MemoryChannel100, object name: Cpu1Channel0
alias name: a:Component12901, object name: ComPort1-4
alias name: a:Component10116, object name: ComMemory121
===========================has object===========================
Cpu0MsmiMcErrAccessor, localbus1, cpld1, Cpu0CatMcErrAccessor, 
=====================method info=============================
key=Diagnose.SetBlackBoxDumpState
input para list:
y output para list:

key=PcieAddrInfo.SetBusInfo
input para list:
y y y output para list:

key=DataAcquisitionTagDefinition.DataAcquDimmAlmLog
input para list:
s output para list:

key=Diagnose.GetSystemCom
input para list:
output para list:
s 
key=FdmWebConfig.SetRefreshInterval
input para list:
y output para list:
i 
key=FdmConfig.FDMWriteBinLog
input para list:
y y s s y ay output para list:

key=FdmConfig.FdmConfigSetFdmFault
input para list:
y y ay output para list:

key=DataAcquisitionTagDefinition.DfpCollectHddInfo
input para list:
s u s output para list:
u u ad 
key=DataAcquisitionService.ExportTable
input para list:
s y output para list:
s 
key=Diagnose.SetSolDataState
input para list:
i output para list:

key=FdmConfig.FDMResetIFMM
input para list:
y y y output para list:

key=Diagnose.GetBlackBox
input para list:
output para list:
s 
key=DataAcquisitionService.ClearTable
input para list:
output para list:

key=FdmWebConfig.FDMFruTree
input para list:
y output para list:
s i 
key=DataAcquisitionService.GetTableInfo
input para list:
y y u u output para list:
s 
key=FdmConfig.FruHotPlugCallback
input para list:
s y y y y output para list:

key=FdmWebConfig.SetPfaeTimes
input para list:
y output para list:
i 
key=FdmWebConfig.PostSelToFdm
input para list:
u u s ay output para list:

key=Diagnose.GetPort80
input para list:
output para list:
ay i i 
key=DataAcquisitionTagDefinition.UpdateDataExternally
input para list:
s s output para list:

key=FdmWebConfig.SetAotuUpdateEnable
input para list:
y output para list:
i 
key=FdmWebConfig.SetFDMFruTree
input para list:
y y u output para list:
i 
key=Diagnose.SetPCIeInterfaceSwitch
input para list:
y output para list:

key=DataAcquisitionService.SetServiceEnable
input para list:
y output para list:

key=FdmConfig.SetIErrWarmResetEnable
input para list:
y output para list:

key=Cpu.CpuGetInfo
input para list:
i u ay ay i output para list:

key=diagnose.connect_to_cli
input para list:
s s output para list:

key=diagnose.dlog_outlvl
input para list:
s output para list:

key=diagnose.set_trace_cfg
input para list:
s output para list:

key=diagnose.deconnect_to_cli
input para list:
s output para list:

key=diagnose.dlog_outype
input para list:
s output para list:

key=diagnose.save_dlog_cfg
input para list:
output para list:

=====================listen info=============================
my ipc id=491534
key=<NPU.IMUState, handler=0xaaaaae1999f8, state=1
key=<Payload.ResetFlag, handler=0xaaaaae153d70, state=0
key=<Cpu.McErr, handler=0xaaaaae1533d0, state=0
key=<SmBios.SmBiosStatus, handler=0xaaaaae155678, state=1
key=<Cpu.IErr, handler=0xaaaaae1533d0, state=0
key=<Payload.ChassisPowerState, handler=0xaaaaae153b30, state=1
key=<Cpu.Error2, handler=0xaaaaae1533d0, state=0
key=<Payload.SysResetFlag, handler=0xaaaaae153d70, state=1
key=<Cpu.MirrorFailChMask, handler=0xaaaaae1913f0, state=0
key=<NPU.IErr, handler=0xaaaaae199558, state=1
key=<Bios.SystemStartupState, handler=0xaaaaae195948, state=1
key=<Hdd.Id, handler=0xaaaaae168b80, state=1
=====================route info=============================
.key=VariantExpression, rpc_port=50023, msg_que_id=753686
.key=CafeDev, rpc_port=50007, msg_que_id=229382
.key=IPMIMessageFilter, rpc_port=50025, msg_que_id=819224
.key=PRODUCT, rpc_port=50023, msg_que_id=753686
.key=BOARD, rpc_port=50023, msg_que_id=753686
.key=GPUBoard, rpc_port=50014, msg_que_id=458765
.key=VirOpticalModule, rpc_port=50028, msg_que_id=917531
.key=IpmbAddr, rpc_port=50025, msg_que_id=819224
.key=CoolingCondition, rpc_port=50021, msg_que_id=688148
.key=SysPower, rpc_port=50024, msg_que_id=786455
.key=CpuBoard, rpc_port=50014, msg_que_id=458765
.key=PcieHddRemoveMonitor, rpc_port=50016, msg_que_id=524303
.key=VRDAction, rpc_port=50008, msg_que_id=262151
.key=EnergySaving, rpc_port=50017, msg_que_id=557072
.key=PIPE, rpc_port=50015, msg_que_id=491534
.key=PasswdSetting, rpc_port=50026, msg_que_id=851993
.key=FdmWebConfig, rpc_port=50015, msg_que_id=491534
.key=SpecialPcieCard, rpc_port=50028, msg_que_id=917531
.key=RedfishEventService, rpc_port=50020, msg_que_id=655379
.key=LicenseManage, rpc_port=50002, msg_que_id=65537
.key=AccelerateCard, rpc_port=50014, msg_que_id=458765
.key=PCIeSDICard, rpc_port=50014, msg_que_id=458765
.key=PcieRetimer, rpc_port=50001, msg_que_id=32768
.key=PTASPolicy, rpc_port=50021, msg_que_id=688148
.key=EventMonitor, rpc_port=50009, msg_que_id=294920
.key=VirtualWire, rpc_port=50023, msg_que_id=753686
.key=SmtpConfig, rpc_port=50009, msg_que_id=294920
.key=PowerMgnt, rpc_port=50024, msg_que_id=786455
.key=HwMBAddrAllocMgmt, rpc_port=50014, msg_que_id=458765
.key=MeInfo, rpc_port=50017, msg_que_id=557072
.key=MutualAuthenticationCliCert, rpc_port=50023, msg_que_id=753686
.key=FANBoard, rpc_port=50014, msg_que_id=458765
.key=SystemManagerInfo, rpc_port=50023, msg_que_id=753686
.key=SensorShortTermSpecMonitor, rpc_port=50009, msg_que_id=294920
.key=SASCable, rpc_port=50016, msg_que_id=524303
.key=DevTest, rpc_port=50009, msg_que_id=294920
.key=NandInfo, rpc_port=50023, msg_que_id=753686
.key=EventDescpCfgToHmm, rpc_port=50009, msg_que_id=294920
.key=UserRole, rpc_port=50026, msg_que_id=851993
.key=SilkTemplate, rpc_port=50017, msg_que_id=557072
.key=Retimer, rpc_port=50014, msg_que_id=458765
.key=SyslogConfig, rpc_port=50009, msg_que_id=294920
.key=ProxyVideo, rpc_port=50018, msg_que_id=589841
.key=SmmFanFirmware, rpc_port=50008, msg_que_id=262151
.key=SSDPCtrlPtConfig, rpc_port=50019, msg_que_id=622610
.key=ResidentNetConfig, rpc_port=50028, msg_que_id=917531
.key=KvmLink, rpc_port=50004, msg_que_id=131075
.key=MasterSMM, rpc_port=50023, msg_que_id=753686
.key=ComputerSystem, rpc_port=50010, msg_que_id=327689
.key=LocalPcieCard, rpc_port=50014, msg_que_id=458765
.key=VPD, rpc_port=50016, msg_que_id=524303
.key=ComponentInfo, rpc_port=50017, msg_que_id=557072
.key=LSWConfig, rpc_port=50028, msg_que_id=917531
.key=AlertFilter, rpc_port=50009, msg_que_id=294920
.key=ModbusAddrAllocMgmt, rpc_port=50014, msg_que_id=458765
.key=Cooling, rpc_port=50021, msg_que_id=688148
.key=FANClass, rpc_port=50021, msg_que_id=688148
.key=HDDBackplane, rpc_port=50014, msg_que_id=458765
.key=ChipFirmwareMgnt, rpc_port=50008, msg_que_id=262151
.key=DftItem, rpc_port=50011, msg_que_id=360458
.key=Stateless, rpc_port=50028, msg_que_id=917531
.key=PcieAddrInfo, rpc_port=50015, msg_que_id=491534
.key=DftAction, rpc_port=50011, msg_que_id=360458
.key=ConditionTask, rpc_port=50009, msg_que_id=294920
.key=ExpBoard, rpc_port=50014, msg_que_id=458765
.key=OpaMezzInfo, rpc_port=50014, msg_que_id=458765
.key=SyslogItemCfg, rpc_port=50009, msg_que_id=294920
.key=ThresholdAssert, rpc_port=50009, msg_que_id=294920
.key=SolLink, rpc_port=50025, msg_que_id=819224
.key=MainBoard, rpc_port=50014, msg_que_id=458765
.key=IOBoard, rpc_port=50014, msg_que_id=458765
.key=_Snmp, rpc_port=50018, msg_que_id=589841
.key=SecurityModule, rpc_port=50014, msg_que_id=458765
.key=LLDPConfig, rpc_port=50028, msg_que_id=917531
.key=BBUModule, rpc_port=50024, msg_que_id=786455
.key=LeakageDetectionCard, rpc_port=50014, msg_que_id=458765
.key=SmtpItemCfg, rpc_port=50009, msg_que_id=294920
.key=DataAcquisitionMetric, rpc_port=50015, msg_que_id=491534
.key=RaidController, rpc_port=50016, msg_que_id=524303
.key=PMEServiceConfig, rpc_port=50023, msg_que_id=753686
.key=Memory, rpc_port=50017, msg_que_id=557072
.key=LicenseFeatureKey, rpc_port=50002, msg_que_id=65537
.key=VoltMonitor, rpc_port=50009, msg_que_id=294920
.key=PSUGroup, rpc_port=50024, msg_que_id=786455
.key=OemSdr, rpc_port=50009, msg_que_id=294920
.key=NPU, rpc_port=50017, msg_que_id=557072
.key=DiskSubArray, rpc_port=50016, msg_que_id=524303
.key=CollectPropertyDefinition, rpc_port=50023, msg_que_id=753686
.key=_card_manage, rpc_port=50014, msg_que_id=458765
.key=Action, rpc_port=50008, msg_que_id=262151
.key=OnePower, rpc_port=50024, msg_que_id=786455
.key=Kvm, rpc_port=50004, msg_que_id=131075
.key=DiscreteSensor, rpc_port=50009, msg_que_id=294920
.key=ThresholdSensorMonitor, rpc_port=50009, msg_que_id=294920
.key=CertMonitor, rpc_port=50023, msg_que_id=753686
.key=Pex8796, rpc_port=50001, msg_que_id=32768
.key=LicenseSaleInfo, rpc_port=50002, msg_que_id=65537
.key=PortMapping, rpc_port=50028, msg_que_id=917531
.key=RawEepromFruDev, rpc_port=50007, msg_que_id=229382
.key=_kvm_vmm, rpc_port=50004, msg_que_id=131075
.key=EnergySavingCfgItem, rpc_port=50017, msg_que_id=557072
.key=CpuStatistic, rpc_port=50017, msg_que_id=557072
.key=CompositionSetting, rpc_port=50001, msg_que_id=32768
.key=PsSleep, rpc_port=50024, msg_que_id=786455
.key=SysBattery, rpc_port=50024, msg_que_id=786455
.key=Pex9765, rpc_port=50001, msg_que_id=32768
.key=PermitRule, rpc_port=50026, msg_que_id=851993
.key=BMC, rpc_port=50023, msg_que_id=753686
.key=Snmp, rpc_port=50018, msg_que_id=589841
.key=VoltTest, rpc_port=50009, msg_que_id=294920
.key=LedPanel, rpc_port=50009, msg_que_id=294920
.key=EthFunction, rpc_port=50028, msg_que_id=917531
.key=_PowerMgnt, rpc_port=50024, msg_que_id=786455
.key=PowerCapping, rpc_port=50024, msg_que_id=786455
.key=RegAction, rpc_port=50014, msg_que_id=458765
.key=_ddns, rpc_port=50005, msg_que_id=163844
.key=M2TransformCard, rpc_port=50014, msg_que_id=458765
.key=SmBios, rpc_port=50013, msg_que_id=425996
.key=SensorOemConfig, rpc_port=50009, msg_que_id=294920
.key=Bios, rpc_port=50013, msg_que_id=425996
.key=McdlSdr, rpc_port=50009, msg_que_id=294920
.key=PMBusTempMonitor, rpc_port=50009, msg_que_id=294920
.key=DiskSlotInfo, rpc_port=50014, msg_que_id=458765
.key=LDAP, rpc_port=50023, msg_que_id=753686
.key=PassThroughCard, rpc_port=50014, msg_que_id=458765
.key=ReserveChanTest, rpc_port=50011, msg_que_id=360458
.key=RedfishEvtSubscription, rpc_port=50020, msg_que_id=655379
.key=Watchdog2, rpc_port=50022, msg_que_id=720917
.key=LedDispElmt_S, rpc_port=50009, msg_que_id=294920
.key=TransferFileInfo, rpc_port=50023, msg_que_id=753686
.key=PsuSlot, rpc_port=50024, msg_que_id=786455
.key=FruPayload, rpc_port=50022, msg_que_id=720917
.key=VMDCondition, rpc_port=50023, msg_que_id=753686
.key=_User, rpc_port=50026, msg_que_id=851993
.key=BoardInfoCollectCfg, rpc_port=50023, msg_que_id=753686
.key=Policy1Class, rpc_port=50021, msg_que_id=688148
.key=NetCard, rpc_port=50014, msg_que_id=458765
.key=Sel, rpc_port=50009, msg_que_id=294920
.key=ProductComponent, rpc_port=50023, msg_que_id=753686
.key=SLIMCableConfig, rpc_port=50016, msg_que_id=524303
.key=CfgMgnt, rpc_port=50003, msg_que_id=98306
.key=RiserPcieCard, rpc_port=50014, msg_que_id=458765
.key=OpticalModule, rpc_port=50028, msg_que_id=917531
.key=NPUHistoryECCInfo, rpc_port=50017, msg_que_id=557072
.key=RepeaterMgnt, rpc_port=50014, msg_que_id=458765
.key=ChipValueChecker, rpc_port=50009, msg_que_id=294920
.key=_net_nat, rpc_port=50029, msg_que_id=950300
.key=IPMIChannel, rpc_port=50025, msg_que_id=819224
.key=OscaPcieCard, rpc_port=50014, msg_que_id=458765
.key=LedDispElmt_RP, rpc_port=50009, msg_que_id=294920
.key=EventPolicy, rpc_port=50009, msg_que_id=294920
.key=iBMAUSBMassStorage, rpc_port=50004, msg_que_id=131075
.key=NvGPUAction, rpc_port=50014, msg_que_id=458765
.key=DiskArray, rpc_port=50016, msg_que_id=524303
.key=OscaPort, rpc_port=50013, msg_que_id=425996
.key=RmcpConfig, rpc_port=50025, msg_que_id=819224
.key=SASPHYStatus, rpc_port=50016, msg_que_id=524303
.key=SMMPCIeInfo, rpc_port=50014, msg_que_id=458765
.key=OCPCard, rpc_port=50014, msg_que_id=458765
.key=VirtualHDDBackplane, rpc_port=50014, msg_que_id=458765
.key=ProxyVmm, rpc_port=50018, msg_que_id=589841
.key=VmseChannel, rpc_port=50017, msg_que_id=557072
.key=HinicFirmware, rpc_port=50008, msg_que_id=262151
.key=MatchRegValue, rpc_port=50001, msg_que_id=32768
.key=Warning, rpc_port=50009, msg_que_id=294920
.key=Contact, rpc_port=50023, msg_que_id=753686
.key=Session, rpc_port=50026, msg_que_id=851993
.key=ExtendPcieCard, rpc_port=50014, msg_que_id=458765
.key=MaxValueMonitor, rpc_port=50009, msg_que_id=294920
.key=BusinessPort, rpc_port=50028, msg_que_id=917531
.key=CLASSFANTYPE, rpc_port=50021, msg_que_id=688148
.key=ButtonTest, rpc_port=50011, msg_que_id=360458
.key=SdrDev, rpc_port=50009, msg_que_id=294920
.key=SSDPConfig, rpc_port=50019, msg_que_id=622610
.key=BoardPower, rpc_port=50024, msg_que_id=786455
.key=PCIeSSDCard, rpc_port=50014, msg_que_id=458765
.key=USBMassStorage, rpc_port=50004, msg_que_id=131075
.key=MassStorage, rpc_port=50016, msg_que_id=524303
.key=TrapConfig, rpc_port=50009, msg_que_id=294920
.key=BIOSEvent, rpc_port=50009, msg_que_id=294920
.key=Led, rpc_port=50009, msg_que_id=294920
.key=PortConfig, rpc_port=50028, msg_que_id=917531
.key=PCIeDisk, rpc_port=50016, msg_que_id=524303
.key=PTAS, rpc_port=50021, msg_que_id=688148
.key=CompositionZone, rpc_port=50001, msg_que_id=32768
.key=MctpCtrl, rpc_port=50012, msg_que_id=393227
.key=SignalMonitor, rpc_port=50009, msg_que_id=294920
.key=MutualAuthentication, rpc_port=50023, msg_que_id=753686
.key=Card, rpc_port=50014, msg_que_id=458765
.key=RaidChip, rpc_port=50016, msg_que_id=524303
.key=Eth, rpc_port=50028, msg_que_id=917531
.key=LogicalDriveAlertInfo, rpc_port=50016, msg_que_id=524303
.key=Video, rpc_port=50004, msg_que_id=131075
.key=LedDispControl, rpc_port=50009, msg_que_id=294920
.key=Dump, rpc_port=50027, msg_que_id=884762
.key=FruStatics, rpc_port=50007, msg_que_id=229382
.key=_BIOS, rpc_port=50013, msg_que_id=425996
.key=ScriptEngine, rpc_port=50027, msg_que_id=884762
.key=PcieRootPortMap, rpc_port=50007, msg_que_id=229382
.key=FruDev, rpc_port=50007, msg_que_id=229382
.key=FPGAMemory, rpc_port=50017, msg_que_id=557072
.key=EventSeverityChange, rpc_port=50009, msg_que_id=294920
.key=_dfm, rpc_port=50000, msg_que_id=0
.key=TrapItemCfg, rpc_port=50009, msg_que_id=294920
.key=LedTest, rpc_port=50009, msg_que_id=294920
.key=DataCondition, rpc_port=50017, msg_que_id=557072
.key=StorageDiagnose, rpc_port=50016, msg_que_id=524303
.key=PcieCard, rpc_port=50014, msg_que_id=458765
.key=PowerAlert, rpc_port=50024, msg_que_id=786455
.key=PowerSignalMonitor, rpc_port=50009, msg_que_id=294920
.key=ComponentFirmware, rpc_port=50008, msg_que_id=262151
.key=NpuAbility, rpc_port=50017, msg_que_id=557072
.key=_Dft, rpc_port=50011, msg_que_id=360458
.key=MgmtChipEnvConfig, rpc_port=50023, msg_que_id=753686
.key=BMCCoreManagement, rpc_port=50023, msg_que_id=753686
.key=SeriaManagement, rpc_port=50025, msg_que_id=819224
.key=OcpCardControl, rpc_port=50014, msg_que_id=458765
.key=FirmwareLimit, rpc_port=50011, msg_que_id=360458
.key=User, rpc_port=50026, msg_que_id=851993
.key=Upgrade, rpc_port=50008, msg_que_id=262151
.key=_sensor_alarm, rpc_port=50009, msg_que_id=294920
.key=PrivilegeAgent, rpc_port=50018, msg_que_id=589841
.key=Eeprom, rpc_port=50008, msg_que_id=262151
.key=Condition, rpc_port=50021, msg_que_id=688148
.key=TempMonitor, rpc_port=50009, msg_que_id=294920
.key=_CpuMem, rpc_port=50017, msg_que_id=557072
.key=SMM, rpc_port=50023, msg_que_id=753686
.key=LDAPCommon, rpc_port=50023, msg_que_id=753686
.key=SensorCategory, rpc_port=50009, msg_que_id=294920
.key=NandFlash, rpc_port=50023, msg_que_id=753686
.key=Raid, rpc_port=50014, msg_que_id=458765
.key=TransferFile, rpc_port=50023, msg_que_id=753686
.key=DftCtrl, rpc_port=50011, msg_que_id=360458
.key=Entity, rpc_port=50009, msg_que_id=294920
.key=UidButton, rpc_port=50009, msg_que_id=294920
.key=Hdd, rpc_port=50016, msg_que_id=524303
.key=InterfaceTest, rpc_port=50011, msg_que_id=360458
.key=CardAction, rpc_port=50014, msg_que_id=458765
.key=EncryptKey, rpc_port=50026, msg_que_id=851993
.key=_diagnose, rpc_port=50015, msg_que_id=491534
.key=Language, rpc_port=50009, msg_que_id=294920
.key=Hotswap, rpc_port=50022, msg_que_id=720917
.key=ManualControlLed, rpc_port=50009, msg_que_id=294920
.key=_agentless, rpc_port=50010, msg_que_id=327689
.key=AlertString, rpc_port=50009, msg_que_id=294920
.key=LocalHostAgentPort, rpc_port=50029, msg_que_id=950300
.key=DftLSWConfig, rpc_port=50028, msg_que_id=917531
.key=DataAcquisitionTagDefinition, rpc_port=50015, msg_que_id=491534
.key=MezzCard, rpc_port=50014, msg_que_id=458765
.key=MemoryChannel, rpc_port=50017, msg_que_id=557072
.key=_Payload, rpc_port=50022, msg_que_id=720917
.key=AssetLocateBoard, rpc_port=50014, msg_que_id=458765
.key=RegMonitor, rpc_port=50009, msg_que_id=294920
.key=_MaintDebug, rpc_port=50027, msg_que_id=884762
.key=SysFWProgressStatus, rpc_port=50017, msg_que_id=557072
.key=_StorageMgnt, rpc_port=50016, msg_que_id=524303
.key=ConditionGroup, rpc_port=50021, msg_que_id=688148
.key=OSDrivePartition, rpc_port=50010, msg_que_id=327689
.key=_BMC, rpc_port=50023, msg_que_id=753686
.key=Log, rpc_port=50027, msg_que_id=884762
.key=_portal, rpc_port=50006, msg_que_id=196613
.key=Payload, rpc_port=50022, msg_que_id=720917
.key=_FileManage, rpc_port=50003, msg_que_id=98306
.key=PCIeFPGACard, rpc_port=50014, msg_que_id=458765
.key=LicenseKeyInfo, rpc_port=50002, msg_que_id=65537
.key=EthRename, rpc_port=50028, msg_que_id=917531
.key=StorageCfgCustomize, rpc_port=50016, msg_que_id=524303
.key=PcieSwitch, rpc_port=50001, msg_que_id=32768
.key=FdmConfig, rpc_port=50015, msg_que_id=491534
.key=MSPP, rpc_port=50024, msg_que_id=786455
.key=Firmware, rpc_port=50008, msg_que_id=262151
.key=DataAcquisitionService, rpc_port=50015, msg_que_id=491534
.key=VNC, rpc_port=50004, msg_que_id=131075
.key=ExtendSASCable, rpc_port=50016, msg_que_id=524303
.key=I2CTest, rpc_port=50011, msg_que_id=360458
.key=DiscreteEvent, rpc_port=50009, msg_que_id=294920
.key=FanGroup, rpc_port=50021, msg_que_id=688148
.key=LicenseSaleItem, rpc_port=50002, msg_que_id=65537
.key=DeaSdr, rpc_port=50009, msg_que_id=294920
.key=Vmm, rpc_port=50004, msg_que_id=131075
.key=SSLEncryptKey, rpc_port=50026, msg_que_id=851993
.key=ChipConfigMgnt, rpc_port=50008, msg_que_id=262151
.key=Ipmb, rpc_port=50025, msg_que_id=819224
.key=TreeNode, rpc_port=50015, msg_que_id=491534
.key=ProcessorFamily, rpc_port=50015, msg_que_id=491534
.key=SMS, rpc_port=50010, msg_que_id=327689
.key=PcieSwitchAction, rpc_port=50001, msg_que_id=32768
.key=EventInformation, rpc_port=50009, msg_que_id=294920
.key=FibreChannel, rpc_port=50028, msg_que_id=917531
.key=LDAPGroup, rpc_port=50023, msg_que_id=753686
.key=AgeTest, rpc_port=50011, msg_que_id=360458
.key=ThresholdSensor, rpc_port=50009, msg_que_id=294920
.key=EthGroup, rpc_port=50028, msg_que_id=917531
.key=BladeCpuThermal, rpc_port=50021, msg_que_id=688148
.key=PCIeTransformCard, rpc_port=50014, msg_que_id=458765
.key=CompositionEndpoint, rpc_port=50001, msg_que_id=32768
.key=PswCpld, rpc_port=50001, msg_que_id=32768
.key=ConditionAction, rpc_port=50009, msg_que_id=294920
.key=EnvRecord, rpc_port=50009, msg_que_id=294920
.key=_PcieSwitch, rpc_port=50001, msg_que_id=32768
.key=BoardRTC, rpc_port=50023, msg_que_id=753686
.key=BladeCoolingPolicy, rpc_port=50021, msg_que_id=688148
.key=LedDispElmt, rpc_port=50009, msg_que_id=294920
.key=_cooling_app, rpc_port=50021, msg_que_id=688148
.key=GPUCard, rpc_port=50014, msg_que_id=458765
.key=StringFormator, rpc_port=50009, msg_que_id=294920
.key=EventConfiguration, rpc_port=50009, msg_que_id=294920
.key=Chassis, rpc_port=50023, msg_que_id=753686
.key=ComponentPowerCtrl, rpc_port=50014, msg_que_id=458765
.key=_MCTP, rpc_port=50012, msg_que_id=393227
.key=Redfish, rpc_port=50020, msg_que_id=655379
.key=EndpointIdentifier, rpc_port=50001, msg_que_id=32768
.key=Pex8725, rpc_port=50001, msg_que_id=32768
.key=_LicenseMgnt, rpc_port=50002, msg_que_id=65537
.key=BoardTypeDefinition, rpc_port=50023, msg_que_id=753686
.key=KRBCommon, rpc_port=50023, msg_que_id=753686
.key=_UPGRADE, rpc_port=50008, msg_que_id=262151
.key=SOLManagement, rpc_port=50025, msg_que_id=819224
.key=ChipVrdParameterConfig, rpc_port=50008, msg_que_id=262151
.key=LSWChipMgnt, rpc_port=50028, msg_que_id=917531
.key=ExPortConfig, rpc_port=50028, msg_que_id=917531
.key=BBU, rpc_port=50016, msg_que_id=524303
.key=VncLink, rpc_port=50004, msg_que_id=131075
.key=HDDLocationStatus, rpc_port=50016, msg_que_id=524303
.key=EthFunctionDefine, rpc_port=50028, msg_que_id=917531
.key=DNSSetting, rpc_port=50005, msg_que_id=163844
.key=SSL, rpc_port=50023, msg_que_id=753686
.key=RemoteHttpsServerRootCert, rpc_port=50023, msg_que_id=753686
.key=DftVersion, rpc_port=50011, msg_que_id=360458
.key=PeripheralDeviceSensor, rpc_port=50014, msg_que_id=458765
.key=SASExpander, rpc_port=50016, msg_que_id=524303
.key=MemoryBoard, rpc_port=50014, msg_que_id=458765
.key=Cpu, rpc_port=50017, msg_que_id=557072
.key=RegConfig, rpc_port=50014, msg_que_id=458765
.key=_FruData, rpc_port=50007, msg_que_id=229382
.key=Gpio, rpc_port=50009, msg_que_id=294920
.key=LicenseAlarmInfo, rpc_port=50002, msg_que_id=65537
.key=LDAPCert, rpc_port=50023, msg_que_id=753686
.key=ChipValueReader, rpc_port=50009, msg_que_id=294920
.key=VRDUpgradeMgnt, rpc_port=50008, msg_que_id=262151
.key=LedCtrl, rpc_port=50009, msg_que_id=294920
.key=PefFilter, rpc_port=50009, msg_que_id=294920
.key=_redfish, rpc_port=50020, msg_que_id=655379
.key=AdditionalFan, rpc_port=50021, msg_que_id=688148
.key=SelFilter, rpc_port=50009, msg_que_id=294920
.key=CPLDSelftest, rpc_port=50011, msg_que_id=360458
.key=SMMportswitch, rpc_port=50028, msg_que_id=917531
.key=PcieRetimerAction, rpc_port=50001, msg_que_id=32768
.key=OAM, rpc_port=50028, msg_que_id=917531
.key=ModbusSlave, rpc_port=50014, msg_que_id=458765
.key=PowerOnCriteria, rpc_port=50022, msg_que_id=720917
.key=CpuPowTempMap, rpc_port=50021, msg_que_id=688148
.key=Diagnose, rpc_port=50015, msg_que_id=491534
.key=Fru, rpc_port=50007, msg_que_id=229382
.key=MMPortOtmInfo, rpc_port=50028, msg_que_id=917531
.key=LogicalDrive, rpc_port=50016, msg_que_id=524303
.key=I2cLed, rpc_port=50009, msg_que_id=294920
.key=_discovery, rpc_port=50019, msg_que_id=622610
.key=EventDescp, rpc_port=50009, msg_que_id=294920
.key=_ipmi_app, rpc_port=50025, msg_que_id=819224
.key=Composition, rpc_port=50001, msg_que_id=32768
.key=Component, rpc_port=50007, msg_que_id=229382
.key=BusinessPortVLAN, rpc_port=50028, msg_que_id=917531
.key=MutualAuthenticationRootCert, rpc_port=50023, msg_que_id=753686
.key=Elabel, rpc_port=50007, msg_que_id=229382
.key=SecurityEnhance, rpc_port=50026, msg_que_id=851993
.key=VRDUpgradeMgntAssist, rpc_port=50008, msg_que_id=262151
.key=InsertStatusLedCtrl, rpc_port=50009, msg_que_id=294920
.key=ResidentStorageMgnt, rpc_port=50016, msg_que_id=524303
.key=_NetConfig, rpc_port=50028, msg_que_id=917531
.key=LicenseGeneralInfo, rpc_port=50002, msg_que_id=65537
.key=DftStatus, rpc_port=50011, msg_que_id=360458
.key=NTP, rpc_port=50023, msg_que_id=753686
.key=Com, rpc_port=50025, msg_que_id=819224
.key=NoDevTest, rpc_port=50009, msg_que_id=294920
.key=MngtPortCap, rpc_port=50028, msg_que_id=917531
.key=USBPortSwitch, rpc_port=50023, msg_que_id=753686
.key=IpmbEth, rpc_port=50025, msg_que_id=819224
.key=SLIMCable, rpc_port=50016, msg_que_id=524303
.key=Modbus, rpc_port=50014, msg_que_id=458765
.key=IsMemBoard, rpc_port=50014, msg_que_id=458765
.key=ExternalRefInfo, rpc_port=50015, msg_que_id=491534
.key=AccessorUpdateAction, rpc_port=50008, msg_que_id=262151
.key=ProxyKvm, rpc_port=50018, msg_que_id=589841
.key=ChipUpgradeByI2C, rpc_port=50008, msg_que_id=262151
=====================other info=============================
ipmi app rpc port=50025
dft app rpc port=50011
my rpc port=50015
my ipc id=491534
sync sem4 id=32768
module id=16
=============================client end==========================
=====================class info============================
--------------------- Hdd                 -----------------
listened       : Id: 491534, 229382, 
               : ReplaceFlag: 294920, 
               : Presence: 294920, 
               : RebuildState: 294920, 
--------------------- Bios                -----------------
listened       : SystemStartupState: 491534, 917531, 
               : PcieCardBDF: 458765, 
               : PcieDiskBDF: 458765, 
               : OCPCardBDF: 458765, 
               : MenuChangeFlag: 458765, 
               : BiosBootStage: 458765, 
               : BiosPwdMasterKeyId: 851993, 
               : StartOption: 131075, 
--------------------- DataAcquisitionTagDefinition-----------------
--------------------- FANClass            -----------------
--------------------- Diagnose            -----------------
--------------------- SmBios              -----------------
listened       : SmBiosStatus: 491534, 393227, 262151, 458765, 131075, 
               : FileChange: 557072, 
--------------------- Com                 -----------------
--------------------- MemoryChannel       -----------------
listened       : FDMFault: 294920, 
--------------------- PcieCard            -----------------
listened       : Health: 294920, 
               : FatalError: 294920, 
               : FDMFault: 294920, 
               : ReplaceFlag: 294920, 
--------------------- ComputerSystem      -----------------
listened       : iBMAEvent: 294920, 
--------------------- EventDescp          -----------------
--------------------- FdmWebConfig        -----------------
--------------------- SysPower            -----------------
--------------------- PIPE                -----------------
--------------------- DataAcquisitionService-----------------
--------------------- PcieAddrInfo        -----------------
--------------------- MainBoard           -----------------
listened       : Health: 294920, 
--------------------- LocalBusMix         -----------------
--------------------- Anchor              -----------------
--------------------- ProductComponent    -----------------
--------------------- Memory              -----------------
listened       : ReplaceFlag: 294920, 
               : FDMFault: 294920, 
--------------------- Log                 -----------------
--------------------- NPU                 -----------------
listened       : IErr: 491534, 
               : IMUState: 491534, 
--------------------- ThresholdSensor     -----------------
listened       : Health: 294920, 688148, 
--------------------- TreeNode            -----------------
--------------------- Cpu                 -----------------
listened       : IErr: 491534, 131075, 
               : McErr: 491534, 131075, 
               : Error2: 491534, 
               : MirrorFailChMask: 491534, 
               : Version: 688148, 
               : FDMFault: 294920, 
--------------------- Elabel              -----------------
listened       : BoardSerialNumber: 65537, 294920, 
               : MfgDateTime: 753686, 
               : ProductAssetTag: 294920, 
               : ChassisSerialNumber: 294920, 
--------------------- ProcessorFamily     -----------------
--------------------- Accessor            -----------------
--------------------- Raid                -----------------
listened       : Health: 294920, 
               : ReplaceFlag: 294920, 
--------------------- RiserPcieCard       -----------------
listened       : Health: 294920, 
               : ReplaceFlag: 294920, 
--------------------- Condition           -----------------
--------------------- ExternalRefInfo     -----------------
--------------------- OnePower            -----------------
listened       : PsType: 786455, 
               : Health: 294920, 
               : VinStatus: 294920, 
               : ReplaceFlag: 294920, 
--------------------- Payload             -----------------
listened       : SysResetFlag: 32768, 491534, 262151, 425996, 557072, 458765, 786455, 294920, 327689, 524303, 131075, 
               : ChassisPowerState: 491534, 262151, 425996, 557072, 458765, 786455, 720917, 294920, 327689, 524303, 131075, 
               : ResetFlag: 491534, 425996, 557072, 458765, 786455, 327689, 524303, 294920, 
               : RestartValue: 425996, 294920, 
               : AcpiStatus: 720917, 
               : BoardStableStatus: 819224, 
               : AcpiValue: 294920, 
               : PwrOkSigDrop: 294920, 
               : PwrButtonFlag: 294920, 
               : PowerGd: 688148, 
--------------------- CLASSFANTYPE        -----------------
--------------------- Component           -----------------
listened       : Health: 294920, 
--------------------- Expression          -----------------
listened       : Value: 294920, 
--------------------- DataAcquisitionMetric-----------------
--------------------- Chip                -----------------
--------------------- DiskFaultPrediction -----------------
--------------------- PowerCapping        -----------------
listened       : Failed: 294920, 
--------------------- FdmConfig           -----------------
--------------------- BMC                 -----------------
listened       : HostName: 589841, 163844, 917531, 294920, 
               : CustomManufacturer: 655379, 
--------------------- NetCard             -----------------
listened       : HotplugCtrlStatus: 458765, 
               : Health: 294920, 
               : Eid: 917531, 
               : PrePlug: 917531, 
               : FDMFault: 294920, 
               : ReplaceFlag: 294920, 
--------------------- MeInfo              -----------------
listened       : CpuTjmax: 688148, 
--------------------- PMEServiceConfig    -----------------
listened       : BoardInfoCollectEnable: 753686, 
--------------------- PRODUCT             -----------------
listened       : SessionTokenLength: 327689, 
--------------------- MemChannelMap       -----------------
=====================fwrite info============================
fm sync fwrite cnt: 0
log fwrite cnt: 0
fm setcontent fwrite cnt: 0
