==========================object===========================
----------------- ComSASPHY                     -----------
ref count      : 1
.Health         : listened by port : 294920, 
----------------- DftVersion:C                  -----------
ref count      : 1
----------------- RaidCPLDVer-1                 -----------
ref count      : 1
----------------- SSLCert4CertMonitor           -----------
ref count      : 1
----------------- MutualAuthRootCertMonitor8    -----------
ref count      : 1
----------------- dft_AVS_Test                  -----------
ref count      : 1
----------------- LDAPCert1_9                   -----------
ref count      : 1
----------------- MutualAuthRootCrlMonitor13    -----------
ref count      : 1
----------------- BMCSol                        -----------
ref count      : 1
----------------- BackupUbootVer                -----------
ref count      : 1
----------------- ComMemory020                  -----------
ref count      : 1
.Health         : listened by port : 294920, 
----------------- UbootVer                      -----------
ref count      : 1
----------------- PSeventConnector              -----------
ref count      : 1
----------------- MutualAuthRootCertMonitor9    -----------
ref count      : 1
----------------- pca9545_chan3                 -----------
ref count      : 1
----------------- NpuLog                        -----------
ref count      : 1
----------------- MutualAuthRootCrlMonitor14    -----------
ref count      : 1
----------------- ComMemory021                  -----------
ref count      : 1
.Health         : listened by port : 294920, 
----------------- BaseboardConnector            -----------
ref count      : 1
----------------- hddbp_48_PcieAddr_Connector   -----------
ref count      : 1
----------------- ComSASExpander0-2             -----------
ref count      : 1
.Health         : listened by port : 294920, 
----------------- RaidCardConnect               -----------
ref count      : 1
----------------- RiserCard1BoardIdAccessor     -----------
ref count      : 1
----------------- FruNameConnector-901          -----------
ref count      : 1
----------------- pca9545_chan4                 -----------
ref count      : 1
----------------- MutualAuthRootCrlMonitor15    -----------
ref count      : 1
----------------- OsresetVideoFileInfo          -----------
ref count      : 1
----------------- Hdd3-2                        -----------
ref count      : 1
.RebuildState   : listened by port : 294920, 
.Presence       : listened by port : 294920, 
.Id             : listened by port : 229382, 491534, 
.ReplaceFlag    : listened by port : 294920, 
----------------- ComMemory100                  -----------
ref count      : 1
.Health         : listened by port : 294920, 
----------------- LDAPCertMonitor4_10           -----------
ref count      : 1
----------------- HddBackplaneFru-2             -----------
ref count      : 1
----------------- SSLCert4                      -----------
ref count      : 1
.Expiration     : send event count: 1
.SerialNumber   : send event count: 1
.KeyUsage       : send event count: 1
.SSLMasterKeyId : listened by port : 851993, 
.CertStatus     : listened by port : 589841, 
.IssuerInfo     : send event count: 1
.CertType       : send event count: 1
.SigAlgorithm   : send event count: 1
.StartTime      : send event count: 1
.KeyLength      : send event count: 1
.SubjectInfo    : send event count: 1
----------------- CardNameVariantExp-901        -----------
ref count      : 1
.B              : send event count: 1
.Value          : send event count: 2
.A              : send event count: 1
.C              : send event count: 1
.Index          : send event count: 1
----------------- UpgradeCpldConnector          -----------
ref count      : 1
----------------- LDAPGroup3_0                  -----------
ref count      : 1
----------------- MutualAuthRootCrlMonitor16    -----------
ref count      : 1
----------------- LomCard1Connect               -----------
ref count      : 1
----------------- RearBackplanePca9555          -----------
ref count      : 1
----------------- RearBpPcbIdPca9555Accessor    -----------
ref count      : 1
----------------- LDAPCertMonitor6_1            -----------
ref count      : 1
----------------- ComMemory101                  -----------
ref count      : 1
.Health         : listened by port : 294920, 
----------------- LDAPCert2_10                  -----------
ref count      : 1
----------------- SSLCert5                      -----------
ref count      : 1
.SSLMasterKeyId : listened by port : 851993, 
.CertStatus     : listened by port : 589841, 
----------------- CardNameVariantExp-902        -----------
ref count      : 1
.B              : send event count: 1
.Value          : send event count: 2
.A              : send event count: 1
.C              : send event count: 1
.Index          : send event count: 1
----------------- OperateLogFileInfo            -----------
ref count      : 1
----------------- LDAPGroup3_1                  -----------
ref count      : 1
----------------- RunLogFileInfo                -----------
ref count      : 1
----------------- MutualAuthRootCertMonitor10   -----------
ref count      : 1
----------------- ComCpu1                       -----------
ref count      : 1
.Health         : listened by port : 294920, 
----------------- ComPowerSupply-5              -----------
ref count      : 1
.Health         : listened by port : 294920, 
----------------- LDAPCertMonitor6_2            -----------
ref count      : 1
----------------- RearBpBoardIdPca9555Accessor  -----------
ref count      : 1
----------------- ComRiserCard-e                -----------
ref count      : 1
.Health         : listened by port : 294920, 
----------------- SSLCert6                      -----------
ref count      : 1
.SSLMasterKeyId : listened by port : 851993, 
.CertStatus     : listened by port : 589841, 
----------------- rear9545_chan                 -----------
ref count      : 1
----------------- dft_item_lm75_inlet_temp      -----------
ref count      : 1
----------------- LDAPGroup3_2                  -----------
ref count      : 1
----------------- FlashTest                     -----------
ref count      : 1
----------------- MutualAuthRootCertMonitor11   -----------
ref count      : 1
----------------- RiserCard1Connect             -----------
ref count      : 1
----------------- ComPowerSupply-6              -----------
ref count      : 1
.Health         : listened by port : 294920, 
----------------- LDAPCertMonitor6_3            -----------
ref count      : 1
----------------- CardDescVariantExp-802        -----------
ref count      : 1
.B              : send event count: 1
.Value          : send event count: 2
.A              : send event count: 1
.C              : send event count: 1
.Index          : send event count: 1
----------------- CardDescVariantExp-801        -----------
ref count      : 1
.B              : send event count: 1
.Value          : send event count: 2
.A              : send event count: 1
.C              : send event count: 1
.Index          : send event count: 1
----------------- SSLCert7                      -----------
ref count      : 1
.SSLMasterKeyId : listened by port : 851993, 
.CertStatus     : listened by port : 589841, 
----------------- ComHdd5-2                     -----------
ref count      : 1
.Health         : listened by port : 294920, 
----------------- LDAPGroup3_3                  -----------
ref count      : 1
----------------- ComCpu2                       -----------
ref count      : 1
.Health         : listened by port : 294920, 
----------------- MutualAuthRootCertMonitor12   -----------
ref count      : 1
----------------- riser2_pca9545_chip           -----------
ref count      : 1
----------------- Hi1711Test                    -----------
ref count      : 1
----------------- LDAPCertMonitor6_4            -----------
ref count      : 1
----------------- VariantExpression:C           -----------
ref count      : 1
----------------- VMDStateAccessor              -----------
ref count      : 1
----------------- SSLCert8                      -----------
ref count      : 1
.SSLMasterKeyId : listened by port : 851993, 
.CertStatus     : listened by port : 589841, 
----------------- AirCoolingConfigConnector     -----------
ref count      : 1
----------------- hddBP_type_accessor           -----------
ref count      : 1
----------------- LDAPGroup3_4                  -----------
ref count      : 1
----------------- ComMemory050                  -----------
ref count      : 1
.Health         : listened by port : 294920, 
----------------- MutualAuthRootCertMonitor13   -----------
ref count      : 1
----------------- ComMemory051                  -----------
ref count      : 1
.Health         : listened by port : 294920, 
----------------- LDAPCertMonitor6_5            -----------
ref count      : 1
----------------- reset_i2c5_pca9545            -----------
ref count      : 1
----------------- SSLCert9                      -----------
ref count      : 1
.SSLMasterKeyId : listened by port : 851993, 
.CertStatus     : listened by port : 589841, 
----------------- MeTest                        -----------
ref count      : 1
----------------- PcbVersion-8                  -----------
ref count      : 1
----------------- MutualAuthRootCertMonitor14   -----------
ref count      : 1
----------------- ComMemory130                  -----------
ref count      : 1
.Health         : listened by port : 294920, 
----------------- LDAPCertMonitor6_6            -----------
ref count      : 1
----------------- PcbVersion-2                  -----------
ref count      : 1
----------------- FruNameConnector-902          -----------
ref count      : 1
----------------- ComFan1                       -----------
ref count      : 1
.Health         : listened by port : 294920, 
----------------- PcbVersion-9                  -----------
ref count      : 1
----------------- ComMemory                     -----------
ref count      : 1
.Health         : listened by port : 294920, 
----------------- VirtualWire:C                 -----------
ref count      : 1
----------------- MutualAuthRootCertMonitor15   -----------
ref count      : 1
----------------- LDAPCertMonitor6_7            -----------
ref count      : 1
----------------- BMC                           -----------
ref count      : 1
.L0FWVersion    : send event count: 1
.DriverVersion  : send event count: 1
.UbootVersion   : send event count: 1
.L0FWBackupVer  : send event count: 1
.BmcStartFlag   : send event count: 1
.L1FWVersion    : send event count: 1
.DriverBuilt    : send event count: 1
.CpldVersion    : send event count: 1
.L0FWBuilt      : send event count: 1
.L1FWBuilt      : send event count: 1
.HostName       : listened by port : 294920, 917531, 163844, 589841, 
.PMEBuilt       : send event count: 1
.DIEID          : send event count: 1
.L1FWBackupVerBuilt : send event count: 1
.CustomManufacturer : listened by port : 655379, 
.CpldVerReg     : send event count: 1
.TimeSyncSuccess : send event count: 1
.L0FWBackupVerBuilt : send event count: 1
.DeviceGuid     : send event count: 1
.SystemGuid     : send event count: 1
.L1FWBackupVer  : send event count: 1
.UbootBackupVer : send event count: 1
----------------- WeakPwsDictFile               -----------
ref count      : 1
----------------- ComMemory131                  -----------
ref count      : 1
.Health         : listened by port : 294920, 
----------------- ComButton                     -----------
ref count      : 1
.Health         : listened by port : 294920, 
----------------- LDAPCertMonitor2_1            -----------
ref count      : 1
----------------- ComFan2                       -----------
ref count      : 1
.Health         : listened by port : 294920, 
----------------- CardExp-801                   -----------
ref count      : 1
.Value          : send event count: 2 : listened by port : 294920, 
----------------- MutualAuthRootCertMonitor16   -----------
ref count      : 1
----------------- LDAPCert4_1                   -----------
ref count      : 1
----------------- HddInner1-2                   -----------
ref count      : 1
.RebuildState   : listened by port : 294920, 
.Presence       : listened by port : 294920, 
.Id             : listened by port : 229382, 491534, 
.ReplaceFlag    : listened by port : 294920, 
----------------- LDAPCertMonitor6_8            -----------
ref count      : 1
----------------- LDAPCommon                    -----------
ref count      : 1
----------------- ComHdd1-2                     -----------
ref count      : 1
.Health         : listened by port : 294920, 
----------------- dft_item_lm75_MB_temp         -----------
ref count      : 1
----------------- Raid-1                        -----------
ref count      : 1
.Health         : listened by port : 294920, 
.ReplaceFlag    : listened by port : 294920, 
----------------- LDAPCertMonitor2_2            -----------
ref count      : 1
----------------- RiserCard1BoardIdCpldAccessor -----------
ref count      : 1
----------------- RaidFru-1                     -----------
ref count      : 1
----------------- ComFan3                       -----------
ref count      : 1
.Health         : listened by port : 294920, 
----------------- LDAPCert4_2                   -----------
ref count      : 1
----------------- BiosCurrentValue              -----------
ref count      : 1
----------------- LDAPCertMonitor6_9            -----------
ref count      : 1
----------------- CardExp-802                   -----------
ref count      : 1
.Value          : send event count: 2 : listened by port : 294920, 
----------------- PcieCard-902                  -----------
ref count      : 1
.FatalError     : listened by port : 294920, 
.FDMFault       : listened by port : 294920, 
.Health         : listened by port : 294920, 
.ReplaceFlag    : listened by port : 294920, 
----------------- PcieCard-901                  -----------
ref count      : 1
.FatalError     : listened by port : 294920, 
.FDMFault       : listened by port : 294920, 
.Health         : listened by port : 294920, 
.ReplaceFlag    : listened by port : 294920, 
----------------- LDAPCertMonitor2_3            -----------
ref count      : 1
----------------- ComFan4                       -----------
ref count      : 1
.Health         : listened by port : 294920, 
----------------- LDAPCert4_3                   -----------
ref count      : 1
----------------- ComRaidCard                   -----------
ref count      : 1
.Health         : listened by port : 294920, 
----------------- SyslogRootCertMonitor         -----------
ref count      : 1
----------------- LDAPCertMonitor2_4            -----------
ref count      : 1
----------------- Fru:C                         -----------
ref count      : 1
----------------- LpcTest                       -----------
ref count      : 1
----------------- PCIeFPGACard:C                -----------
ref count      : 1
----------------- LDAPCert4_4                   -----------
ref count      : 1
----------------- BOARD                         -----------
ref count      : 1
.BmcClearPwInStatus : send event count: 1
.SlotId         : listened by port : 917531, 753686, 
----------------- ComHddInner3-2                -----------
ref count      : 1
.Health         : listened by port : 294920, 
----------------- Riser3Card9555                -----------
ref count      : 1
----------------- VRDUpgradeMgnt                -----------
ref count      : 1
----------------- LDAPCertMonitor2_5            -----------
ref count      : 1
----------------- PcieCardMcuVer-902            -----------
ref count      : 1
----------------- AlarmNameVariantExp-801       -----------
ref count      : 1
.B              : send event count: 1
.Value          : send event count: 2
.A              : send event count: 1
.C              : send event count: 1
.Index          : send event count: 1
----------------- M2_BDFPort1_exp               -----------
ref count      : 1
.Value          : send event count: 1
----------------- LDAPCert4_5                   -----------
ref count      : 1
----------------- ComMemory160                  -----------
ref count      : 1
.Health         : listened by port : 294920, 
----------------- RearBackplanePcbIdWriteToCpld -----------
ref count      : 1
.Destination    : send event count: 1
----------------- LicenseFileExport             -----------
ref count      : 1
----------------- SystemManagerInfo:C           -----------
ref count      : 1
----------------- BiosNetconfig                 -----------
ref count      : 1
----------------- LDAPCertMonitor2_6            -----------
ref count      : 1
----------------- BMCBlackbox                   -----------
ref count      : 1
----------------- LDAPCert4_6                   -----------
ref count      : 1
----------------- iManaFirmware                 -----------
ref count      : 1
----------------- I2CTest-8                     -----------
ref count      : 1
----------------- PcieCardMcuVer-901            -----------
ref count      : 1
----------------- ComMemory161                  -----------
ref count      : 1
.Health         : listened by port : 294920, 
----------------- AlarmNameVariantExp-802       -----------
ref count      : 1
.B              : send event count: 1
.Value          : send event count: 2
.A              : send event count: 1
.C              : send event count: 1
.Index          : send event count: 1
----------------- BMCCoreManagement:C           -----------
ref count      : 1
----------------- LDAPCertMonitor2_7            -----------
ref count      : 1
----------------- SensorConnect                 -----------
ref count      : 1
----------------- I2CTest-9                     -----------
ref count      : 1
----------------- LDAPCert4_7                   -----------
ref count      : 1
----------------- InnerBackplanePcbIdCpldAccessor-----------
ref count      : 1
----------------- HDDBackplane:C                -----------
ref count      : 1
----------------- PcbVersion-802                -----------
ref count      : 1
----------------- LDAPCertMonitor2_8            -----------
ref count      : 1
----------------- SSLCert12CertMonitor          -----------
ref count      : 1
----------------- ComPort2-3                    -----------
ref count      : 1
.Health         : listened by port : 294920, 
----------------- LDAPCert4_8                   -----------
ref count      : 1
----------------- SSLWorkKey                    -----------
ref count      : 1
.WorkKey        : recv event count: 1 : listened by port : 753686, 
----------------- BOARD:C                       -----------
ref count      : 1
----------------- LDAPCertMonitor2_9            -----------
ref count      : 1
----------------- SecurityLogFileInfo           -----------
ref count      : 1
----------------- ComBMA                        -----------
ref count      : 1
.Health         : listened by port : 294920, 
----------------- LDAPCert4_9                   -----------
ref count      : 1
----------------- ComPort2-4                    -----------
ref count      : 1
.Health         : listened by port : 294920, 
----------------- Riser2PcbIdAccessor           -----------
ref count      : 1
----------------- RearBackplaneBoardIdWriteToCpld-----------
ref count      : 1
----------------- LDAPCertMonitor5_10           -----------
ref count      : 1
----------------- LDAP                          -----------
ref count      : 1
.BindDNPswMasterKeyId : listened by port : 851993, 
----------------- LDAPCert3_10                  -----------
ref count      : 1
----------------- M2TrnsCardSlot1Connect-8      -----------
ref count      : 1
----------------- ComBMC                        -----------
ref count      : 1
.Health         : listened by port : 294920, 
----------------- ADCConnector                  -----------
ref count      : 1
----------------- InnerBpPcbIdPca9555Accessor   -----------
ref count      : 1
----------------- ServiceTypeWriteToCpld        -----------
ref count      : 1
----------------- RaidPcbVersion-1              -----------
ref count      : 1
----------------- DiskArrayConnector-1          -----------
ref count      : 1
----------------- MutualAuthenticationCliCert:C -----------
ref count      : 1
----------------- M2TrnsCardSlot1Connect-9      -----------
ref count      : 1
----------------- Hdd6-2                        -----------
ref count      : 1
.RebuildState   : listened by port : 294920, 
.Presence       : listened by port : 294920, 
.Id             : listened by port : 229382, 491534, 
.ReplaceFlag    : listened by port : 294920, 
----------------- BiosChanged0                  -----------
ref count      : 1
----------------- iBMAUSBMassStorage            -----------
ref count      : 1
----------------- MotherBoard                   -----------
ref count      : 1
----------------- LDAPGroup6_0                  -----------
ref count      : 1
----------------- MutualAuthenticationRootCert:C-----------
ref count      : 1
----------------- USBMassStorage0               -----------
ref count      : 1
----------------- HddVirtualAnchor-2            -----------
ref count      : 1
----------------- SecurityModuleConnect         -----------
ref count      : 1
----------------- ComHdd8-2                     -----------
ref count      : 1
.Health         : listened by port : 294920, 
----------------- LDAPGroup6_1                  -----------
ref count      : 1
----------------- GPUElabel-801                 -----------
ref count      : 1
.MfgDateTime    : recv event count: 2 : listened by port : 753686, 
.ProductAssetTag : listened by port : 294920, 
.BoardSerialNumber : listened by port : 294920, 65537, 
.ChassisSerialNumber : listened by port : 294920, 
----------------- RiserCard2BoardIdCpldAccessor -----------
ref count      : 1
----------------- dft_item_cpu2mem01_volt       -----------
ref count      : 1
----------------- OnePower:C                    -----------
ref count      : 1
----------------- LDAPGroup6_2                  -----------
ref count      : 1
----------------- SpFwUpdate                    -----------
ref count      : 1
----------------- i2c_1                         -----------
ref count      : 1
----------------- LDAPCommon:C                  -----------
ref count      : 1
----------------- GPUElabel-802                 -----------
ref count      : 1
.MfgDateTime    : recv event count: 2 : listened by port : 753686, 
.ProductAssetTag : listened by port : 294920, 
.BoardSerialNumber : listened by port : 294920, 65537, 
.ChassisSerialNumber : listened by port : 294920, 
----------------- SSLCert10CertMonitor          -----------
ref count      : 1
----------------- PcieCard-801                  -----------
ref count      : 1
.FatalError     : listened by port : 294920, 
.FDMFault       : listened by port : 294920, 
.Health         : listened by port : 294920, 
.ReplaceFlag    : listened by port : 294920, 
----------------- WebSSLCert                    -----------
ref count      : 1
----------------- LDAPGroup6_3                  -----------
ref count      : 1
----------------- i2c_2                         -----------
ref count      : 1
----------------- RearBackplanePcbIdCpldAccessor-----------
ref count      : 1
----------------- Common                        -----------
ref count      : 1
----------------- SSL:C                         -----------
ref count      : 1
----------------- VRDConnector                  -----------
ref count      : 1
----------------- FANClass:C                    -----------
ref count      : 1
----------------- FpTest                        -----------
ref count      : 1
----------------- LDAPGroup6_4                  -----------
ref count      : 1
----------------- InnerBackplaneConnect         -----------
ref count      : 1
----------------- BackupPMEVer                  -----------
ref count      : 1
----------------- dft_item_pca9555_raid-1       -----------
ref count      : 1
----------------- RiserCard3Connect             -----------
ref count      : 1
----------------- dft_item_lm75_temp-9          -----------
ref count      : 1
----------------- ComCPU2Memory                 -----------
ref count      : 1
.Health         : listened by port : 294920, 
----------------- dft_item_lm75_temp-8          -----------
ref count      : 1
----------------- Bios                          -----------
ref count      : 1
.PcieCardBDF    : listened by port : 458765, 
.MenuChangeFlag : listened by port : 458765, 
.StartOption    : listened by port : 131075, 
.PcieDiskBDF    : listened by port : 458765, 
.OCPCardBDF     : listened by port : 458765, 
.SystemStartupState : listened by port : 917531, 491534, 
.BiosBootStage  : listened by port : 458765, 
.BiosPwdMasterKeyId : listened by port : 851993, 
----------------- KRBCommon:C                   -----------
ref count      : 1
----------------- NTP:C                         -----------
ref count      : 1
----------------- TransferFile:C                -----------
ref count      : 1
----------------- i2c_4                         -----------
ref count      : 1
----------------- SyslogClientCert              -----------
ref count      : 1
----------------- MutualAuthentication          -----------
ref count      : 1
.MutualAuthenticationOCSP : listened by port : 851993, 589841, 
.MutualAuthenticationState : listened by port : 851993, 589841, 
.MutualAuthenticationCRL : listened by port : 589841, 
----------------- Hdd2-2                        -----------
ref count      : 1
.RebuildState   : listened by port : 294920, 
.Presence       : listened by port : 294920, 
.Id             : listened by port : 229382, 491534, 
.ReplaceFlag    : listened by port : 294920, 
----------------- ComPS                         -----------
ref count      : 1
.Health         : listened by port : 294920, 
----------------- FANConnector                  -----------
ref count      : 1
----------------- FruNameConnector-801          -----------
ref count      : 1
----------------- i2c_5                         -----------
ref count      : 1
----------------- YangtzeMemory                 -----------
ref count      : 1
----------------- ProductConnector              -----------
ref count      : 1
----------------- LDAPGroup2_0                  -----------
ref count      : 1
----------------- VirHddBackCardConnect         -----------
ref count      : 1
----------------- VirRearBpConnect              -----------
ref count      : 1
----------------- ComMemory001                  -----------
ref count      : 1
.Health         : listened by port : 294920, 
----------------- ComMemory000                  -----------
ref count      : 1
.Health         : listened by port : 294920, 
----------------- LDAPCertMonitor5_1            -----------
ref count      : 1
----------------- FruNameConnector-802          -----------
ref count      : 1
----------------- MutualAuthenticationCliCert1  -----------
ref count      : 1
----------------- i2c_6                         -----------
ref count      : 1
----------------- ComHdd4-2                     -----------
ref count      : 1
.Health         : listened by port : 294920, 
----------------- LDAPGroup2_1                  -----------
ref count      : 1
----------------- MutualAuthCliCertMonitor10    -----------
ref count      : 1
----------------- SSLCert9CertMonitor           -----------
ref count      : 1
----------------- HttpsServerRootCert           -----------
ref count      : 1
----------------- CardNameVariantExp-802        -----------
ref count      : 1
.B              : send event count: 1
.Value          : send event count: 2
.A              : send event count: 1
.C              : send event count: 1
.Index          : send event count: 1
----------------- LDAPCertMonitor5_2            -----------
ref count      : 1
----------------- PartNumVariantExp-901         -----------
ref count      : 1
.B              : send event count: 1
.Value          : send event count: 2
.A              : send event count: 1
.C              : send event count: 1
.Index          : send event count: 1
----------------- MutualAuthenticationCliCert2  -----------
ref count      : 1
----------------- dft_item_rtc_volt             -----------
ref count      : 1
----------------- LDAPGroup2_2                  -----------
ref count      : 1
----------------- MutualAuthCliCertMonitor11    -----------
ref count      : 1
----------------- risercard-e                   -----------
ref count      : 1
.Health         : listened by port : 294920, 
.ReplaceFlag    : listened by port : 294920, 
----------------- MainBoardBoardIdWriteToCpld   -----------
ref count      : 1
.Destination    : send event count: 1
----------------- dft_item_cpu1mem01_volt       -----------
ref count      : 1
----------------- LDAPCertMonitor5_3            -----------
ref count      : 1
----------------- ComSystem                     -----------
ref count      : 1
.Health         : listened by port : 294920, 
----------------- PartNumVariantExp-902         -----------
ref count      : 1
.B              : send event count: 1
.Value          : send event count: 2
.A              : send event count: 1
.C              : send event count: 1
.Index          : send event count: 1
----------------- MutualAuthenticationCliCert3  -----------
ref count      : 1
----------------- RiserCard1BoardIdWriteToCpld  -----------
ref count      : 1
.Condition      : send event count: 1
.Data           : send event count: 1
.Destination    : send event count: 1
----------------- MutualAuthCliCertMonitor12    -----------
ref count      : 1
----------------- rtc_accessor                  -----------
ref count      : 1
----------------- BiosOption0                   -----------
ref count      : 1
----------------- M2_BDFPort0_exp               -----------
ref count      : 1
.Value          : send event count: 1
----------------- LDAPCertMonitor5_4            -----------
ref count      : 1
----------------- BiosSecureBootCertMonitor     -----------
ref count      : 1
----------------- EthGroup0                     -----------
ref count      : 1
.IpMode         : listened by port : 753686, 851993, 
.VlanState      : listened by port : 917531, 
.SLAACIpv6Addr  : listened by port : 917531, 589841, 
.Ipv6Addr       : listened by port : 917531, 851993, 589841, 
.SubnetMask     : listened by port : 851993, 
.Ipv6Mode       : listened by port : 753686, 851993, 
.Type           : listened by port : 917531, 589841, 
.ActivePort     : listened by port : 917531, 589841, 
.IpVersion      : listened by port : 851993, 589841, 
.NetMode        : listened by port : 917531, 
.Ipv6LocalLink  : listened by port : 917531, 589841, 
.VlanID         : listened by port : 917531, 
.Ipv6DefaultGateway : listened by port : 851993, 
.Ipv6Prefix     : listened by port : 851993, 
.DefaultGateway : listened by port : 851993, 
.IpAddr         : listened by port : 917531, 851993, 819224, 589841, 
----------------- MutualAuthenticationCliCert4  -----------
ref count      : 1
----------------- RiserCard1PcbIdWriteToCpld    -----------
ref count      : 1
.Condition      : send event count: 1
.Data           : send event count: 1
.Destination    : send event count: 1
----------------- LDAPGroup2_3                  -----------
ref count      : 1
----------------- LDAPGroup2_4                  -----------
ref count      : 1
----------------- MutualAuthCliCertMonitor13    -----------
ref count      : 1
----------------- SMS:C                         -----------
ref count      : 1
----------------- PcieSlot1Connect-9            -----------
ref count      : 1
----------------- hynix                         -----------
ref count      : 1
----------------- HistoryPowerData              -----------
ref count      : 1
----------------- LDAPCertMonitor5_5            -----------
ref count      : 1
----------------- Hi1710IBus                    -----------
ref count      : 1
----------------- MutualAuthenticationCliCert5  -----------
ref count      : 1
----------------- RiserCardFru-e                -----------
ref count      : 1
----------------- PcieSlot1Connect-8            -----------
ref count      : 1
----------------- MutualAuthCliCertMonitor14    -----------
ref count      : 1
----------------- ComMemory030                  -----------
ref count      : 1
.Health         : listened by port : 294920, 
----------------- RiserCard3BoardIdAccessor     -----------
ref count      : 1
----------------- LDAPCertMonitor5_6            -----------
ref count      : 1
----------------- EthGroup2                     -----------
ref count      : 1
.IpMode         : listened by port : 753686, 851993, 
.VlanState      : listened by port : 917531, 
.SLAACIpv6Addr  : listened by port : 917531, 589841, 
.Ipv6Addr       : listened by port : 917531, 851993, 589841, 
.SubnetMask     : listened by port : 851993, 
.Ipv6Mode       : listened by port : 753686, 851993, 
.Type           : listened by port : 917531, 589841, 
.ActivePort     : listened by port : 917531, 589841, 
.IpVersion      : listened by port : 851993, 589841, 
.NetMode        : listened by port : 917531, 
.Ipv6LocalLink  : listened by port : 917531, 589841, 
.VlanID         : listened by port : 917531, 
.Ipv6DefaultGateway : listened by port : 851993, 
.Ipv6Prefix     : listened by port : 851993, 
.DefaultGateway : listened by port : 851993, 
.IpAddr         : listened by port : 917531, 851993, 819224, 589841, 
----------------- MutualAuthenticationCliCert6  -----------
ref count      : 1
----------------- CardNameVariantExp-801        -----------
ref count      : 1
.B              : send event count: 1
.Value          : send event count: 2
.A              : send event count: 1
.C              : send event count: 1
.Index          : send event count: 1
----------------- MutualAuthCliCertMonitor15    -----------
ref count      : 1
----------------- ComMemory031                  -----------
ref count      : 1
.Health         : listened by port : 294920, 
----------------- LDAPCertMonitor5_7            -----------
ref count      : 1
----------------- iBMAUSBMassStorage:C          -----------
ref count      : 1
----------------- MutualAuthenticationCliCert7  -----------
ref count      : 1
----------------- Hdd11-2                       -----------
ref count      : 1
.RebuildState   : listened by port : 294920, 
.Presence       : listened by port : 294920, 
.Id             : listened by port : 229382, 491534, 
.ReplaceFlag    : listened by port : 294920, 
----------------- LDAPCertMonitor1_1            -----------
ref count      : 1
----------------- RiserCard3BoardIdCpldAccessor -----------
ref count      : 1
----------------- MutualAuthCliCertMonitor16    -----------
ref count      : 1
----------------- BbuModuleConnect              -----------
ref count      : 1
----------------- LDAPCertMonitor6_10           -----------
ref count      : 1
----------------- TransferFileInfo:C            -----------
ref count      : 1
----------------- LDAPCertMonitor5_8            -----------
ref count      : 1
----------------- SelPacket                     -----------
ref count      : 1
----------------- NcsiAccessor                  -----------
ref count      : 1
----------------- MutualAuthenticationCliCert8  -----------
ref count      : 1
----------------- LDAPCert3_1                   -----------
ref count      : 1
----------------- LDAPCertMonitor1_2            -----------
ref count      : 1
----------------- SSLCert7CertMonitor           -----------
ref count      : 1
----------------- MutualAuthCliCertMonitor17    -----------
ref count      : 1
----------------- Connector:C                   -----------
ref count      : 1
----------------- LDAPCert4_10                  -----------
ref count      : 1
----------------- SanDisk                       -----------
ref count      : 1
----------------- LDAPCertMonitor5_9            -----------
ref count      : 1
----------------- ServiceTypeAccessor           -----------
ref count      : 1
----------------- M2TrnsCardSlot2Connect-9      -----------
ref count      : 1
----------------- MutualAuthenticationCliCert9  -----------
ref count      : 1
----------------- LDAPCert3_2                   -----------
ref count      : 1
----------------- LDAPCertMonitor1_3            -----------
ref count      : 1
----------------- RaidControllerConnector       -----------
ref count      : 1
----------------- InnerBPBoardIdPca9555Accessor -----------
ref count      : 1
----------------- HddInner0-2                   -----------
ref count      : 1
.RebuildState   : listened by port : 294920, 
.Presence       : listened by port : 294920, 
.Id             : listened by port : 229382, 491534, 
.ReplaceFlag    : listened by port : 294920, 
----------------- LDAPCert3_3                   -----------
ref count      : 1
----------------- ComPcieRiser3                 -----------
ref count      : 1
.Health         : listened by port : 294920, 
----------------- log_0                         -----------
ref count      : 1
----------------- dft_item_vcc_12v0             -----------
ref count      : 1
----------------- dft_item_vcc_12v2             -----------
ref count      : 1
----------------- ComMemory110                  -----------
ref count      : 1
.Health         : listened by port : 294920, 
----------------- ComPcieRiser1                 -----------
ref count      : 1
.Health         : listened by port : 294920, 
----------------- LDAPCertMonitor1_4            -----------
ref count      : 1
----------------- PcieCardMcuVer-801            -----------
ref count      : 1
----------------- RiserCard3PcbIdWriteToCpld    -----------
ref count      : 1
.Condition      : send event count: 1
.Data           : send event count: 1
.Destination    : send event count: 1
----------------- HDDBackplane-2                -----------
ref count      : 1
.ReplaceFlag    : listened by port : 294920, 
----------------- LDAPCert3_4                   -----------
ref count      : 1
----------------- Elabel:C                      -----------
ref count      : 1
----------------- ComHddInner2-2                -----------
ref count      : 1
.Health         : listened by port : 294920, 
----------------- InnerHddCard2-2               -----------
ref count      : 1
----------------- TransferFile                  -----------
ref count      : 1
----------------- dft_item_vcc_12v3             -----------
ref count      : 1
----------------- SyslogRootCert                -----------
ref count      : 1
----------------- LDAPCertMonitor1_5            -----------
ref count      : 1
----------------- ComHdd11-2                    -----------
ref count      : 1
.Health         : listened by port : 294920, 
----------------- Hdd9-2                        -----------
ref count      : 1
.RebuildState   : listened by port : 294920, 
.Presence       : listened by port : 294920, 
.Id             : listened by port : 229382, 491534, 
.ReplaceFlag    : listened by port : 294920, 
----------------- ComPS1                        -----------
ref count      : 1
.Health         : listened by port : 294920, 
----------------- LDAPServer2                   -----------
ref count      : 1
.BindDNPswMasterKeyId : listened by port : 851993, 
----------------- LDAPGroup0                    -----------
ref count      : 1
----------------- ComHdd0-2                     -----------
ref count      : 1
.Health         : listened by port : 294920, 
----------------- LDAPCert3_5                   -----------
ref count      : 1
----------------- M2TrnsCardSlot2Connect-8      -----------
ref count      : 1
----------------- Fru0Elabel-3                  -----------
ref count      : 1
.MfgDateTime    : recv event count: 1 : listened by port : 753686, 
.ProductAssetTag : listened by port : 294920, 
.BoardSerialNumber : listened by port : 294920, 65537, 
.ChassisSerialNumber : listened by port : 294920, 
----------------- RiserCard2PcbIdWriteToCpld    -----------
ref count      : 1
.Condition      : send event count: 1
.Data           : send event count: 1
.Destination    : send event count: 1
----------------- LDAPCertMonitor1_6            -----------
ref count      : 1
----------------- 4NVME_exp                     -----------
ref count      : 1
.Value          : listened by port : 294920, 
----------------- Component:C                   -----------
ref count      : 1
----------------- dft_item_vcc_12v4             -----------
ref count      : 1
----------------- LDAPCert3_6                   -----------
ref count      : 1
----------------- LDAPServer3                   -----------
ref count      : 1
.BindDNPswMasterKeyId : listened by port : 851993, 
----------------- gpio72_bus                    -----------
ref count      : 1
----------------- LDAPGroup1                    -----------
ref count      : 1
----------------- dft_item_vcc_12v5             -----------
ref count      : 1
----------------- MainBoardBoardIdCpldAccessor  -----------
ref count      : 1
----------------- LDAPCertMonitor1_7            -----------
ref count      : 1
----------------- Fru0Elabel-4                  -----------
ref count      : 1
.MfgDateTime    : recv event count: 1 : listened by port : 753686, 
.ProductAssetTag : listened by port : 294920, 
.BoardSerialNumber : listened by port : 294920, 65537, 
.ChassisSerialNumber : listened by port : 294920, 
----------------- ComPS2                        -----------
ref count      : 1
.Health         : listened by port : 294920, 
----------------- LDAPCert3_7                   -----------
ref count      : 1
----------------- LDAPServer4                   -----------
ref count      : 1
.BindDNPswMasterKeyId : listened by port : 851993, 
----------------- PoweroffVideoFileInfo         -----------
ref count      : 1
----------------- LDAPGroup2                    -----------
ref count      : 1
----------------- gpio72                        -----------
ref count      : 1
----------------- RearBackplaneConnect          -----------
ref count      : 1
----------------- LDAPCertMonitor1_8            -----------
ref count      : 1
----------------- dft_item_pca9545-8            -----------
ref count      : 1
----------------- Hi1710                        -----------
ref count      : 1
----------------- LDAPCert3_8                   -----------
ref count      : 1
----------------- LDAPServer5                   -----------
ref count      : 1
.BindDNPswMasterKeyId : listened by port : 851993, 
----------------- ComMemory141                  -----------
ref count      : 1
.Health         : listened by port : 294920, 
----------------- LDAPGroup3                    -----------
ref count      : 1
----------------- ComMemory060                  -----------
ref count      : 1
.Health         : listened by port : 294920, 
----------------- LomCardFru-3                  -----------
ref count      : 1
----------------- SSLCert5CertMonitor           -----------
ref count      : 1
----------------- LDAPCertMonitor1_9            -----------
ref count      : 1
----------------- dft_item_pca9545-9            -----------
ref count      : 1
----------------- ComPort1-3                    -----------
ref count      : 1
.Health         : listened by port : 294920, 
----------------- PSULocationExp-5              -----------
ref count      : 1
.Value          : send event count: 1
----------------- LDAPCert3_9                   -----------
ref count      : 1
----------------- InnerBackplanePresenceAccessor-----------
ref count      : 1
----------------- SSLEncryptKey:C               -----------
ref count      : 1
----------------- LDAPServer6                   -----------
ref count      : 1
.BindDNPswMasterKeyId : listened by port : 851993, 
----------------- DiskArrayDynamicConnector     -----------
ref count      : 1
----------------- reset_i2c4_pca9545            -----------
ref count      : 1
----------------- LDAPGroup4                    -----------
ref count      : 1
----------------- ComMemory140                  -----------
ref count      : 1
.Health         : listened by port : 294920, 
----------------- LomCardFru-4                  -----------
ref count      : 1
----------------- rtc-1                         -----------
ref count      : 1
----------------- PSULocationExp-6              -----------
ref count      : 1
.Value          : send event count: 1
----------------- ComCable                      -----------
ref count      : 1
.Health         : listened by port : 294920, 
----------------- CpldVerAccessor               -----------
ref count      : 1
----------------- ComPcieRiser2                 -----------
ref count      : 1
.Health         : listened by port : 294920, 
----------------- M2_pca9555_hddBP              -----------
ref count      : 1
----------------- LDAPCrlMonitor1               -----------
ref count      : 1
----------------- KRBCommon                     -----------
ref count      : 1
----------------- PcieCardMcuVer-802            -----------
ref count      : 1
----------------- IpmbTest                      -----------
ref count      : 1
----------------- CPLDTest                      -----------
ref count      : 1
----------------- ComMemory061                  -----------
ref count      : 1
.Health         : listened by port : 294920, 
----------------- Hdd5-2                        -----------
ref count      : 1
.RebuildState   : listened by port : 294920, 
.Presence       : listened by port : 294920, 
.Id             : listened by port : 229382, 491534, 
.ReplaceFlag    : listened by port : 294920, 
----------------- CdTest                        -----------
ref count      : 1
----------------- LDAPCrlMonitor2               -----------
ref count      : 1
----------------- MutualAuthClientCert          -----------
ref count      : 1
----------------- ComPcieCard-902               -----------
ref count      : 1
.Health         : listened by port : 294920, 
----------------- SystemManagerInfo0            -----------
ref count      : 1
----------------- LDAPCertMonitor1_10           -----------
ref count      : 1
----------------- LDAPGroup5_0                  -----------
ref count      : 1
----------------- VirtualConnector1-2           -----------
ref count      : 1
----------------- ProductComponent:C            -----------
ref count      : 1
----------------- PcieSlot2Connect-8            -----------
ref count      : 1
----------------- ComNICCard-3                  -----------
ref count      : 1
.Health         : listened by port : 294920, 
----------------- LDAPCrlMonitor3               -----------
ref count      : 1
----------------- dft_VDDQ_Test                 -----------
ref count      : 1
----------------- PCIeFPGACard-901              -----------
ref count      : 1
----------------- PsTest                        -----------
ref count      : 1
----------------- ComHdd7-2                     -----------
ref count      : 1
.Health         : listened by port : 294920, 
----------------- LDAPGroup5_1                  -----------
ref count      : 1
----------------- InsertClrPwAccessor           -----------
ref count      : 1
----------------- PowerSupply2Connect           -----------
ref count      : 1
----------------- PcieSlot2Connect-9            -----------
ref count      : 1
----------------- LDAPCrlMonitor4               -----------
ref count      : 1
----------------- LedTubeIntelligenceDftTest    -----------
ref count      : 1
----------------- ComMemory170                  -----------
ref count      : 1
.Health         : listened by port : 294920, 
----------------- ComPort1-4                    -----------
ref count      : 1
.Health         : listened by port : 294920, 
----------------- riser1_pca9545_chip           -----------
ref count      : 1
----------------- LDAPGroup5_2                  -----------
ref count      : 1
----------------- ComMemory111                  -----------
ref count      : 1
.Health         : listened by port : 294920, 
----------------- NTP                           -----------
ref count      : 1
.NtpPwdMasterKeyId : listened by port : 851993, 
.SysTimeJumpVal : listened by port : 753686, 
----------------- RemoteHttpsCrlMonitor1        -----------
ref count      : 1
----------------- LDAPCrlMonitor5               -----------
ref count      : 1
----------------- Chassis                       -----------
ref count      : 1
.ChassisNum     : listened by port : 917531, 
.Location       : listened by port : 294920, 
.ChassisName    : listened by port : 294920, 
----------------- HDDBackplaneBoardIdAccessor   -----------
ref count      : 1
----------------- RemoteHttpsCertMonitor1       -----------
ref count      : 1
----------------- SPITest                       -----------
ref count      : 1
----------------- ComChassis                    -----------
ref count      : 1
.Health         : listened by port : 294920, 
----------------- LDAPGroup5_3                  -----------
ref count      : 1
----------------- ComMemory171                  -----------
ref count      : 1
.Health         : listened by port : 294920, 
----------------- Sel                           -----------
ref count      : 1
.SELCleared     : listened by port : 294920, 
----------------- NandFlashTest                 -----------
ref count      : 1
----------------- RiserCard3PcbIdCpldAccessor   -----------
ref count      : 1
----------------- LDAPCrlMonitor6               -----------
ref count      : 1
----------------- Riser2Card9555                -----------
ref count      : 1
----------------- RemoteHttpsCrlMonitor2        -----------
ref count      : 1
----------------- RemoteHttpsCertMonitor2       -----------
ref count      : 1
----------------- EepromSelfTest                -----------
ref count      : 1
----------------- dft_VDDN_Test                 -----------
ref count      : 1
----------------- LDAPGroup5_4                  -----------
ref count      : 1
----------------- MainBoardPcbIdWriteToCpld     -----------
ref count      : 1
.Data           : send event count: 1
.Destination    : send event count: 1
----------------- CertMonitor:C                 -----------
ref count      : 1
----------------- DiceCert0                     -----------
ref count      : 1
----------------- RemoteHttpsCrlMonitor3        -----------
ref count      : 1
----------------- Riser1PcbIdAccessor           -----------
ref count      : 1
----------------- FruStatics:C                  -----------
ref count      : 1
----------------- ComNICCard-4                  -----------
ref count      : 1
.Health         : listened by port : 294920, 
----------------- RemoteHttpsCertMonitor3       -----------
ref count      : 1
----------------- M2TrnsCardSlot3Connect-8      -----------
ref count      : 1
----------------- Ipmb:C                        -----------
ref count      : 1
----------------- ComPcieCard-901               -----------
ref count      : 1
.Health         : listened by port : 294920, 
----------------- InnerBPBoardIdCpldAccessor    -----------
ref count      : 1
----------------- DiceCert1                     -----------
ref count      : 1
----------------- RemoteHttpsCrlMonitor4        -----------
ref count      : 1
----------------- sms0                          -----------
ref count      : 1
.MinPort        : listened by port : 294920, 
.BoBChannelType : listened by port : 950300, 917531, 819224, 589841, 
.MaxPort        : listened by port : 294920, 
.IPAddr         : listened by port : 294920, 655379, 
.UpdateStatus   : listened by port : 524303, 
.CdevChannelEnabled : listened by port : 950300, 
.RegisterState  : listened by port : 655379, 
.Port           : listened by port : 950300, 655379, 
----------------- i2c1_Riser3_pca9545_chip      -----------
ref count      : 1
----------------- PSUSensorConnect-5            -----------
ref count      : 1
----------------- RemoteHttpsCertMonitor4       -----------
ref count      : 1
----------------- M2SataSSDSlotConnect          -----------
ref count      : 1
----------------- M2TrnsCardSlot3Connect-9      -----------
ref count      : 1
----------------- ComRiserCard-8                -----------
ref count      : 1
.Health         : listened by port : 294920, 
----------------- Hdd1-2                        -----------
ref count      : 1
.RebuildState   : listened by port : 294920, 
.Presence       : listened by port : 294920, 
.Id             : listened by port : 229382, 491534, 
.ReplaceFlag    : listened by port : 294920, 
----------------- LDAPCert5_10                  -----------
ref count      : 1
----------------- RemoteHttpsCrlMonitor5        -----------
ref count      : 1
----------------- 4NVME_accessor                -----------
ref count      : 1
----------------- DiceCert2                     -----------
ref count      : 1
----------------- PSUSensorConnect-6            -----------
ref count      : 1
----------------- RemoteHttpsCertMonitor5       -----------
ref count      : 1
----------------- USBMassStorage:C              -----------
ref count      : 1
----------------- LDAPCertMonitor4_1            -----------
ref count      : 1
----------------- ComRiserCard-9                -----------
ref count      : 1
.Health         : listened by port : 294920, 
----------------- PRODUCT                       -----------
ref count      : 1
.SFPMaxTemp     : send event count: 139149
.SSDMaxTemp     : send event count: 185910
.ObtainDisksTempFailed : send event count: 103
.StorageConfigReady : send event count: 103
.DisksMaxTemp   : send event count: 51815
.SessionTokenLength : listened by port : 327689, 
----------------- Hdd8SataPresenceAccessor      -----------
ref count      : 1
----------------- LDAPCert6_1                   -----------
ref count      : 1
----------------- RemoteHttpsCrlMonitor6        -----------
ref count      : 1
----------------- ExternConnector               -----------
ref count      : 1
----------------- HddInner3-2                   -----------
ref count      : 1
.RebuildState   : listened by port : 294920, 
.Presence       : listened by port : 294920, 
.Id             : listened by port : 229382, 491534, 
.ReplaceFlag    : listened by port : 294920, 
----------------- ComHdd3-2                     -----------
ref count      : 1
.Health         : listened by port : 294920, 
----------------- RemoteHttpsCertMonitor6       -----------
ref count      : 1
----------------- LDAP:C                        -----------
ref count      : 1
----------------- MutualAuthRootCrlMonitor1     -----------
ref count      : 1
----------------- LDAPCertMonitor4_2            -----------
ref count      : 1
----------------- RaidElabel-1                  -----------
ref count      : 1
.MfgDateTime    : recv event count: 1 : listened by port : 753686, 
.ProductAssetTag : listened by port : 294920, 
.BoardSerialNumber : listened by port : 294920, 65537, 
.ChassisSerialNumber : listened by port : 294920, 
----------------- MutualAuthCRLImport           -----------
ref count      : 1
----------------- LDAPCert6_2                   -----------
ref count      : 1
----------------- RemoteHttpsCrlMonitor7        -----------
ref count      : 1
----------------- VLANConnector                 -----------
ref count      : 1
----------------- Riser1VirtualConnector        -----------
ref count      : 1
----------------- Toshiba                       -----------
ref count      : 1
----------------- RemoteHttpsCertMonitor7       -----------
ref count      : 1
----------------- MutualAuthRootCrlMonitor2     -----------
ref count      : 1
----------------- LDAPCertMonitor4_3            -----------
ref count      : 1
----------------- SyslogRootCrlMonitor          -----------
ref count      : 1
----------------- PartNumVariantExp-801         -----------
ref count      : 1
.B              : send event count: 1
.Value          : send event count: 2
.A              : send event count: 1
.C              : send event count: 1
.Index          : send event count: 1
----------------- LDAPCert6_3                   -----------
ref count      : 1
----------------- RemoteHttpsCrlMonitor8        -----------
ref count      : 1
----------------- GPUFru-901                    -----------
ref count      : 1
----------------- pcbid_accessor                -----------
ref count      : 1
----------------- PCIeFPGACard-902              -----------
ref count      : 1
----------------- RemoteHttpsCertMonitor8       -----------
ref count      : 1
----------------- ComRaidCard-1                 -----------
ref count      : 1
.Health         : listened by port : 294920, 
----------------- MutualAuthRootCrlMonitor3     -----------
ref count      : 1
----------------- LDAPCertMonitor4_4            -----------
ref count      : 1
----------------- FCPortConnector               -----------
ref count      : 1
----------------- RiserCard2Connect             -----------
ref count      : 1
----------------- LDAPCert6_4                   -----------
ref count      : 1
----------------- CPLDVer-2                     -----------
ref count      : 1
----------------- GPUFru-902                    -----------
ref count      : 1
----------------- PcbVersion-901                -----------
ref count      : 1
----------------- RiserCard2BoardIdWriteToCpld  -----------
ref count      : 1
.Condition      : send event count: 1
.Data           : send event count: 1
.Destination    : send event count: 1
----------------- MainBoardPcbIdCpldAccessor    -----------
ref count      : 1
----------------- LDAPCertMonitor4_5            -----------
ref count      : 1
----------------- MutualAuthRootCrlMonitor4     -----------
ref count      : 1
----------------- I2C4Test                      -----------
ref count      : 1
----------------- LDAPCert6_5                   -----------
ref count      : 1
----------------- OSEthConnector                -----------
ref count      : 1
----------------- RemoteHttpsServerRootCert:C   -----------
ref count      : 1
----------------- Contact:C                     -----------
ref count      : 1
----------------- PcbVersion-902                -----------
ref count      : 1
----------------- Ddr3Test                      -----------
ref count      : 1
----------------- MutualAuthRootCrlMonitor5     -----------
ref count      : 1
----------------- LDAPCertMonitor4_6            -----------
ref count      : 1
----------------- PartNumVariantExp-802         -----------
ref count      : 1
.B              : send event count: 1
.Value          : send event count: 2
.A              : send event count: 1
.C              : send event count: 1
.Index          : send event count: 1
----------------- SyslogCRLImport               -----------
ref count      : 1
----------------- LDAPCert6_6                   -----------
ref count      : 1
----------------- DiceCSR                       -----------
ref count      : 1
----------------- HddBackCardConnect            -----------
ref count      : 1
----------------- ComDiskBackplane              -----------
ref count      : 1
.Health         : listened by port : 294920, 
----------------- reset_i2c1_pca9545            -----------
ref count      : 1
----------------- MutualAuthRootCrlMonitor6     -----------
ref count      : 1
----------------- LDAPCertMonitor4_7            -----------
ref count      : 1
----------------- LDAPCert:C                    -----------
ref count      : 1
----------------- i2c4_pca9545_chip             -----------
ref count      : 1
----------------- LDAPCert6_7                   -----------
ref count      : 1
----------------- LdapRootCert                  -----------
ref count      : 1
----------------- Hdd10-2                       -----------
ref count      : 1
.RebuildState   : listened by port : 294920, 
.Presence       : listened by port : 294920, 
.Id             : listened by port : 229382, 491534, 
.ReplaceFlag    : listened by port : 294920, 
----------------- MutualAuthCliCertMonitor1     -----------
ref count      : 1
----------------- LDAPCert2_1                   -----------
ref count      : 1
----------------- PRODUCT:C                     -----------
ref count      : 1
----------------- MutualAuthRootCrlMonitor7     -----------
ref count      : 1
----------------- cpld1                         -----------
ref count      : 1
----------------- I2CTest-e                     -----------
ref count      : 1
----------------- LDAPCertMonitor4_8            -----------
ref count      : 1
----------------- LDAPCert6_8                   -----------
ref count      : 1
----------------- NtpGroupKey                   -----------
ref count      : 1
----------------- SSLCert13CertMonitor          -----------
ref count      : 1
----------------- LDAPGroup:C                   -----------
ref count      : 1
----------------- MutualAuthCliCertMonitor2     -----------
ref count      : 1
----------------- LDAPCert2_2                   -----------
ref count      : 1
----------------- DftItem:C                     -----------
ref count      : 1
----------------- LDAPCertMonitor4_9            -----------
ref count      : 1
----------------- MutualAuthRootCrlMonitor8     -----------
ref count      : 1
----------------- ComPort4-3                    -----------
ref count      : 1
.Health         : listened by port : 294920, 
----------------- Riser3VirtualConnector        -----------
ref count      : 1
----------------- LDAPCert6_9                   -----------
ref count      : 1
----------------- PysicalLedTest                -----------
ref count      : 1
----------------- ComPort4-4                    -----------
ref count      : 1
.Health         : listened by port : 294920, 
----------------- ComMemory010                  -----------
ref count      : 1
.Health         : listened by port : 294920, 
----------------- MutualAuthCliCertMonitor3     -----------
ref count      : 1
----------------- LDAPCert2_3                   -----------
ref count      : 1
----------------- PcbVersion-e                  -----------
ref count      : 1
----------------- MutualAuthRootCrlMonitor9     -----------
ref count      : 1
----------------- PcieSlot3Connect-8            -----------
ref count      : 1
----------------- NandFlash:C                   -----------
ref count      : 1
----------------- LDAPCertMonitor2_10           -----------
ref count      : 1
----------------- HddInner0PresenceAccessor     -----------
ref count      : 1
----------------- HddInner1PresenceAccessor     -----------
ref count      : 1
----------------- LedTubeDftTest                -----------
ref count      : 1
----------------- MutualAuthCliCertMonitor4     -----------
ref count      : 1
----------------- LDAPCert2_4                   -----------
ref count      : 1
----------------- Chassis:C                     -----------
ref count      : 1
----------------- PcieSlot3Connect-9            -----------
ref count      : 1
----------------- InnerHddCard1-2               -----------
ref count      : 1
----------------- FruStatics                    -----------
ref count      : 1
----------------- Riser2VirtualConnector        -----------
ref count      : 1
----------------- KRBGroup0                     -----------
ref count      : 1
----------------- ComHdd10-2                    -----------
ref count      : 1
.Health         : listened by port : 294920, 
----------------- Hdd8-2                        -----------
ref count      : 1
.RebuildState   : listened by port : 294920, 
.Presence       : listened by port : 294920, 
.Id             : listened by port : 229382, 491534, 
.ReplaceFlag    : listened by port : 294920, 
----------------- MutualAuthCliCertMonitor5     -----------
ref count      : 1
----------------- LDAPCert2_5                   -----------
ref count      : 1
----------------- DiceCertMonitor               -----------
ref count      : 1
----------------- PowerView                     -----------
ref count      : 1
----------------- reset_i2c6_pca9545            -----------
ref count      : 1
----------------- ComPcieCard-801               -----------
ref count      : 1
.Health         : listened by port : 294920, 
----------------- syspower                      -----------
ref count      : 1
----------------- KRBGroup1                     -----------
ref count      : 1
----------------- RearBPBoardIdCpldAccessor     -----------
ref count      : 1
----------------- Hdd9SataPresenceAccessor      -----------
ref count      : 1
----------------- M2TrnsCardSlot1Connect-e      -----------
ref count      : 1
----------------- MutualAuthCliCertMonitor6     -----------
ref count      : 1
----------------- LDAPCert2_6                   -----------
ref count      : 1
----------------- ComHddInner1-2                -----------
ref count      : 1
.Health         : listened by port : 294920, 
----------------- ChassisPayload                -----------
ref count      : 1
.RestartValue   : listened by port : 294920, 425996, 
.AcpiValue      : listened by port : 294920, 
.BoardStableStatus : listened by port : 819224, 
.AcpiStatus     : listened by port : 720917, 
.PwrButtonFlag  : listened by port : 294920, 
.PwrOkSigDrop   : listened by port : 294920, 
.ChassisPowerState : listened by port : 131075, 524303, 327689, 294920, 720917, 786455, 458765, 557072, 425996, 262151, 491534, 
.PowerGd        : listened by port : 688148, 
.ResetFlag      : listened by port : 294920, 524303, 327689, 786455, 458765, 557072, 425996, 491534, 
.SysResetFlag   : listened by port : 131075, 524303, 327689, 294920, 786455, 458765, 557072, 425996, 262151, 491534, 32768, 
----------------- ComPcieCard-802               -----------
ref count      : 1
.Health         : listened by port : 294920, 
----------------- LomCard2Connect               -----------
ref count      : 1
----------------- KRBGroup2                     -----------
ref count      : 1
----------------- BoardNameVariantExp-902       -----------
ref count      : 1
.B              : send event count: 1
.Value          : send event count: 2
.A              : send event count: 1
.C              : send event count: 1
.Index          : send event count: 1
----------------- RemoteHttpsServerRootCert1    -----------
ref count      : 1
----------------- PcieCard-802                  -----------
ref count      : 1
.FatalError     : listened by port : 294920, 
.FDMFault       : listened by port : 294920, 
.Health         : listened by port : 294920, 
.ReplaceFlag    : listened by port : 294920, 
----------------- MutualAuthCliCertMonitor7     -----------
ref count      : 1
----------------- LDAPCert2_7                   -----------
ref count      : 1
----------------- JTAGTest                      -----------
ref count      : 1
----------------- dft_item_cpu2mem23_volt       -----------
ref count      : 1
----------------- SDRVer                        -----------
ref count      : 1
----------------- BMC:C                         -----------
ref count      : 1
----------------- RiserCard2PcbIdCpldAccessor   -----------
ref count      : 1
----------------- KRBGroup3                     -----------
ref count      : 1
----------------- Upgrade                       -----------
ref count      : 1
.UpgradeFileMasterKeyId : listened by port : 851993, 
.Degrade        : listened by port : 557072, 
.UpgradedFlag   : listened by port : 753686, 131075, 851993, 294920, 425996, 655379, 589841, 
.PreRollbackFlag : listened by port : 753686, 131075, 851993, 294920, 425996, 655379, 589841, 
----------------- RemoteHttpsServerRootCert2    -----------
ref count      : 1
.IssueToCN      : send event count: 1
.KeyUsage       : send event count: 1
.FingerPrint    : send event count: 1
.SerialNumber   : send event count: 1
.IssueBy        : send event count: 1
.IssueByCN      : send event count: 1
.IssueTo        : send event count: 1
.SigAlgorithm   : send event count: 1
.KeyLength      : send event count: 1
.ValidTo        : send event count: 1
.ValidFrom      : send event count: 1
----------------- MutualAuthenticationRootCert1 -----------
ref count      : 1
.CRLFilePath    : listened by port : 589841, 
.hashId         : listened by port : 589841, 
.hashValue      : listened by port : 589841, 
----------------- MutualAuthCliCertMonitor8     -----------
ref count      : 1
----------------- SSLCert11CertMonitor          -----------
ref count      : 1
----------------- LDAPCert2_8                   -----------
ref count      : 1
----------------- RearBackplanePresenceAccessor -----------
ref count      : 1
----------------- ComLcd                        -----------
ref count      : 1
.Health         : listened by port : 294920, 
----------------- ComMemory041                  -----------
ref count      : 1
.Health         : listened by port : 294920, 
----------------- ComMemory040                  -----------
ref count      : 1
.Health         : listened by port : 294920, 
----------------- KRBGroup4                     -----------
ref count      : 1
----------------- KeyboardTest                  -----------
ref count      : 1
----------------- RemoteHttpsServerRootCert3    -----------
ref count      : 1
----------------- MutualAuthenticationRootCert2 -----------
ref count      : 1
.CRLFilePath    : listened by port : 589841, 
.hashId         : listened by port : 589841, 
.hashValue      : listened by port : 589841, 
----------------- MutualAuthCliCertMonitor9     -----------
ref count      : 1
----------------- LDAPCert2_9                   -----------
ref count      : 1
----------------- ComMemory120                  -----------
ref count      : 1
.Health         : listened by port : 294920, 
----------------- ComFan                        -----------
ref count      : 1
.Health         : listened by port : 294920, 
----------------- onepower-5                    -----------
ref count      : 1
.Health         : listened by port : 294920, 
.VinStatus      : listened by port : 294920, 
.PsType         : listened by port : 786455, 
.ReplaceFlag    : listened by port : 294920, 
----------------- Raiser1PresenceAccessor       -----------
ref count      : 1
----------------- PcbVersion                    -----------
ref count      : 1
----------------- BoardNameVariantExp-901       -----------
ref count      : 1
.B              : send event count: 1
.Value          : send event count: 2
.A              : send event count: 1
.C              : send event count: 1
.Index          : send event count: 1
----------------- RemoteHttpsServerRootCert4    -----------
ref count      : 1
----------------- RiserCard2BoardIdAccessor     -----------
ref count      : 1
----------------- LDAPCert6_10                  -----------
ref count      : 1
----------------- BmcDebugInfo                  -----------
ref count      : 1
----------------- MutualAuthenticationRootCert3 -----------
ref count      : 1
.CRLFilePath    : listened by port : 589841, 
.hashId         : listened by port : 589841, 
.hashValue      : listened by port : 589841, 
----------------- ComMemory011                  -----------
ref count      : 1
.Health         : listened by port : 294920, 
----------------- onepower-6                    -----------
ref count      : 1
.Health         : listened by port : 294920, 
.VinStatus      : listened by port : 294920, 
.PsType         : listened by port : 786455, 
.ReplaceFlag    : listened by port : 294920, 
----------------- ComMemory121                  -----------
ref count      : 1
.Health         : listened by port : 294920, 
----------------- HddInner2PresenceAccessor     -----------
ref count      : 1
----------------- Riser3PcbIdAccessor           -----------
ref count      : 1
----------------- RemoteHttpsServerRootCert5    -----------
ref count      : 1
----------------- MutualAuthenticationRootCert4 -----------
ref count      : 1
.CRLFilePath    : listened by port : 589841, 
.hashId         : listened by port : 589841, 
.hashValue      : listened by port : 589841, 
----------------- Ipmb                          -----------
ref count      : 1
----------------- BiosClpConfig                 -----------
ref count      : 1
----------------- dft_item_lm75_temp-e          -----------
ref count      : 1
----------------- PSUNameFormator-6             -----------
ref count      : 1
----------------- LicenseConnector              -----------
ref count      : 1
----------------- Hdd4-2                        -----------
ref count      : 1
.RebuildState   : listened by port : 294920, 
.Presence       : listened by port : 294920, 
.Id             : listened by port : 229382, 491534, 
.ReplaceFlag    : listened by port : 294920, 
----------------- Fru0Elabel                    -----------
ref count      : 1
.MfgDateTime    : recv event count: 1 : listened by port : 753686, 
.ProductAssetTag : listened by port : 294920, 
.BoardSerialNumber : listened by port : 294920, 65537, 
.ChassisSerialNumber : listened by port : 294920, 
----------------- RemoteHttpsServerRootCert6    -----------
ref count      : 1
----------------- MutualAuthenticationRootCert5 -----------
ref count      : 1
.CRLFilePath    : listened by port : 589841, 
.hashId         : listened by port : 589841, 
.hashValue      : listened by port : 589841, 
----------------- MainPMEVer                    -----------
ref count      : 1
----------------- VirInnerBpConnect             -----------
ref count      : 1
----------------- LDAPGroup4_0                  -----------
ref count      : 1
----------------- TwoFactorRootCert             -----------
ref count      : 1
----------------- PCIeFPGACard-801              -----------
ref count      : 1
----------------- VceTest                       -----------
ref count      : 1
----------------- RemoteHttpsServerRootCert7    -----------
ref count      : 1
----------------- MutualAuthenticationRootCert6 -----------
ref count      : 1
.CRLFilePath    : listened by port : 589841, 
.hashId         : listened by port : 589841, 
.hashValue      : listened by port : 589841, 
----------------- ProductComponent              -----------
ref count      : 1
.RiserCardNum   : send event count: 1
.NetCardNum     : send event count: 1
.RaidCardNum    : send event count: 1
.DiskNum        : send event count: 1
.FanNum         : send event count: 1
.PcieCardNum    : send event count: 1
.HddBackCardNum : send event count: 1
.PsNum          : send event count: 1
----------------- CpldBmcUpAccessor             -----------
ref count      : 1
----------------- LDAPGroup4_1                  -----------
ref count      : 1
----------------- PowerButtonTest               -----------
ref count      : 1
----------------- ComHdd6-2                     -----------
ref count      : 1
.Health         : listened by port : 294920, 
----------------- ComMemory070                  -----------
ref count      : 1
.Health         : listened by port : 294920, 
----------------- BiosSetting                   -----------
ref count      : 1
----------------- LocationIndexExp-5            -----------
ref count      : 1
.Value          : listened by port : 294920, 
----------------- CardDescVariantExp-901        -----------
ref count      : 1
.B              : send event count: 1
.Value          : send event count: 2
.A              : send event count: 1
.C              : send event count: 1
.Index          : send event count: 1
----------------- RemoteHttpsServerRootCert8    -----------
ref count      : 1
----------------- MutualAuthenticationRootCert7 -----------
ref count      : 1
.CRLFilePath    : listened by port : 589841, 
.hashId         : listened by port : 589841, 
.hashValue      : listened by port : 589841, 
----------------- dft_item_cpu1mem23_volt       -----------
ref count      : 1
----------------- RearBpVirtualConnector        -----------
ref count      : 1
----------------- LDAPGroup4_2                  -----------
ref count      : 1
----------------- RiserCard3BoardIdWriteToCpld  -----------
ref count      : 1
.Condition      : send event count: 1
.Data           : send event count: 1
.Destination    : send event count: 1
----------------- Eth2Test                      -----------
ref count      : 1
----------------- SSL                           -----------
ref count      : 1
.SSLMasterKeyId : listened by port : 851993, 
.SSLWorkKey     : send event count: 1
.CertStatus     : listened by port : 589841, 
----------------- LocationIndexExp-6            -----------
ref count      : 1
.Value          : listened by port : 294920, 
----------------- EthGroup:C                    -----------
ref count      : 1
----------------- CardDescVariantExp-902        -----------
ref count      : 1
.B              : send event count: 1
.Value          : send event count: 2
.A              : send event count: 1
.C              : send event count: 1
.Index          : send event count: 1
----------------- SSLCert10                     -----------
ref count      : 1
.SSLMasterKeyId : listened by port : 851993, 
.CertStatus     : listened by port : 589841, 
----------------- MutualAuthenticationRootCert8 -----------
ref count      : 1
.CRLFilePath    : listened by port : 589841, 
.hashId         : listened by port : 589841, 
.hashValue      : listened by port : 589841, 
----------------- TPMCardPresenceTest           -----------
ref count      : 1
----------------- InnerBackplanePcbIdWriteToCpld-----------
ref count      : 1
.Destination    : send event count: 1
----------------- LDAPGroup4_3                  -----------
ref count      : 1
----------------- ComMotherBoard                -----------
ref count      : 1
.Health         : listened by port : 294920, 
----------------- dft_item_lm75_outlet_temp     -----------
ref count      : 1
----------------- ComMemory150                  -----------
ref count      : 1
.Health         : listened by port : 294920, 
----------------- Upgrade:C                     -----------
ref count      : 1
----------------- VRDUpgradeMgnt:C              -----------
ref count      : 1
----------------- ComMemory071                  -----------
ref count      : 1
.Health         : listened by port : 294920, 
----------------- SSLCert11                     -----------
ref count      : 1
.SSLMasterKeyId : listened by port : 851993, 
.CertStatus     : listened by port : 589841, 
----------------- MutualAuthenticationRootCert9 -----------
ref count      : 1
.CRLFilePath    : listened by port : 589841, 
.hashId         : listened by port : 589841, 
.hashValue      : listened by port : 589841, 
----------------- PCIeFPGACard-802              -----------
ref count      : 1
----------------- LDAPGroup4_4                  -----------
ref count      : 1
----------------- PSUNameFormator-5             -----------
ref count      : 1
----------------- ComMemory151                  -----------
ref count      : 1
.Health         : listened by port : 294920, 
----------------- localbus1                     -----------
ref count      : 1
----------------- NandFlash                     -----------
ref count      : 1
.LifeThres      : send event count: 1
.VID            : send event count: 1
.WriteThres     : send event count: 1
.DftLifeThres   : send event count: 1
----------------- MutualAuthentication:C        -----------
ref count      : 1
----------------- SyslogClientCertMonitor       -----------
ref count      : 1
----------------- SSLCert12                     -----------
ref count      : 1
.SSLMasterKeyId : listened by port : 851993, 
.CertStatus     : listened by port : 589841, 
----------------- NandInfo:C                    -----------
ref count      : 1
----------------- MutualAuthenticationCliCert10 -----------
ref count      : 1
----------------- PcieSlot1Connect-e            -----------
ref count      : 1
----------------- BiosDisplay0                  -----------
ref count      : 1
----------------- Raiser2PresenceAccessor       -----------
ref count      : 1
----------------- SramTest                      -----------
ref count      : 1
----------------- BoardRTC:C                    -----------
ref count      : 1
----------------- SSLCert13                     -----------
ref count      : 1
.SSLMasterKeyId : listened by port : 851993, 
.CertStatus     : listened by port : 589841, 
----------------- MutualAuthenticationRootCert10-----------
ref count      : 1
.CRLFilePath    : listened by port : 589841, 
.hashId         : listened by port : 589841, 
.hashValue      : listened by port : 589841, 
----------------- Samsung                       -----------
ref count      : 1
----------------- MutualAuthenticationCliCert11 -----------
ref count      : 1
----------------- SecurityEnhance:C             -----------
ref count      : 1
----------------- PowerSupplyAnchor-5           -----------
ref count      : 1
----------------- Hdd0-2                        -----------
ref count      : 1
.RebuildState   : listened by port : 294920, 
.Presence       : listened by port : 294920, 
.Id             : listened by port : 229382, 491534, 
.ReplaceFlag    : listened by port : 294920, 
----------------- CardExp-901                   -----------
ref count      : 1
.Value          : send event count: 2 : listened by port : 294920, 
----------------- Contact                       -----------
ref count      : 1
----------------- BaseboardId                   -----------
ref count      : 1
----------------- MutualAuthenticationRootCert11-----------
ref count      : 1
.CRLFilePath    : listened by port : 589841, 
.hashId         : listened by port : 589841, 
.hashValue      : listened by port : 589841, 
----------------- LogicalDriveDynamicConnector  -----------
ref count      : 1
----------------- MutualAuthenticationCliCert12 -----------
ref count      : 1
----------------- LDAPCertMonitor3_1            -----------
ref count      : 1
----------------- PowerSupply1Connect           -----------
ref count      : 1
----------------- CardExp-902                   -----------
ref count      : 1
.Value          : send event count: 2 : listened by port : 294920, 
----------------- LDAPCert5_1                   -----------
ref count      : 1
----------------- HddInner2-2                   -----------
ref count      : 1
.RebuildState   : listened by port : 294920, 
.Presence       : listened by port : 294920, 
.Id             : listened by port : 229382, 491534, 
.ReplaceFlag    : listened by port : 294920, 
----------------- ComHdd2-2                     -----------
ref count      : 1
.Health         : listened by port : 294920, 
----------------- MutualAuthenticationRootCert12-----------
ref count      : 1
.CRLFilePath    : listened by port : 589841, 
.hashId         : listened by port : 589841, 
.hashValue      : listened by port : 589841, 
----------------- M2Disk1                       -----------
ref count      : 1
.RebuildState   : listened by port : 294920, 
.Presence       : listened by port : 294920, 
.Id             : listened by port : 229382, 491534, 
.ReplaceFlag    : listened by port : 294920, 
----------------- SSLCert8CertMonitor           -----------
ref count      : 1
----------------- MutualAuthenticationCliCert13 -----------
ref count      : 1
----------------- LDAPCertMonitor3_2            -----------
ref count      : 1
----------------- LDAPCertMonitor3_10           -----------
ref count      : 1
----------------- Hdd:C                         -----------
ref count      : 1
----------------- LDAPCert5_2                   -----------
ref count      : 1
----------------- M2Disk2                       -----------
ref count      : 1
.RebuildState   : listened by port : 294920, 
.Presence       : listened by port : 294920, 
.Id             : listened by port : 229382, 491534, 
.ReplaceFlag    : listened by port : 294920, 
----------------- HddInner3PresenceAccessor     -----------
ref count      : 1
----------------- MutualAuthenticationRootCert13-----------
ref count      : 1
.CRLFilePath    : listened by port : 589841, 
.hashId         : listened by port : 589841, 
.hashValue      : listened by port : 589841, 
----------------- PowerSupplyAnchor-6           -----------
ref count      : 1
----------------- LDAPCert1_10                  -----------
ref count      : 1
----------------- MutualAuthenticationCliCert14 -----------
ref count      : 1
----------------- InnerBackplanePca9555         -----------
ref count      : 1
----------------- LDAPCertMonitor3_3            -----------
ref count      : 1
----------------- LDAPCert5_3                   -----------
ref count      : 1
----------------- PMEServiceConfig              -----------
ref count      : 1
.BoardInfoCollectEnable : listened by port : 753686, 
----------------- InnerBPBoardIdWriteToCpld     -----------
ref count      : 1
----------------- KRBServer                     -----------
ref count      : 1
.BindDNPswMasterKeyId : listened by port : 851993, 
----------------- MutualAuthenticationRootCert14-----------
ref count      : 1
.CRLFilePath    : listened by port : 589841, 
.hashId         : listened by port : 589841, 
.hashValue      : listened by port : 589841, 
----------------- RiserCardFru-8                -----------
ref count      : 1
----------------- ClockConnector                -----------
ref count      : 1
----------------- MutualAuthenticationCliCert15 -----------
ref count      : 1
----------------- LDAPCertMonitor3_4            -----------
ref count      : 1
----------------- ExcludeHddConnector           -----------
ref count      : 1
----------------- FCCardConnector               -----------
ref count      : 1
----------------- LDAPCert5_4                   -----------
ref count      : 1
----------------- dft_item_pca9555_nic-3        -----------
ref count      : 1
----------------- Front8SASBp_exp               -----------
ref count      : 1
.Value          : listened by port : 294920, 
.Y              : send event count: 1
.X              : send event count: 1
----------------- RiserCardFru-9                -----------
ref count      : 1
----------------- MutualAuthenticationRootCert15-----------
ref count      : 1
.CRLFilePath    : listened by port : 589841, 
.hashId         : listened by port : 589841, 
.hashValue      : listened by port : 589841, 
----------------- BiosResult                    -----------
ref count      : 1
----------------- UidButtonTest                 -----------
ref count      : 1
----------------- MutualAuthenticationCliCert16 -----------
ref count      : 1
----------------- LDAPCertMonitor3_5            -----------
ref count      : 1
----------------- risercard-9                   -----------
ref count      : 1
.Health         : listened by port : 294920, 
.ReplaceFlag    : listened by port : 294920, 
----------------- i2c1_pca9545_chip             -----------
ref count      : 1
----------------- LDAPCert5_5                   -----------
ref count      : 1
----------------- dft_item_pca9555_nic-4        -----------
ref count      : 1
----------------- AlarmNameVariantExp-901       -----------
ref count      : 1
.B              : send event count: 1
.Value          : send event count: 2
.A              : send event count: 1
.C              : send event count: 1
.Index          : send event count: 1
----------------- PsElabel-5                    -----------
ref count      : 1
.MfgDateTime    : listened by port : 753686, 
.ProductAssetTag : listened by port : 294920, 
.BoardSerialNumber : listened by port : 294920, 65537, 
.ChassisSerialNumber : listened by port : 294920, 
----------------- MutualAuthenticationRootCert16-----------
ref count      : 1
.CRLFilePath    : listened by port : 589841, 
.hashId         : listened by port : 589841, 
.hashValue      : listened by port : 589841, 
----------------- PCIeNCSIVirConnector          -----------
ref count      : 1
----------------- MutualAuthenticationCliCert17 -----------
ref count      : 1
----------------- LDAPCertMonitor3_6            -----------
ref count      : 1
----------------- LogicalDriveConnector-1       -----------
ref count      : 1
----------------- RiserCard1PcbIdCpldAccessor   -----------
ref count      : 1
----------------- LDAPCert5_6                   -----------
ref count      : 1
----------------- V_RaidCardConnect             -----------
ref count      : 1
----------------- AlarmNameVariantExp-902       -----------
ref count      : 1
.B              : send event count: 1
.Value          : send event count: 2
.A              : send event count: 1
.C              : send event count: 1
.Index          : send event count: 1
----------------- PsElabel-6                    -----------
ref count      : 1
.MfgDateTime    : listened by port : 753686, 
.ProductAssetTag : listened by port : 294920, 
.BoardSerialNumber : listened by port : 294920, 65537, 
.ChassisSerialNumber : listened by port : 294920, 
----------------- M2TrnsCardSlot2Connect-e      -----------
ref count      : 1
----------------- BiosRegistry                  -----------
ref count      : 1
----------------- ConfigFile                    -----------
ref count      : 1
----------------- LDAPCertMonitor3_7            -----------
ref count      : 1
----------------- CPLDVer                       -----------
ref count      : 1
----------------- PysicalLedIntelligenceTest    -----------
ref count      : 1
----------------- LDAPCert5_7                   -----------
ref count      : 1
----------------- SyslogConfig_0                -----------
ref count      : 1
----------------- Raiser3PresenceAccessor       -----------
ref count      : 1
----------------- LomPcbVersion-3               -----------
ref count      : 1
----------------- LDAPCert1_1                   -----------
ref count      : 1
----------------- ServerCSR                     -----------
ref count      : 1
----------------- LDAPCertMonitor3_8            -----------
ref count      : 1
----------------- GPUFru-801                    -----------
ref count      : 1
----------------- TEEOSVer                      -----------
ref count      : 1
----------------- PMEServiceConfig:C            -----------
ref count      : 1
----------------- LDAPCert5_8                   -----------
ref count      : 1
----------------- ComPort3-3                    -----------
ref count      : 1
.Health         : listened by port : 294920, 
----------------- MutualAuthRootCertMonitor1    -----------
ref count      : 1
----------------- SSLCert6CertMonitor           -----------
ref count      : 1
----------------- LDAPCert1_2                   -----------
ref count      : 1
----------------- Riser1Card9555                -----------
ref count      : 1
----------------- LDAPCertMonitor3_9            -----------
ref count      : 1
----------------- GPUFru-802                    -----------
ref count      : 1
----------------- risercard-8                   -----------
ref count      : 1
.Health         : listened by port : 294920, 
.ReplaceFlag    : listened by port : 294920, 
----------------- ComPort3-4                    -----------
ref count      : 1
.Health         : listened by port : 294920, 
----------------- LDAPCert5_9                   -----------
ref count      : 1
----------------- HDDBackplanePresenceAccessor  -----------
ref count      : 1
----------------- Raid:C                        -----------
ref count      : 1
----------------- MutualAuthRootCertMonitor2    -----------
ref count      : 1
----------------- HttpsServerCRLImport          -----------
ref count      : 1
----------------- LDAPCert1_3                   -----------
ref count      : 1
----------------- dft_item_pca9545-e            -----------
ref count      : 1
----------------- LomPcbVersion-4               -----------
ref count      : 1
----------------- InstallableIbmaUpdate         -----------
ref count      : 1
----------------- MutualAuthRootCertMonitor3    -----------
ref count      : 1
----------------- LDAPCert1_4                   -----------
ref count      : 1
----------------- PublicKey                     -----------
ref count      : 1
----------------- IssuerSSL                     -----------
ref count      : 1
.SSLMasterKeyId : listened by port : 851993, 
.CertStatus     : listened by port : 589841, 
----------------- ComHddInner0-2                -----------
ref count      : 1
.Health         : listened by port : 294920, 
----------------- ComM2Disk1                    -----------
ref count      : 1
.Health         : listened by port : 294920, 
----------------- CaterrorVideoFileInfo         -----------
ref count      : 1
----------------- MutualAuthRootCertMonitor4    -----------
ref count      : 1
----------------- Hdd7-2                        -----------
ref count      : 1
.RebuildState   : listened by port : 294920, 
.Presence       : listened by port : 294920, 
.Id             : listened by port : 229382, 491534, 
.ReplaceFlag    : listened by port : 294920, 
----------------- LDAPCert1_5                   -----------
ref count      : 1
----------------- LdapCRLImport                 -----------
ref count      : 1
----------------- ComM2Disk2                    -----------
ref count      : 1
.Health         : listened by port : 294920, 
----------------- Ps-6                          -----------
ref count      : 1
----------------- Ps-5                          -----------
ref count      : 1
----------------- Hdd11SataPresenceAccessor     -----------
ref count      : 1
----------------- ComHDDBackplane-2             -----------
ref count      : 1
.Health         : listened by port : 294920, 
----------------- BoardNameVariantExp-801       -----------
ref count      : 1
.B              : send event count: 1
.Value          : send event count: 2
.A              : send event count: 1
.C              : send event count: 1
.Index          : send event count: 1
----------------- MutualAuthRootCertMonitor5    -----------
ref count      : 1
----------------- NMISwitchTest                 -----------
ref count      : 1
----------------- LDAPCert1_6                   -----------
ref count      : 1
----------------- MutualAuthRootCrlMonitor10    -----------
ref count      : 1
----------------- DrivePartitionConnector       -----------
ref count      : 1
----------------- BMCCoreManagement             -----------
ref count      : 1
.CoreTemp       : send event count: 3374583
----------------- ComHdd9-2                     -----------
ref count      : 1
.Health         : listened by port : 294920, 
----------------- BoardNameVariantExp-802       -----------
ref count      : 1
.B              : send event count: 1
.Value          : send event count: 2
.A              : send event count: 1
.C              : send event count: 1
.Index          : send event count: 1
----------------- BiosClpResponse               -----------
ref count      : 1
----------------- MutualAuthRootCertMonitor6    -----------
ref count      : 1
----------------- LDAPCert1_7                   -----------
ref count      : 1
----------------- MutualAuthRootCrlMonitor11    -----------
ref count      : 1
----------------- GPUElabel-901                 -----------
ref count      : 1
.MfgDateTime    : recv event count: 2 : listened by port : 753686, 
.ProductAssetTag : listened by port : 294920, 
.BoardSerialNumber : listened by port : 294920, 65537, 
.ChassisSerialNumber : listened by port : 294920, 
----------------- Hdd10SataPresenceAccessor     -----------
ref count      : 1
----------------- PcbVersion-801                -----------
ref count      : 1
----------------- RiserPcieCard:C               -----------
ref count      : 1
----------------- PcieSlot2Connect-e            -----------
ref count      : 1
----------------- MutualAuthRootCertMonitor7    -----------
ref count      : 1
----------------- pca9545_chan1                 -----------
ref count      : 1
----------------- LDAPCert1_8                   -----------
ref count      : 1
----------------- MutualAuthRootCrlMonitor12    -----------
ref count      : 1
----------------- GPUElabel-902                 -----------
ref count      : 1
.MfgDateTime    : recv event count: 2 : listened by port : 753686, 
.ProductAssetTag : listened by port : 294920, 
.BoardSerialNumber : listened by port : 294920, 65537, 
.ChassisSerialNumber : listened by port : 294920, 
----------------- OwnerSSL                      -----------
ref count      : 1
.SSLMasterKeyId : listened by port : 851993, 
.CertStatus     : send event count: 1 : listened by port : 589841, 
----------------- ComCPU1Memory                 -----------
ref count      : 1
.Health         : listened by port : 294920, 
----------------- BiosVer                       -----------
ref count      : 1
----------------- SecurityEnhance               -----------
ref count      : 1
.IpmiMasterKeyId : listened by port : 851993, 
.SystemLockDownStatus : listened by port : 819224, 655379, 
.CertOverdueWarnTime : listened by port : 753686, 
.MKUpdateInterval : listened by port : 851993, 
.BannerState    : listened by port : 851993, 
.RMCPCipherSuites : listened by port : 819224, 
.TLSVersion     : listened by port : 131075, 589841, 
.AntiDNSRebindStatus : listened by port : 589841, 
.SnmpPrivacyPwdMasterKeyId : listened by port : 851993, 
.SSLCipherSuites : listened by port : 589841, 
alias name: a:LDAPGroup600, object name: LDAPGroup6_0
alias name: a:Contact1010102, object name: Contact
alias name: a:LDAPGroup203, object name: LDAPGroup2_3
alias name: a:LDAPGroup301, object name: LDAPGroup3_1
alias name: a:LDAPGroupd04, object name: KRBGroup4
alias name: a:LDAPGroup100, object name: LDAPGroup0
alias name: a:LDAPGroup503, object name: LDAPGroup5_3
alias name: a:LDAPGroup601, object name: LDAPGroup6_1
alias name: a:LDAPd, object name: KRBServer
alias name: a:LDAPGroup204, object name: LDAPGroup2_4
alias name: a:LDAPGroup302, object name: LDAPGroup3_2
alias name: a:LDAPGroup400, object name: LDAPGroup4_0
alias name: a:BMC1010101, object name: BMC
alias name: a:LDAPGroup101, object name: LDAPGroup1
alias name: a:LDAP2, object name: LDAPServer2
alias name: a:LDAPGroup504, object name: LDAPGroup5_4
alias name: a:LDAPGroup602, object name: LDAPGroup6_2
alias name: a:LDAPGroupd00, object name: KRBGroup0
alias name: a:LDAPGroup303, object name: LDAPGroup3_3
alias name: a:LDAPGroup401, object name: LDAPGroup4_1
alias name: a:LDAP3, object name: LDAPServer3
alias name: a:LDAPGroup102, object name: LDAPGroup2
alias name: a:LDAPGroup200, object name: LDAPGroup2_0
alias name: a:LDAPGroupd01, object name: KRBGroup1
alias name: a:LDAPGroup603, object name: LDAPGroup6_3
alias name: a:LDAP4, object name: LDAPServer4
alias name: a:LDAPGroup304, object name: LDAPGroup3_4
alias name: a:LDAPGroup402, object name: LDAPGroup4_2
alias name: a:LDAPGroup500, object name: LDAPGroup5_0
alias name: a:LDAPGroup103, object name: LDAPGroup3
alias name: a:LDAPGroup201, object name: LDAPGroup2_1
alias name: a:LDAPGroupd02, object name: KRBGroup2
alias name: a:LDAPGroup604, object name: LDAPGroup6_4
alias name: a:LDAP5, object name: LDAPServer5
alias name: a:LDAPGroup403, object name: LDAPGroup4_3
alias name: a:LDAPGroup501, object name: LDAPGroup5_1
alias name: a:LDAPGroup104, object name: LDAPGroup4
alias name: a:LDAPGroup202, object name: LDAPGroup2_2
alias name: a:LDAPGroup300, object name: LDAPGroup3_0
alias name: a:LDAPGroupd03, object name: KRBGroup3
alias name: a:LDAP6, object name: LDAPServer6
alias name: a:LDAPGroup404, object name: LDAPGroup4_4
alias name: a:LDAPGroup502, object name: LDAPGroup5_2
alias name: a:LDAP1, object name: LDAP
===========================has object===========================
HddInner3PresenceAccessor, riser2_pca9545_chip, RiserCard1BoardIdAccessor, RiserCard3BoardIdAccessor, MainBoardPcbIdCpldAccessor, RearBpPcbIdPca9555Accessor, i2c4_pca9545_chip, Hdd11SataPresenceAccessor, ServiceTypeAccessor, InnerBpPcbIdPca9555Accessor, HddInner2PresenceAccessor, Hdd9SataPresenceAccessor, rtc_accessor, RearBackplanePresenceAccessor, Raiser3PresenceAccessor, InnerBackplanePca9555, 4NVME_accessor, VMDStateAccessor, HddInner1PresenceAccessor, gpio72_bus, reset_i2c6_pca9545, RiserCard1BoardIdCpldAccessor, Riser2Card9555, InsertClrPwAccessor, Raiser2PresenceAccessor, i2c_1, i2c_2, RearBackplanePca9555, NcsiAccessor, RiserCard2BoardIdCpldAccessor, i2c1_pca9545_chip, Riser2PcbIdAccessor, reset_i2c1_pca9545, RiserCard3PcbIdCpldAccessor, CpldVerAccessor, riser1_pca9545_chip, Hi1710, InnerBPBoardIdCpldAccessor, i2c1_Riser3_pca9545_chip, RiserCard3BoardIdCpldAccessor, Raiser1PresenceAccessor, localbus1, RiserCard2BoardIdAccessor, InnerBackplanePresenceAccessor, reset_i2c4_pca9545, RiserCard1PcbIdCpldAccessor, i2c_4, RiserCard2PcbIdCpldAccessor, Hi1710IBus, cpld1, rtc-1, pca9545_chan1, InnerBackplanePcbIdCpldAccessor, i2c_5, HDDBackplaneBoardIdAccessor, InnerBPBoardIdPca9555Accessor, Riser3Card9555, Hdd8SataPresenceAccessor, RearBpBoardIdPca9555Accessor, HddInner0PresenceAccessor, i2c_6, RearBPBoardIdCpldAccessor, hddBP_type_accessor, Hdd10SataPresenceAccessor, RearBackplanePcbIdCpldAccessor, Riser1PcbIdAccessor, pca9545_chan3, CpldBmcUpAccessor, MainBoardBoardIdCpldAccessor, rear9545_chan, M2_pca9555_hddBP, pca9545_chan4, pcbid_accessor, gpio72, Riser3PcbIdAccessor, reset_i2c5_pca9545, HDDBackplanePresenceAccessor, Riser1Card9555, 
=====================method info=============================
key=BMC.RebootPme
input para list:
output para list:

key=SystemManagerInfo.PropertySyncMethod
input para list:
* output para list:
* 
key=PRODUCT.SetHttpsCertVerification
input para list:
y output para list:

key=MutualAuthenticationCliCert.ReInitClientCertificate
input para list:
y u output para list:
i 
key=RemoteHttpsServerRootCert.DeleteRootCert
input para list:
y output para list:

key=BMC.SetCustomAlarm
input para list:
u output para list:

key=LDAP.SetEnable
input para list:
y output para list:

key=LDAP.SetHostAddr
input para list:
s output para list:

key=BMC.GetTime
input para list:
output para list:
u 
key=BMC.GetFileOwner
input para list:
s output para list:
s 
key=BMC.GetDiceCertChainExportState
input para list:
output para list:
y 
key=NTP.SetPreferredServer
input para list:
s output para list:

key=LDAPCert.CertInfoPropertySyncMethod
input para list:
* output para list:
* 
key=BMC.ImportDiceCert
input para list:
s output para list:

key=BMC.SyncSetTimeZone
input para list:
* output para list:

key=MutualAuthenticationRootCert.DeleteRootCertificate
input para list:
y output para list:
i 
key=SMS.GetBMAConnectState
input para list:
output para list:

key=LDAP.SetUserDomain
input para list:
s output para list:

key=Contact.SetPhone
input para list:
s output para list:

key=PRODUCT.SetSFPMaxTemp
input para list:
q output para list:

key=SSL.GetCSRString
input para list:
output para list:
s 
key=LDAP.SetBaseDN
input para list:
s output para list:

key=PRODUCT.SetProductName
input para list:
s output para list:

key=SSL.EncryptCert
input para list:
s s y output para list:

key=SSL.UpdateSSLFile
input para list:
u output para list:

key=PRODUCT.SetStartPoint
input para list:
s output para list:

key=LDAPGroup.SetGroupUserRoleId
input para list:
y output para list:

key=LDAP.SetLdapPort
input para list:
i output para list:

key=PRODUCT.SetSysResourceState
input para list:
u output para list:

key=NTP.SetNtpMaxPollingInterval
input para list:
y output para list:

key=PRODUCT.SetPchNcsiInitFlag
input para list:
y output para list:

key=KRBCommon.SetKRBEnable
input para list:
y output para list:

key=BMC.GetTimeZoneList
input para list:
output para list:
ay 
key=SSL.ExportCSR
input para list:
s output para list:

key=LDAP.GetLDAPEmptyGroupByServerId
input para list:
output para list:
s 
key=MutualAuthentication.PropertySyncMethod
input para list:
* output para list:
* 
key=NTP.SetAllConfig
input para list:
s s y y output para list:

key=BMC.ImportConfig
input para list:
s output para list:

key=PRODUCT.SetVMDState
input para list:
y output para list:

key=NTP.UpdateNTPCiphertext
input para list:
u output para list:

key=BoardRTC.SyncSetRtcTime
input para list:
* output para list:

key=SSL.PropertySyncMethod
input para list:
* output para list:
* 
key=BMC.SetBladeManageMode
input para list:
y output para list:

key=NTP.ImportNTPGroupKey
input para list:
s output para list:

key=SystemManagerInfo.SetSysManagerId
input para list:
s output para list:

key=NTP.SetNTPAuthEnableStatus
input para list:
y output para list:

key=BMC.MountCommand
input para list:
s s y output para list:

key=SSL.GetCsrStatus
input para list:
output para list:
i 
key=SSL.SetCsrReqInfo
input para list:
y s output para list:

key=PMEServiceConfig.SetCustomSNMPOID
input para list:
s output para list:

key=BMC.CopyFile
input para list:
s s output para list:

key=PRODUCT.SetConfigurationModel
input para list:
s output para list:

key=Chassis.SetChassisLocation
input para list:
s output para list:

key=SSL.SnmpImportCustomCert
input para list:
output para list:

key=MutualAuthentication.SetMutualAuthenticationState
input para list:
y output para list:
i 
key=MutualAuthentication.SetMutualAuthenticationOCSP
input para list:
y output para list:
i 
key=BMC.SetLocationInfo
input para list:
s output para list:

key=LDAPGroup.SetGroupName
input para list:
s output para list:

key=NTP.SetNtpMinPollingInterval
input para list:
y output para list:

key=LDAP.SetCertStatus
input para list:
y output para list:

key=BMC.UmountCommand
input para list:
s output para list:

key=BMC.SetLanguageSet
input para list:
s output para list:

key=LDAP.LdapComposeUserDomain
input para list:
output para list:
s 
key=TransferFile.GetTransferStatus
input para list:
output para list:
i 
key=NandFlash.ClearFlashStatistics
input para list:
output para list:

key=LDAPGroup.LdapSplitGroupDomain
input para list:
s output para list:

key=LDAPGroup.PropertySyncMethod
input para list:
* output para list:
* 
key=NandFlash.SetWriteProtection
input para list:
y output para list:

key=MutualAuthentication.AuthClientCertificate
input para list:
s s s s y output para list:
y 
key=LDAPGroup.SetGroupLoginInterface
input para list:
u output para list:

key=PMEServiceConfig.SetBoardInfoCollect
input para list:
y output para list:

key=BMC.SyncPropertyBMC
input para list:
* output para list:

key=SSL.DecryptCert
input para list:
s y output para list:
s 
key=LDAPGroup.SetGroupInfo
input para list:
s output para list:

key=BMC.ExportDiceCertChain
input para list:
s s y output para list:

key=BMC.GetPartnerCertHash
input para list:
output para list:
s 
key=MutualAuthenticationCliCert.ImportClientCertificate
input para list:
y s output para list:
i 
key=LDAPGroup.LdapComposeGroupDomain
input para list:
output para list:
s 
key=BOARD.SetSlotId
input para list:
y output para list:

key=BMC.GetCurTimeOffset
input para list:
output para list:
n 
key=SSL.ImportCustomCert
input para list:
i s s output para list:
i 
key=PRODUCT.SetPcieNcsiSlotId
input para list:
y output para list:

key=BMC.SetRemoteOEMInfo
input para list:
ay output para list:

key=BMC.RecordFileOwner
input para list:
s s output para list:

key=FruStatics.UpdateMainboardSlotID
input para list:
y output para list:

key=LDAPGroup.SetGroupPrivilege
input para list:
y output para list:

key=MutualAuthenticationRootCert.ImportCRL
input para list:
y s output para list:

key=TransferFile.InitialFileTransfer
input para list:
s s output para list:

key=PRODUCT.SetProductVersion
input para list:
s output para list:

key=LDAPGroup.CheckGroupDoamin
input para list:
s output para list:

key=LDAPGroup.DelGroup
input para list:
output para list:

key=ProductComponent.update_product_component_info
input para list:
output para list:

key=BMC.ExportDiceCSR
input para list:
s output para list:

key=LDAPGroup.SetGroupDomain
input para list:
s output para list:

key=LDAPGroup.SetLdapPermitRuleIds
input para list:
y output para list:

key=BMC.GetPartnerModeEnable
input para list:
output para list:
u 
key=BMC.SetDIEID
input para list:
s output para list:

key=BMC.SetUUID
input para list:
s output para list:

key=LDAP.CheckUserDoamin
input para list:
s output para list:

key=Chassis.SetChassisName
input para list:
s output para list:

key=PRODUCT.SetBladeBpCpldValidFlag
input para list:
y output para list:

key=SSL.SnmpImportPublicKey
input para list:
s i output para list:

key=LDAP.ImportCRL
input para list:
y s output para list:

key=Chassis.SetNodeIndexSuffix
input para list:
s output para list:

key=CertMonitor.SetOverDueStatus
input para list:
y u output para list:

key=BMC.SetTimeZoneStr
input para list:
s output para list:

key=NTP.QuerySyncTimeStatus
input para list:
output para list:
y 
key=BMC.SetNotimeout
input para list:
u output para list:

key=MutualAuthenticationCliCert.DeleteClientCertificate
input para list:
y output para list:
i 
key=NTP.SetNTPMode
input para list:
y output para list:

key=BMC.SetTime
input para list:
u output para list:

key=LDAP.SetCertificateVerificationLevel
input para list:
y output para list:

key=Chassis.SetNodeIndex
input para list:
y output para list:

key=TransferFile.GetFileAuthString
input para list:
s output para list:
s 
key=Chassis.SetChassisNumber
input para list:
u output para list:

key=PRODUCT.SetStorageConfigReady
input para list:
y output para list:

key=PRODUCT.SetCmccVersion
input para list:
s output para list:

key=LDAP.UpdateLDAPCiphertext
input para list:
u output para list:

key=BoardRTC.SetRtcTime
input para list:
u output para list:

key=PRODUCT.SetVGASwitch
input para list:
y output para list:

key=Chassis.ChassisInfoSyncMethod
input para list:
* output para list:

key=Contact.SetOfficalWeb
input para list:
s output para list:

key=Chassis.SetAlarmPolicy
input para list:
y output para list:

key=BMC.GetImportExportStatus
input para list:
output para list:
i s 
key=SMM.ResetOtherSMM
input para list:
output para list:

key=PRODUCT.SetWOLState
input para list:
y output para list:

key=PRODUCT.SetBoardVersion
input para list:
y output para list:

key=LDAP.SetFolder
input para list:
s output para list:

key=LDAPGroup.SetGroupSID
input para list:
s output para list:

key=LDAP.LdapSplitUserDomain
input para list:
s output para list:

key=LDAPGroup.SetGroupPrivilegeMask
input para list:
u output para list:

key=Contact.SetEmail
input para list:
s output para list:

key=Contact.SetCopyright
input para list:
s output para list:

key=NTP.SetAlternativeServerArray
input para list:
s output para list:

key=PRODUCT.SetSessionTokenLength
input para list:
u output para list:

key=LDAPCommon.SetLDAPEnable
input para list:
y output para list:

key=RemoteHttpsServerRootCert.ImportCRL
input para list:
y s y output para list:

key=LDAP.PropertySyncMethod
input para list:
* output para list:
* 
key=PRODUCT.SetLifespan
input para list:
y output para list:

key=BMC.SetLocationID
input para list:
s output para list:

key=PMEServiceConfig.PropertySyncMethod
input para list:
* output para list:
* 
key=SSL.SetCustomCertFile
input para list:
s i output para list:

key=BMC.UpdateiRMCommTimeStamp
input para list:
y output para list:

key=SystemManagerInfo.SetSysManagerIp
input para list:
s output para list:

key=BMC.ClearTmpFile
input para list:
output para list:

key=SystemManagerInfo.SetSysManagerLockedTime
input para list:
s output para list:

key=SystemManagerInfo.SetSysManagerName
input para list:
s output para list:

key=PRODUCT.SetDisksMaxTemp
input para list:
q y output para list:

key=SSL.SnmpGenerateCSR
input para list:
output para list:

key=Hdd.SetHddId
input para list:
y output para list:

key=RemoteHttpsServerRootCert.ImportRootCert
input para list:
y s y output para list:

key=PRODUCT.SetProductAlias
input para list:
s output para list:

key=BMC.ExportConfig
input para list:
s output para list:

key=LDAP.SetBindDN
input para list:
s output para list:

key=PRODUCT.PropertySyncMethod
input para list:
* output para list:
* 
key=Chassis.SetVersionData
input para list:
s output para list:

key=Chassis.SetOwnerID
input para list:
s output para list:

key=MutualAuthentication.SetMutualAuthenticationCRL
input para list:
y output para list:

key=Chassis.SetSyncElabel
input para list:
y output para list:

key=BMC.SetHostName
input para list:
s output para list:

key=MutualAuthenticationRootCert.ReInitRootCertificate
input para list:
y u output para list:
i 
key=Contact.SetSupportWeb
input para list:
s output para list:

key=LDAP.KRBKeytabUpload
input para list:
s output para list:

key=SSL.ImportPublicKey
input para list:
i s output para list:
i 
key=SSL.EncryptDecrypeCert
input para list:
s s i output para list:

key=LDAP.SetBindDNPsw
input para list:
s output para list:

key=MutualAuthenticationCliCert.CertInfoPropertySyncMethod
input para list:
* output para list:
* 
key=LDAP.LDAPCertUpload
input para list:
i y s output para list:
y 
key=BMC.SetCertAlgorithm
input para list:
y output para list:

key=PRODUCT.SetCdrMaxTemp
input para list:
q output para list:

key=PRODUCT.SetSWRaidType
input para list:
y output para list:

key=SSL.SetCustomCertFilePass
input para list:
s output para list:

key=PRODUCT.SetNOSdCardState
input para list:
y output para list:

key=NTP.SetNTPServer
input para list:
s s output para list:

key=NTP.PropertySyncMethod
input para list:
* output para list:
* 
key=LDAPGroup.SetGroupFolder
input para list:
s output para list:

key=PRODUCT.UpdateAliasByCoolingMedium
input para list:
y y output para list:

key=MutualAuthenticationRootCert.ImportRootCertificate
input para list:
y s output para list:
i 
key=NTP.GetNTPGroupKeyStatus
input para list:
output para list:
y 
key=NTP.SetEnableStatus
input para list:
y output para list:

key=NTP.SetAlternativeServer
input para list:
s output para list:

key=LDAP.GetLDAPCertStatus
input para list:
y output para list:
y 
key=MutualAuthenticationRootCert.CertInfoPropertySyncMethod
input para list:
* output para list:
* 
key=SSL.GetCsrState
input para list:
output para list:
i 
key=BMC.UninstallLanguageResource
input para list:
s output para list:

key=BMC.GetAreaTimeZoneList
input para list:
s output para list:
as 
key=SSL.GenerateCSR
input para list:
s s s s s s output para list:

key=LDAPGroup.AddGroup
input para list:
s s s y y y u output para list:

key=Sel.SetSelEnable
input para list:
y output para list:

key=RemoteHttpsServerRootCert.CertInfoPropertySyncMethod
input para list:
* output para list:
* 
key=BMC.save_dlog_cfg
input para list:
output para list:

key=BMC.dlog_outype
input para list:
s output para list:

key=BMC.connect_to_cli
input para list:
s s output para list:

key=BMC.deconnect_to_cli
input para list:
s output para list:

key=BMC.dlog_outlvl
input para list:
s output para list:

key=BMC.set_trace_cfg
input para list:
s output para list:

=====================listen info=============================
my ipc id=753686
key=<NTP.SysTimeJumpVal, handler=0xaaaab3671ac8, state=0
key=<Elabel.MfgDateTime, handler=0xaaaab3684a78, state=1
key=<EthGroup.IpMode, handler=0xaaaab36e30b0, state=0
key=<Upgrade.UpgradedFlag, handler=0xaaaab36b5aa0, state=0
key=<EthGroup.Ipv6Mode, handler=0xaaaab36e31a0, state=0
key=<SSLEncryptKey.WorkKey, handler=0xaaaab36b54f8, state=1
key=<ASM.AsStatus, handler=0xaaaab366d448, state=0
key=<PMEServiceConfig.BoardInfoCollectEnable, handler=0xaaaab36a24c8, state=0
key=<Upgrade.PreRollbackFlag, handler=0xaaaab36b5aa0, state=0
key=<SecurityEnhance.CertOverdueWarnTime, handler=0xaaaab3671510, state=0
key=<BOARD.SlotId, handler=0xaaaab36838e8, state=0
=====================route info=============================
.key=VariantExpression, rpc_port=50023, msg_que_id=753686
.key=CafeDev, rpc_port=50007, msg_que_id=229382
.key=IPMIMessageFilter, rpc_port=50025, msg_que_id=819224
.key=PRODUCT, rpc_port=50023, msg_que_id=753686
.key=BOARD, rpc_port=50023, msg_que_id=753686
.key=GPUBoard, rpc_port=50014, msg_que_id=458765
.key=VirOpticalModule, rpc_port=50028, msg_que_id=917531
.key=IpmbAddr, rpc_port=50025, msg_que_id=819224
.key=CoolingCondition, rpc_port=50021, msg_que_id=688148
.key=SysPower, rpc_port=50024, msg_que_id=786455
.key=CpuBoard, rpc_port=50014, msg_que_id=458765
.key=PcieHddRemoveMonitor, rpc_port=50016, msg_que_id=524303
.key=VRDAction, rpc_port=50008, msg_que_id=262151
.key=EnergySaving, rpc_port=50017, msg_que_id=557072
.key=PIPE, rpc_port=50015, msg_que_id=491534
.key=PasswdSetting, rpc_port=50026, msg_que_id=851993
.key=FdmWebConfig, rpc_port=50015, msg_que_id=491534
.key=SpecialPcieCard, rpc_port=50028, msg_que_id=917531
.key=RedfishEventService, rpc_port=50020, msg_que_id=655379
.key=LicenseManage, rpc_port=50002, msg_que_id=65537
.key=AccelerateCard, rpc_port=50014, msg_que_id=458765
.key=PCIeSDICard, rpc_port=50014, msg_que_id=458765
.key=PcieRetimer, rpc_port=50001, msg_que_id=32768
.key=PTASPolicy, rpc_port=50021, msg_que_id=688148
.key=EventMonitor, rpc_port=50009, msg_que_id=294920
.key=VirtualWire, rpc_port=50023, msg_que_id=753686
.key=SmtpConfig, rpc_port=50009, msg_que_id=294920
.key=PowerMgnt, rpc_port=50024, msg_que_id=786455
.key=HwMBAddrAllocMgmt, rpc_port=50014, msg_que_id=458765
.key=MeInfo, rpc_port=50017, msg_que_id=557072
.key=MutualAuthenticationCliCert, rpc_port=50023, msg_que_id=753686
.key=FANBoard, rpc_port=50014, msg_que_id=458765
.key=SystemManagerInfo, rpc_port=50023, msg_que_id=753686
.key=SensorShortTermSpecMonitor, rpc_port=50009, msg_que_id=294920
.key=SASCable, rpc_port=50016, msg_que_id=524303
.key=DevTest, rpc_port=50009, msg_que_id=294920
.key=NandInfo, rpc_port=50023, msg_que_id=753686
.key=EventDescpCfgToHmm, rpc_port=50009, msg_que_id=294920
.key=UserRole, rpc_port=50026, msg_que_id=851993
.key=SilkTemplate, rpc_port=50017, msg_que_id=557072
.key=Retimer, rpc_port=50014, msg_que_id=458765
.key=SyslogConfig, rpc_port=50009, msg_que_id=294920
.key=ProxyVideo, rpc_port=50018, msg_que_id=589841
.key=SmmFanFirmware, rpc_port=50008, msg_que_id=262151
.key=SSDPCtrlPtConfig, rpc_port=50019, msg_que_id=622610
.key=ResidentNetConfig, rpc_port=50028, msg_que_id=917531
.key=KvmLink, rpc_port=50004, msg_que_id=131075
.key=MasterSMM, rpc_port=50023, msg_que_id=753686
.key=ComputerSystem, rpc_port=50010, msg_que_id=327689
.key=LocalPcieCard, rpc_port=50014, msg_que_id=458765
.key=VPD, rpc_port=50016, msg_que_id=524303
.key=ComponentInfo, rpc_port=50017, msg_que_id=557072
.key=LSWConfig, rpc_port=50028, msg_que_id=917531
.key=AlertFilter, rpc_port=50009, msg_que_id=294920
.key=ModbusAddrAllocMgmt, rpc_port=50014, msg_que_id=458765
.key=Cooling, rpc_port=50021, msg_que_id=688148
.key=FANClass, rpc_port=50021, msg_que_id=688148
.key=HDDBackplane, rpc_port=50014, msg_que_id=458765
.key=ChipFirmwareMgnt, rpc_port=50008, msg_que_id=262151
.key=DftItem, rpc_port=50011, msg_que_id=360458
.key=Stateless, rpc_port=50028, msg_que_id=917531
.key=PcieAddrInfo, rpc_port=50015, msg_que_id=491534
.key=DftAction, rpc_port=50011, msg_que_id=360458
.key=ConditionTask, rpc_port=50009, msg_que_id=294920
.key=ExpBoard, rpc_port=50014, msg_que_id=458765
.key=OpaMezzInfo, rpc_port=50014, msg_que_id=458765
.key=SyslogItemCfg, rpc_port=50009, msg_que_id=294920
.key=ThresholdAssert, rpc_port=50009, msg_que_id=294920
.key=SolLink, rpc_port=50025, msg_que_id=819224
.key=MainBoard, rpc_port=50014, msg_que_id=458765
.key=IOBoard, rpc_port=50014, msg_que_id=458765
.key=_Snmp, rpc_port=50018, msg_que_id=589841
.key=SecurityModule, rpc_port=50014, msg_que_id=458765
.key=LLDPConfig, rpc_port=50028, msg_que_id=917531
.key=BBUModule, rpc_port=50024, msg_que_id=786455
.key=LeakageDetectionCard, rpc_port=50014, msg_que_id=458765
.key=SmtpItemCfg, rpc_port=50009, msg_que_id=294920
.key=DataAcquisitionMetric, rpc_port=50015, msg_que_id=491534
.key=RaidController, rpc_port=50016, msg_que_id=524303
.key=PMEServiceConfig, rpc_port=50023, msg_que_id=753686
.key=Memory, rpc_port=50017, msg_que_id=557072
.key=LicenseFeatureKey, rpc_port=50002, msg_que_id=65537
.key=VoltMonitor, rpc_port=50009, msg_que_id=294920
.key=PSUGroup, rpc_port=50024, msg_que_id=786455
.key=OemSdr, rpc_port=50009, msg_que_id=294920
.key=NPU, rpc_port=50017, msg_que_id=557072
.key=DiskSubArray, rpc_port=50016, msg_que_id=524303
.key=CollectPropertyDefinition, rpc_port=50023, msg_que_id=753686
.key=_card_manage, rpc_port=50014, msg_que_id=458765
.key=Action, rpc_port=50008, msg_que_id=262151
.key=OnePower, rpc_port=50024, msg_que_id=786455
.key=Kvm, rpc_port=50004, msg_que_id=131075
.key=DiscreteSensor, rpc_port=50009, msg_que_id=294920
.key=ThresholdSensorMonitor, rpc_port=50009, msg_que_id=294920
.key=CertMonitor, rpc_port=50023, msg_que_id=753686
.key=Pex8796, rpc_port=50001, msg_que_id=32768
.key=LicenseSaleInfo, rpc_port=50002, msg_que_id=65537
.key=PortMapping, rpc_port=50028, msg_que_id=917531
.key=RawEepromFruDev, rpc_port=50007, msg_que_id=229382
.key=_kvm_vmm, rpc_port=50004, msg_que_id=131075
.key=EnergySavingCfgItem, rpc_port=50017, msg_que_id=557072
.key=CpuStatistic, rpc_port=50017, msg_que_id=557072
.key=CompositionSetting, rpc_port=50001, msg_que_id=32768
.key=PsSleep, rpc_port=50024, msg_que_id=786455
.key=SysBattery, rpc_port=50024, msg_que_id=786455
.key=Pex9765, rpc_port=50001, msg_que_id=32768
.key=PermitRule, rpc_port=50026, msg_que_id=851993
.key=BMC, rpc_port=50023, msg_que_id=753686
.key=Snmp, rpc_port=50018, msg_que_id=589841
.key=VoltTest, rpc_port=50009, msg_que_id=294920
.key=LedPanel, rpc_port=50009, msg_que_id=294920
.key=EthFunction, rpc_port=50028, msg_que_id=917531
.key=_PowerMgnt, rpc_port=50024, msg_que_id=786455
.key=PowerCapping, rpc_port=50024, msg_que_id=786455
.key=RegAction, rpc_port=50014, msg_que_id=458765
.key=_ddns, rpc_port=50005, msg_que_id=163844
.key=M2TransformCard, rpc_port=50014, msg_que_id=458765
.key=SmBios, rpc_port=50013, msg_que_id=425996
.key=SensorOemConfig, rpc_port=50009, msg_que_id=294920
.key=Bios, rpc_port=50013, msg_que_id=425996
.key=McdlSdr, rpc_port=50009, msg_que_id=294920
.key=PMBusTempMonitor, rpc_port=50009, msg_que_id=294920
.key=DiskSlotInfo, rpc_port=50014, msg_que_id=458765
.key=LDAP, rpc_port=50023, msg_que_id=753686
.key=PassThroughCard, rpc_port=50014, msg_que_id=458765
.key=ReserveChanTest, rpc_port=50011, msg_que_id=360458
.key=RedfishEvtSubscription, rpc_port=50020, msg_que_id=655379
.key=Watchdog2, rpc_port=50022, msg_que_id=720917
.key=LedDispElmt_S, rpc_port=50009, msg_que_id=294920
.key=TransferFileInfo, rpc_port=50023, msg_que_id=753686
.key=PsuSlot, rpc_port=50024, msg_que_id=786455
.key=FruPayload, rpc_port=50022, msg_que_id=720917
.key=VMDCondition, rpc_port=50023, msg_que_id=753686
.key=_User, rpc_port=50026, msg_que_id=851993
.key=BoardInfoCollectCfg, rpc_port=50023, msg_que_id=753686
.key=Policy1Class, rpc_port=50021, msg_que_id=688148
.key=NetCard, rpc_port=50014, msg_que_id=458765
.key=Sel, rpc_port=50009, msg_que_id=294920
.key=ProductComponent, rpc_port=50023, msg_que_id=753686
.key=SLIMCableConfig, rpc_port=50016, msg_que_id=524303
.key=CfgMgnt, rpc_port=50003, msg_que_id=98306
.key=RiserPcieCard, rpc_port=50014, msg_que_id=458765
.key=OpticalModule, rpc_port=50028, msg_que_id=917531
.key=NPUHistoryECCInfo, rpc_port=50017, msg_que_id=557072
.key=RepeaterMgnt, rpc_port=50014, msg_que_id=458765
.key=ChipValueChecker, rpc_port=50009, msg_que_id=294920
.key=_net_nat, rpc_port=50029, msg_que_id=950300
.key=IPMIChannel, rpc_port=50025, msg_que_id=819224
.key=OscaPcieCard, rpc_port=50014, msg_que_id=458765
.key=LedDispElmt_RP, rpc_port=50009, msg_que_id=294920
.key=EventPolicy, rpc_port=50009, msg_que_id=294920
.key=iBMAUSBMassStorage, rpc_port=50004, msg_que_id=131075
.key=NvGPUAction, rpc_port=50014, msg_que_id=458765
.key=DiskArray, rpc_port=50016, msg_que_id=524303
.key=OscaPort, rpc_port=50013, msg_que_id=425996
.key=RmcpConfig, rpc_port=50025, msg_que_id=819224
.key=SASPHYStatus, rpc_port=50016, msg_que_id=524303
.key=SMMPCIeInfo, rpc_port=50014, msg_que_id=458765
.key=OCPCard, rpc_port=50014, msg_que_id=458765
.key=VirtualHDDBackplane, rpc_port=50014, msg_que_id=458765
.key=ProxyVmm, rpc_port=50018, msg_que_id=589841
.key=VmseChannel, rpc_port=50017, msg_que_id=557072
.key=HinicFirmware, rpc_port=50008, msg_que_id=262151
.key=MatchRegValue, rpc_port=50001, msg_que_id=32768
.key=Warning, rpc_port=50009, msg_que_id=294920
.key=Contact, rpc_port=50023, msg_que_id=753686
.key=Session, rpc_port=50026, msg_que_id=851993
.key=ExtendPcieCard, rpc_port=50014, msg_que_id=458765
.key=MaxValueMonitor, rpc_port=50009, msg_que_id=294920
.key=BusinessPort, rpc_port=50028, msg_que_id=917531
.key=CLASSFANTYPE, rpc_port=50021, msg_que_id=688148
.key=ButtonTest, rpc_port=50011, msg_que_id=360458
.key=SdrDev, rpc_port=50009, msg_que_id=294920
.key=SSDPConfig, rpc_port=50019, msg_que_id=622610
.key=BoardPower, rpc_port=50024, msg_que_id=786455
.key=PCIeSSDCard, rpc_port=50014, msg_que_id=458765
.key=USBMassStorage, rpc_port=50004, msg_que_id=131075
.key=MassStorage, rpc_port=50016, msg_que_id=524303
.key=TrapConfig, rpc_port=50009, msg_que_id=294920
.key=BIOSEvent, rpc_port=50009, msg_que_id=294920
.key=Led, rpc_port=50009, msg_que_id=294920
.key=PortConfig, rpc_port=50028, msg_que_id=917531
.key=PCIeDisk, rpc_port=50016, msg_que_id=524303
.key=PTAS, rpc_port=50021, msg_que_id=688148
.key=CompositionZone, rpc_port=50001, msg_que_id=32768
.key=MctpCtrl, rpc_port=50012, msg_que_id=393227
.key=SignalMonitor, rpc_port=50009, msg_que_id=294920
.key=MutualAuthentication, rpc_port=50023, msg_que_id=753686
.key=Card, rpc_port=50014, msg_que_id=458765
.key=RaidChip, rpc_port=50016, msg_que_id=524303
.key=Eth, rpc_port=50028, msg_que_id=917531
.key=LogicalDriveAlertInfo, rpc_port=50016, msg_que_id=524303
.key=Video, rpc_port=50004, msg_que_id=131075
.key=LedDispControl, rpc_port=50009, msg_que_id=294920
.key=Dump, rpc_port=50027, msg_que_id=884762
.key=FruStatics, rpc_port=50007, msg_que_id=229382
.key=_BIOS, rpc_port=50013, msg_que_id=425996
.key=ScriptEngine, rpc_port=50027, msg_que_id=884762
.key=PcieRootPortMap, rpc_port=50007, msg_que_id=229382
.key=FruDev, rpc_port=50007, msg_que_id=229382
.key=FPGAMemory, rpc_port=50017, msg_que_id=557072
.key=EventSeverityChange, rpc_port=50009, msg_que_id=294920
.key=_dfm, rpc_port=50000, msg_que_id=0
.key=TrapItemCfg, rpc_port=50009, msg_que_id=294920
.key=LedTest, rpc_port=50009, msg_que_id=294920
.key=DataCondition, rpc_port=50017, msg_que_id=557072
.key=StorageDiagnose, rpc_port=50016, msg_que_id=524303
.key=PcieCard, rpc_port=50014, msg_que_id=458765
.key=PowerAlert, rpc_port=50024, msg_que_id=786455
.key=PowerSignalMonitor, rpc_port=50009, msg_que_id=294920
.key=ComponentFirmware, rpc_port=50008, msg_que_id=262151
.key=NpuAbility, rpc_port=50017, msg_que_id=557072
.key=_Dft, rpc_port=50011, msg_que_id=360458
.key=MgmtChipEnvConfig, rpc_port=50023, msg_que_id=753686
.key=BMCCoreManagement, rpc_port=50023, msg_que_id=753686
.key=SeriaManagement, rpc_port=50025, msg_que_id=819224
.key=OcpCardControl, rpc_port=50014, msg_que_id=458765
.key=FirmwareLimit, rpc_port=50011, msg_que_id=360458
.key=User, rpc_port=50026, msg_que_id=851993
.key=Upgrade, rpc_port=50008, msg_que_id=262151
.key=_sensor_alarm, rpc_port=50009, msg_que_id=294920
.key=PrivilegeAgent, rpc_port=50018, msg_que_id=589841
.key=Eeprom, rpc_port=50008, msg_que_id=262151
.key=Condition, rpc_port=50021, msg_que_id=688148
.key=TempMonitor, rpc_port=50009, msg_que_id=294920
.key=_CpuMem, rpc_port=50017, msg_que_id=557072
.key=SMM, rpc_port=50023, msg_que_id=753686
.key=LDAPCommon, rpc_port=50023, msg_que_id=753686
.key=SensorCategory, rpc_port=50009, msg_que_id=294920
.key=NandFlash, rpc_port=50023, msg_que_id=753686
.key=Raid, rpc_port=50014, msg_que_id=458765
.key=TransferFile, rpc_port=50023, msg_que_id=753686
.key=DftCtrl, rpc_port=50011, msg_que_id=360458
.key=Entity, rpc_port=50009, msg_que_id=294920
.key=UidButton, rpc_port=50009, msg_que_id=294920
.key=Hdd, rpc_port=50016, msg_que_id=524303
.key=InterfaceTest, rpc_port=50011, msg_que_id=360458
.key=CardAction, rpc_port=50014, msg_que_id=458765
.key=EncryptKey, rpc_port=50026, msg_que_id=851993
.key=_diagnose, rpc_port=50015, msg_que_id=491534
.key=Language, rpc_port=50009, msg_que_id=294920
.key=Hotswap, rpc_port=50022, msg_que_id=720917
.key=ManualControlLed, rpc_port=50009, msg_que_id=294920
.key=_agentless, rpc_port=50010, msg_que_id=327689
.key=AlertString, rpc_port=50009, msg_que_id=294920
.key=LocalHostAgentPort, rpc_port=50029, msg_que_id=950300
.key=DftLSWConfig, rpc_port=50028, msg_que_id=917531
.key=DataAcquisitionTagDefinition, rpc_port=50015, msg_que_id=491534
.key=MezzCard, rpc_port=50014, msg_que_id=458765
.key=MemoryChannel, rpc_port=50017, msg_que_id=557072
.key=_Payload, rpc_port=50022, msg_que_id=720917
.key=AssetLocateBoard, rpc_port=50014, msg_que_id=458765
.key=RegMonitor, rpc_port=50009, msg_que_id=294920
.key=_MaintDebug, rpc_port=50027, msg_que_id=884762
.key=SysFWProgressStatus, rpc_port=50017, msg_que_id=557072
.key=_StorageMgnt, rpc_port=50016, msg_que_id=524303
.key=ConditionGroup, rpc_port=50021, msg_que_id=688148
.key=OSDrivePartition, rpc_port=50010, msg_que_id=327689
.key=_BMC, rpc_port=50023, msg_que_id=753686
.key=Log, rpc_port=50027, msg_que_id=884762
.key=_portal, rpc_port=50006, msg_que_id=196613
.key=Payload, rpc_port=50022, msg_que_id=720917
.key=_FileManage, rpc_port=50003, msg_que_id=98306
.key=PCIeFPGACard, rpc_port=50014, msg_que_id=458765
.key=LicenseKeyInfo, rpc_port=50002, msg_que_id=65537
.key=EthRename, rpc_port=50028, msg_que_id=917531
.key=StorageCfgCustomize, rpc_port=50016, msg_que_id=524303
.key=PcieSwitch, rpc_port=50001, msg_que_id=32768
.key=FdmConfig, rpc_port=50015, msg_que_id=491534
.key=MSPP, rpc_port=50024, msg_que_id=786455
.key=Firmware, rpc_port=50008, msg_que_id=262151
.key=DataAcquisitionService, rpc_port=50015, msg_que_id=491534
.key=VNC, rpc_port=50004, msg_que_id=131075
.key=ExtendSASCable, rpc_port=50016, msg_que_id=524303
.key=I2CTest, rpc_port=50011, msg_que_id=360458
.key=DiscreteEvent, rpc_port=50009, msg_que_id=294920
.key=FanGroup, rpc_port=50021, msg_que_id=688148
.key=LicenseSaleItem, rpc_port=50002, msg_que_id=65537
.key=DeaSdr, rpc_port=50009, msg_que_id=294920
.key=Vmm, rpc_port=50004, msg_que_id=131075
.key=SSLEncryptKey, rpc_port=50026, msg_que_id=851993
.key=ChipConfigMgnt, rpc_port=50008, msg_que_id=262151
.key=Ipmb, rpc_port=50025, msg_que_id=819224
.key=TreeNode, rpc_port=50015, msg_que_id=491534
.key=ProcessorFamily, rpc_port=50015, msg_que_id=491534
.key=SMS, rpc_port=50010, msg_que_id=327689
.key=PcieSwitchAction, rpc_port=50001, msg_que_id=32768
.key=EventInformation, rpc_port=50009, msg_que_id=294920
.key=FibreChannel, rpc_port=50028, msg_que_id=917531
.key=LDAPGroup, rpc_port=50023, msg_que_id=753686
.key=AgeTest, rpc_port=50011, msg_que_id=360458
.key=ThresholdSensor, rpc_port=50009, msg_que_id=294920
.key=EthGroup, rpc_port=50028, msg_que_id=917531
.key=BladeCpuThermal, rpc_port=50021, msg_que_id=688148
.key=PCIeTransformCard, rpc_port=50014, msg_que_id=458765
.key=CompositionEndpoint, rpc_port=50001, msg_que_id=32768
.key=PswCpld, rpc_port=50001, msg_que_id=32768
.key=ConditionAction, rpc_port=50009, msg_que_id=294920
.key=EnvRecord, rpc_port=50009, msg_que_id=294920
.key=_PcieSwitch, rpc_port=50001, msg_que_id=32768
.key=BoardRTC, rpc_port=50023, msg_que_id=753686
.key=BladeCoolingPolicy, rpc_port=50021, msg_que_id=688148
.key=LedDispElmt, rpc_port=50009, msg_que_id=294920
.key=_cooling_app, rpc_port=50021, msg_que_id=688148
.key=GPUCard, rpc_port=50014, msg_que_id=458765
.key=StringFormator, rpc_port=50009, msg_que_id=294920
.key=EventConfiguration, rpc_port=50009, msg_que_id=294920
.key=Chassis, rpc_port=50023, msg_que_id=753686
.key=ComponentPowerCtrl, rpc_port=50014, msg_que_id=458765
.key=_MCTP, rpc_port=50012, msg_que_id=393227
.key=Redfish, rpc_port=50020, msg_que_id=655379
.key=EndpointIdentifier, rpc_port=50001, msg_que_id=32768
.key=Pex8725, rpc_port=50001, msg_que_id=32768
.key=_LicenseMgnt, rpc_port=50002, msg_que_id=65537
.key=BoardTypeDefinition, rpc_port=50023, msg_que_id=753686
.key=KRBCommon, rpc_port=50023, msg_que_id=753686
.key=_UPGRADE, rpc_port=50008, msg_que_id=262151
.key=SOLManagement, rpc_port=50025, msg_que_id=819224
.key=ChipVrdParameterConfig, rpc_port=50008, msg_que_id=262151
.key=LSWChipMgnt, rpc_port=50028, msg_que_id=917531
.key=ExPortConfig, rpc_port=50028, msg_que_id=917531
.key=BBU, rpc_port=50016, msg_que_id=524303
.key=VncLink, rpc_port=50004, msg_que_id=131075
.key=HDDLocationStatus, rpc_port=50016, msg_que_id=524303
.key=EthFunctionDefine, rpc_port=50028, msg_que_id=917531
.key=DNSSetting, rpc_port=50005, msg_que_id=163844
.key=SSL, rpc_port=50023, msg_que_id=753686
.key=RemoteHttpsServerRootCert, rpc_port=50023, msg_que_id=753686
.key=DftVersion, rpc_port=50011, msg_que_id=360458
.key=PeripheralDeviceSensor, rpc_port=50014, msg_que_id=458765
.key=SASExpander, rpc_port=50016, msg_que_id=524303
.key=MemoryBoard, rpc_port=50014, msg_que_id=458765
.key=Cpu, rpc_port=50017, msg_que_id=557072
.key=RegConfig, rpc_port=50014, msg_que_id=458765
.key=_FruData, rpc_port=50007, msg_que_id=229382
.key=Gpio, rpc_port=50009, msg_que_id=294920
.key=LicenseAlarmInfo, rpc_port=50002, msg_que_id=65537
.key=LDAPCert, rpc_port=50023, msg_que_id=753686
.key=ChipValueReader, rpc_port=50009, msg_que_id=294920
.key=VRDUpgradeMgnt, rpc_port=50008, msg_que_id=262151
.key=LedCtrl, rpc_port=50009, msg_que_id=294920
.key=PefFilter, rpc_port=50009, msg_que_id=294920
.key=_redfish, rpc_port=50020, msg_que_id=655379
.key=AdditionalFan, rpc_port=50021, msg_que_id=688148
.key=SelFilter, rpc_port=50009, msg_que_id=294920
.key=CPLDSelftest, rpc_port=50011, msg_que_id=360458
.key=SMMportswitch, rpc_port=50028, msg_que_id=917531
.key=PcieRetimerAction, rpc_port=50001, msg_que_id=32768
.key=OAM, rpc_port=50028, msg_que_id=917531
.key=ModbusSlave, rpc_port=50014, msg_que_id=458765
.key=PowerOnCriteria, rpc_port=50022, msg_que_id=720917
.key=CpuPowTempMap, rpc_port=50021, msg_que_id=688148
.key=Diagnose, rpc_port=50015, msg_que_id=491534
.key=Fru, rpc_port=50007, msg_que_id=229382
.key=MMPortOtmInfo, rpc_port=50028, msg_que_id=917531
.key=LogicalDrive, rpc_port=50016, msg_que_id=524303
.key=I2cLed, rpc_port=50009, msg_que_id=294920
.key=_discovery, rpc_port=50019, msg_que_id=622610
.key=EventDescp, rpc_port=50009, msg_que_id=294920
.key=_ipmi_app, rpc_port=50025, msg_que_id=819224
.key=Composition, rpc_port=50001, msg_que_id=32768
.key=Component, rpc_port=50007, msg_que_id=229382
.key=BusinessPortVLAN, rpc_port=50028, msg_que_id=917531
.key=MutualAuthenticationRootCert, rpc_port=50023, msg_que_id=753686
.key=Elabel, rpc_port=50007, msg_que_id=229382
.key=SecurityEnhance, rpc_port=50026, msg_que_id=851993
.key=VRDUpgradeMgntAssist, rpc_port=50008, msg_que_id=262151
.key=InsertStatusLedCtrl, rpc_port=50009, msg_que_id=294920
.key=ResidentStorageMgnt, rpc_port=50016, msg_que_id=524303
.key=_NetConfig, rpc_port=50028, msg_que_id=917531
.key=LicenseGeneralInfo, rpc_port=50002, msg_que_id=65537
.key=DftStatus, rpc_port=50011, msg_que_id=360458
.key=NTP, rpc_port=50023, msg_que_id=753686
.key=Com, rpc_port=50025, msg_que_id=819224
.key=NoDevTest, rpc_port=50009, msg_que_id=294920
.key=MngtPortCap, rpc_port=50028, msg_que_id=917531
.key=USBPortSwitch, rpc_port=50023, msg_que_id=753686
.key=IpmbEth, rpc_port=50025, msg_que_id=819224
.key=SLIMCable, rpc_port=50016, msg_que_id=524303
.key=Modbus, rpc_port=50014, msg_que_id=458765
.key=IsMemBoard, rpc_port=50014, msg_que_id=458765
.key=ExternalRefInfo, rpc_port=50015, msg_que_id=491534
.key=AccessorUpdateAction, rpc_port=50008, msg_que_id=262151
.key=ProxyKvm, rpc_port=50018, msg_que_id=589841
.key=ChipUpgradeByI2C, rpc_port=50008, msg_que_id=262151
=====================other info=============================
ipmi app rpc port=50025
dft app rpc port=50011
my rpc port=50023
my ipc id=753686
sync sem4 id=32768
module id=24
=============================client end==========================
=====================class info============================
--------------------- EthGroup            -----------------
listened       : IpVersion: 589841, 851993, 
               : IpAddr: 589841, 819224, 851993, 917531, 
               : Ipv6Addr: 589841, 851993, 917531, 
               : SLAACIpv6Addr: 589841, 917531, 
               : Ipv6LocalLink: 589841, 917531, 
               : ActivePort: 589841, 917531, 
               : Type: 589841, 917531, 
               : IpMode: 851993, 753686, 
               : SubnetMask: 851993, 
               : DefaultGateway: 851993, 
               : Ipv6Mode: 851993, 753686, 
               : Ipv6DefaultGateway: 851993, 
               : Ipv6Prefix: 851993, 
               : VlanID: 917531, 
               : VlanState: 917531, 
               : NetMode: 917531, 
--------------------- FruStatics          -----------------
--------------------- BoardRTC            -----------------
--------------------- InnerBus            -----------------
--------------------- iBMAUSBMassStorage  -----------------
--------------------- OnePower            -----------------
listened       : PsType: 786455, 
               : Health: 294920, 
               : VinStatus: 294920, 
               : ReplaceFlag: 294920, 
--------------------- Pca9555             -----------------
--------------------- DftItem             -----------------
--------------------- VariantExpression   -----------------
--------------------- Expression          -----------------
listened       : Value: 294920, 
--------------------- Elabel              -----------------
listened       : BoardSerialNumber: 65537, 294920, 
               : MfgDateTime: 753686, 
               : ProductAssetTag: 294920, 
               : ChassisSerialNumber: 294920, 
--------------------- LDAPCert            -----------------
--------------------- Accessor            -----------------
--------------------- MgmtChipEnvConfig   -----------------
--------------------- Payload             -----------------
listened       : SysResetFlag: 32768, 491534, 262151, 425996, 557072, 458765, 786455, 294920, 327689, 524303, 131075, 
               : ChassisPowerState: 491534, 262151, 425996, 557072, 458765, 786455, 720917, 294920, 327689, 524303, 131075, 
               : ResetFlag: 491534, 425996, 557072, 458765, 786455, 327689, 524303, 294920, 
               : RestartValue: 425996, 294920, 
               : AcpiStatus: 720917, 
               : BoardStableStatus: 819224, 
               : AcpiValue: 294920, 
               : PwrOkSigDrop: 294920, 
               : PwrButtonFlag: 294920, 
               : PowerGd: 688148, 
--------------------- PRODUCT             -----------------
listened       : SessionTokenLength: 327689, 
--------------------- USBMassStorage      -----------------
--------------------- PcieCard            -----------------
listened       : Health: 294920, 
               : FatalError: 294920, 
               : FDMFault: 294920, 
               : ReplaceFlag: 294920, 
--------------------- SystemManagerInfo   -----------------
--------------------- SMM                 -----------------
--------------------- Pca9545             -----------------
--------------------- SwitchI2c           -----------------
--------------------- Fru                 -----------------
--------------------- TransferFileInfo    -----------------
--------------------- KRBCommon           -----------------
--------------------- Raid                -----------------
listened       : Health: 294920, 
               : ReplaceFlag: 294920, 
--------------------- Rtc                 -----------------
--------------------- SSL                 -----------------
listened       : CertStatus: 589841, 
               : SSLMasterKeyId: 851993, 
--------------------- USBPortSwitch       -----------------
--------------------- BMCCoreManagement   -----------------
--------------------- VMDCondition        -----------------
--------------------- Upgrade             -----------------
listened       : UpgradedFlag: 589841, 655379, 425996, 294920, 851993, 131075, 753686, 
               : PreRollbackFlag: 589841, 655379, 425996, 294920, 851993, 131075, 753686, 
               : Degrade: 557072, 
               : UpgradeFileMasterKeyId: 851993, 
--------------------- PMEServiceConfig    -----------------
listened       : BoardInfoCollectEnable: 753686, 
--------------------- RiserPcieCard       -----------------
listened       : Health: 294920, 
               : ReplaceFlag: 294920, 
--------------------- Bus                 -----------------
--------------------- SyslogConfig        -----------------
--------------------- Component           -----------------
listened       : Health: 294920, 
--------------------- MasterSMM           -----------------
--------------------- Log                 -----------------
--------------------- Hdd                 -----------------
listened       : Id: 491534, 229382, 
               : ReplaceFlag: 294920, 
               : Presence: 294920, 
               : RebuildState: 294920, 
--------------------- LDAPGroup           -----------------
--------------------- BoardTypeDefinition -----------------
--------------------- SysPower            -----------------
--------------------- DftVersion          -----------------
--------------------- ProductComponent    -----------------
--------------------- RemoteHttpsServerRootCert-----------------
--------------------- MutualAuthenticationCliCert-----------------
--------------------- Sel                 -----------------
listened       : SELCleared: 294920, 
--------------------- Ipmb                -----------------
--------------------- HDDBackplane        -----------------
listened       : ReplaceFlag: 294920, 
--------------------- CertMonitor         -----------------
--------------------- LDAPCommon          -----------------
--------------------- Connector           -----------------
--------------------- CollectPropertyDefinition-----------------
--------------------- BOARD               -----------------
listened       : SlotId: 753686, 917531, 
--------------------- MutualAuthenticationRootCert-----------------
listened       : hashId: 589841, 
               : hashValue: 589841, 
               : CRLFilePath: 589841, 
--------------------- I2c                 -----------------
--------------------- NandFlash           -----------------
--------------------- SMS                 -----------------
listened       : BoBChannelType: 589841, 819224, 917531, 950300, 
               : IPAddr: 655379, 294920, 
               : Port: 655379, 950300, 
               : RegisterState: 655379, 
               : MinPort: 294920, 
               : MaxPort: 294920, 
               : UpdateStatus: 524303, 
               : CdevChannelEnabled: 950300, 
--------------------- StringFormator      -----------------
--------------------- PCIeFPGACard        -----------------
--------------------- Chip                -----------------
--------------------- Wave                -----------------
--------------------- Anchor              -----------------
--------------------- TransferFile        -----------------
--------------------- Contact             -----------------
--------------------- Chassis             -----------------
listened       : ChassisNum: 917531, 
               : ChassisName: 294920, 
               : Location: 294920, 
--------------------- SecurityEnhance     -----------------
listened       : TLSVersion: 589841, 131075, 
               : AntiDNSRebindStatus: 589841, 
               : SSLCipherSuites: 589841, 
               : SystemLockDownStatus: 655379, 819224, 
               : RMCPCipherSuites: 819224, 
               : BannerState: 851993, 
               : MKUpdateInterval: 851993, 
               : IpmiMasterKeyId: 851993, 
               : SnmpPrivacyPwdMasterKeyId: 851993, 
               : CertOverdueWarnTime: 753686, 
--------------------- VRDUpgradeMgnt      -----------------
--------------------- Bios                -----------------
listened       : SystemStartupState: 491534, 917531, 
               : PcieCardBDF: 458765, 
               : PcieDiskBDF: 458765, 
               : OCPCardBDF: 458765, 
               : MenuChangeFlag: 458765, 
               : BiosBootStage: 458765, 
               : BiosPwdMasterKeyId: 851993, 
               : StartOption: 131075, 
--------------------- BMC                 -----------------
listened       : HostName: 589841, 163844, 917531, 294920, 
               : CustomManufacturer: 655379, 
--------------------- Gpio                -----------------
--------------------- VirtualWire         -----------------
--------------------- SSLEncryptKey       -----------------
listened       : WorkKey: 753686, 
--------------------- NTP                 -----------------
listened       : NtpPwdMasterKeyId: 851993, 
               : SysTimeJumpVal: 753686, 
--------------------- MutualAuthentication-----------------
listened       : MutualAuthenticationState: 589841, 851993, 
               : MutualAuthenticationOCSP: 589841, 851993, 
               : MutualAuthenticationCRL: 589841, 
--------------------- LDAP                -----------------
listened       : BindDNPswMasterKeyId: 851993, 
--------------------- NandInfo            -----------------
--------------------- BoardInfoCollectCfg -----------------
--------------------- LocalBusMix         -----------------
=====================fwrite info============================
fm sync fwrite cnt: 0
log fwrite cnt: 0
fm setcontent fwrite cnt: 0
