==========================object===========================
----------------- PCIeNCSIVirConnector          -----------
ref count      : 1
----------------- PRODUCT                       -----------
ref count      : 1
.SessionTokenLength : listened by port : 327689, 
----------------- PowerSupplyAnchor-6           -----------
ref count      : 1
----------------- Memory051                     -----------
ref count      : 1
.FDMFault       : listened by port : 294920, 
.ReplaceFlag    : listened by port : 294920, 
----------------- PcieZIP3                      -----------
ref count      : 1
----------------- ComHdd8-2                     -----------
ref count      : 1
.Health         : listened by port : 294920, 
----------------- ComDiskBackplane              -----------
ref count      : 1
.Health         : listened by port : 294920, 
----------------- RiserPcieCard:C               -----------
ref count      : 1
----------------- ComMemory010                  -----------
ref count      : 1
.Health         : listened by port : 294920, 
----------------- VirInnerBpConnect             -----------
ref count      : 1
----------------- reset_pca9545_Exp-8           -----------
ref count      : 1
.Value          : listened by port : 294920, 
----------------- LM75A_TE-801                  -----------
ref count      : 1
.Value          : send event count: 85369
.SensorName     : send event count: 1
----------------- PcieSlotExp2-8                -----------
ref count      : 1
.Value          : listened by port : 294920, 
----------------- GPUElabel-902                 -----------
ref count      : 1
.MfgDateTime    : listened by port : 753686, 
.ProductAssetTag : listened by port : 294920, 
.BoardSerialNumber : listened by port : 294920, 65537, 
.ChassisSerialNumber : listened by port : 294920, 
----------------- CardDescVariantExp-901        -----------
ref count      : 1
----------------- HddInner2-2                   -----------
ref count      : 1
.RebuildState   : listened by port : 294920, 
.Presence       : listened by port : 294920, 
.Id             : listened by port : 229382, 491534, 
.ReplaceFlag    : listened by port : 294920, 
----------------- PCIeFPGACard:C                -----------
ref count      : 1
----------------- FruNameConnector-901          -----------
ref count      : 1
----------------- PcieSATA1                     -----------
ref count      : 1
----------------- ComMemory011                  -----------
ref count      : 1
.Health         : listened by port : 294920, 
----------------- PcieSlot2Connect-9            -----------
ref count      : 1
----------------- LM75A_TE-802                  -----------
ref count      : 1
.Value          : send event count: 87605
.SensorName     : send event count: 1
----------------- PcieSlotExp2-9                -----------
ref count      : 1
.Value          : listened by port : 294920, 
----------------- pca9545_chan2-8               -----------
ref count      : 1
----------------- CoolingVirtual                -----------
ref count      : 1
----------------- PcieCardAnchor-902            -----------
ref count      : 1
----------------- PcieSAS1_1                    -----------
ref count      : 1
----------------- RiserCard2Connect             -----------
ref count      : 1
----------------- PcieSATA2                     -----------
ref count      : 1
----------------- GPUElabel-901                 -----------
ref count      : 1
.MfgDateTime    : listened by port : 753686, 
.ProductAssetTag : listened by port : 294920, 
.BoardSerialNumber : listened by port : 294920, 65537, 
.ChassisSerialNumber : listened by port : 294920, 
----------------- DminiChip-802                 -----------
ref count      : 1
----------------- AICORE-902                    -----------
ref count      : 1
.Value          : send event count: 2
.SensorName     : send event count: 1
----------------- ComNICCard-3                  -----------
ref count      : 1
.Health         : listened by port : 294920, 
----------------- MeInfo                        -----------
ref count      : 1
.CpuTjmax       : listened by port : 688148, 
----------------- PcieSlot1Connect-e            -----------
ref count      : 1
----------------- PartNumVariantExp-902         -----------
ref count      : 1
----------------- ProductComponent:C            -----------
ref count      : 1
----------------- PcieSAS1_2                    -----------
ref count      : 1
----------------- NPU1-901                      -----------
ref count      : 1
.IErr           : listened by port : 491534, 
.IMUState       : listened by port : 491534, 
----------------- PcieSATA3                     -----------
ref count      : 1
----------------- RiserCardAnchor-e             -----------
ref count      : 1
----------------- RAIDCPLD-1                    -----------
ref count      : 1
----------------- ComNICCard-4                  -----------
ref count      : 1
.Health         : listened by port : 294920, 
----------------- pca9545_chan2-9               -----------
ref count      : 1
----------------- Memory130                     -----------
ref count      : 1
.FDMFault       : listened by port : 294920, 
.ReplaceFlag    : listened by port : 294920, 
----------------- GPUFru-801                    -----------
ref count      : 1
----------------- PcieSlot5_94                  -----------
ref count      : 1
----------------- PcieSlot1Connect-8            -----------
ref count      : 1
----------------- ProductVirtual                -----------
ref count      : 1
----------------- localbus1                     -----------
ref count      : 1
----------------- ComPcieCard-801               -----------
ref count      : 1
.Health         : listened by port : 294920, 
----------------- DiskArrayConnector-1          -----------
ref count      : 1
----------------- AICORE-901                    -----------
ref count      : 1
.Value          : send event count: 2
.SensorName     : send event count: 1
----------------- RiserCardAnchor-8             -----------
ref count      : 1
----------------- BoardNameVariantExp-902       -----------
ref count      : 1
----------------- ComSASPHY                     -----------
ref count      : 1
.Health         : listened by port : 294920, 
----------------- Memory131                     -----------
ref count      : 1
.FDMFault       : listened by port : 294920, 
.ReplaceFlag    : listened by port : 294920, 
----------------- ComMemory160                  -----------
ref count      : 1
.Health         : listened by port : 294920, 
----------------- PcieSEC1                      -----------
ref count      : 1
----------------- InnerHddCard1-2               -----------
ref count      : 1
----------------- PcieSAS3_1                    -----------
ref count      : 1
----------------- PcieSlot1Connect-9            -----------
ref count      : 1
----------------- Hdd1-2                        -----------
ref count      : 1
.RebuildState   : listened by port : 294920, 
.Presence       : listened by port : 294920, 
.Id             : listened by port : 229382, 491534, 
.ReplaceFlag    : listened by port : 294920, 
----------------- PcieSlot7_36                  -----------
ref count      : 1
----------------- Memory010                     -----------
ref count      : 1
.FDMFault       : listened by port : 294920, 
.ReplaceFlag    : listened by port : 294920, 
----------------- ComBMA                        -----------
ref count      : 1
.Health         : listened by port : 294920, 
----------------- PcieSEC2                      -----------
ref count      : 1
----------------- ComMemory161                  -----------
ref count      : 1
.Health         : listened by port : 294920, 
----------------- Riser2VirtualConnector        -----------
ref count      : 1
----------------- ComPort1-3                    -----------
ref count      : 1
.Health         : listened by port : 294920, 
----------------- RiserCardAnchor-9             -----------
ref count      : 1
----------------- PcieSAS3_2                    -----------
ref count      : 1
----------------- Ps-5                          -----------
ref count      : 1
----------------- HddBackCardPcbidAccessor      -----------
ref count      : 1
----------------- Memory011                     -----------
ref count      : 1
.FDMFault       : listened by port : 294920, 
.ReplaceFlag    : listened by port : 294920, 
----------------- ComMemory040                  -----------
ref count      : 1
.Health         : listened by port : 294920, 
----------------- PcieSEC3                      -----------
ref count      : 1
----------------- ComPort1-4                    -----------
ref count      : 1
.Health         : listened by port : 294920, 
----------------- M2TrnsCardSlot1Connect-e      -----------
ref count      : 1
----------------- BaseboardConnector            -----------
ref count      : 1
----------------- ComPcieCard-802               -----------
ref count      : 1
.Health         : listened by port : 294920, 
----------------- AirCoolingConfigConnector     -----------
ref count      : 1
----------------- UpgradeCpldVirtual            -----------
ref count      : 1
----------------- Ps-6                          -----------
ref count      : 1
----------------- CardNameVariantExp-901        -----------
ref count      : 1
----------------- ComMemory041                  -----------
ref count      : 1
.Health         : listened by port : 294920, 
----------------- ComBMC                        -----------
ref count      : 1
.Health         : listened by port : 294920, 
----------------- MeInfo:C                      -----------
ref count      : 1
----------------- VirHddBackCardConnect         -----------
ref count      : 1
----------------- Hdd3-2                        -----------
ref count      : 1
.RebuildState   : listened by port : 294920, 
.Presence       : listened by port : 294920, 
.Id             : listened by port : 229382, 491534, 
.ReplaceFlag    : listened by port : 294920, 
----------------- M2TrnsCardSlot1Connect-8      -----------
ref count      : 1
----------------- PartNumVariantExp-901         -----------
ref count      : 1
----------------- MainBoard                     -----------
ref count      : 1
.PcbVer         : send event count: 1
.Health         : listened by port : 294920, 
----------------- PcieSlot2_94                  -----------
ref count      : 1
----------------- BaseboardId                   -----------
ref count      : 1
----------------- CardNameVariantExp-902        -----------
ref count      : 1
----------------- SecurityModuleConnect         -----------
ref count      : 1
----------------- GPUFru-802                    -----------
ref count      : 1
----------------- ComPort3-3                    -----------
ref count      : 1
.Health         : listened by port : 294920, 
----------------- VRDConnector                  -----------
ref count      : 1
----------------- M2TrnsCardSlot1Connect-9      -----------
ref count      : 1
----------------- Raid:C                        -----------
ref count      : 1
----------------- PMEServiceConfig              -----------
ref count      : 1
.BoardInfoCollectEnable : listened by port : 753686, 
----------------- ComPort3-4                    -----------
ref count      : 1
.Health         : listened by port : 294920, 
----------------- RearBackplaneConnect          -----------
ref count      : 1
----------------- Memory160                     -----------
ref count      : 1
.FDMFault       : listened by port : 294920, 
.ReplaceFlag    : listened by port : 294920, 
----------------- BoardNameVariantExp-801       -----------
ref count      : 1
----------------- Component:C                   -----------
ref count      : 1
----------------- HDDBackplane-2                -----------
ref count      : 1
.PcbVer         : send event count: 1
.LogicVerId     : send event count: 1
.HddSasMaxTemp  : send event count: 1
.ReplaceFlag    : listened by port : 294920, 
.PcbId          : send event count: 1
.LogicVer       : send event count: 1
.SsdSasMaxTemp  : send event count: 1
----------------- BoardNameVariantExp-802       -----------
ref count      : 1
----------------- NPU1-902                      -----------
ref count      : 1
.IErr           : listened by port : 491534, 
.IMUState       : listened by port : 491534, 
----------------- Hdd5-2                        -----------
ref count      : 1
.RebuildState   : listened by port : 294920, 
.Presence       : listened by port : 294920, 
.Id             : listened by port : 229382, 491534, 
.ReplaceFlag    : listened by port : 294920, 
----------------- Memory161                     -----------
ref count      : 1
.FDMFault       : listened by port : 294920, 
.ReplaceFlag    : listened by port : 294920, 
----------------- ComHddInner0-2                -----------
ref count      : 1
.Health         : listened by port : 294920, 
----------------- ComButton                     -----------
ref count      : 1
.Health         : listened by port : 294920, 
----------------- RaidCpldChip-1                -----------
ref count      : 1
----------------- ComMemory120                  -----------
ref count      : 1
.Health         : listened by port : 294920, 
----------------- ComHdd1-2                     -----------
ref count      : 1
.Health         : listened by port : 294920, 
----------------- ADCConnector                  -----------
ref count      : 1
----------------- Memory040                     -----------
ref count      : 1
.FDMFault       : listened by port : 294920, 
.ReplaceFlag    : listened by port : 294920, 
----------------- Port1-3                       -----------
ref count      : 1
.LinkStatusBMA  : listened by port : 294920, 
.ActualMac      : listened by port : 917531, 
----------------- FruNameConnector-801          -----------
ref count      : 1
----------------- AICORE-801                    -----------
ref count      : 1
.Value          : send event count: 2
.SensorName     : send event count: 1
----------------- Port1-4                       -----------
ref count      : 1
.LinkStatusBMA  : listened by port : 294920, 
.ActualMac      : listened by port : 917531, 
----------------- ComMemory121                  -----------
ref count      : 1
.Health         : listened by port : 294920, 
----------------- FANConnector                  -----------
ref count      : 1
----------------- ComHdd10-2                    -----------
ref count      : 1
.Health         : listened by port : 294920, 
----------------- ProductConnector              -----------
ref count      : 1
----------------- Memory041                     -----------
ref count      : 1
.FDMFault       : listened by port : 294920, 
.ReplaceFlag    : listened by port : 294920, 
----------------- ComMemory070                  -----------
ref count      : 1
.Health         : listened by port : 294920, 
----------------- CardDescVariantExp-801        -----------
ref count      : 1
----------------- Fru0Elabel-3                  -----------
ref count      : 1
.MfgDateTime    : listened by port : 753686, 
.ProductAssetTag : listened by port : 294920, 
.BoardSerialNumber : listened by port : 294920, 65537, 
.ChassisSerialNumber : listened by port : 294920, 
----------------- pcbid_exp                     -----------
ref count      : 1
.Value          : send event count: 1 : listened by port : 294920, 
.X              : send event count: 1
----------------- ComMemory000                  -----------
ref count      : 1
.Health         : listened by port : 294920, 
----------------- BMC                           -----------
ref count      : 1
.HostName       : listened by port : 294920, 917531, 163844, 589841, 
.CustomManufacturer : listened by port : 655379, 
----------------- BbuModuleConnect              -----------
ref count      : 1
----------------- PartNumVariantExp-802         -----------
ref count      : 1
----------------- FCCardConnector               -----------
ref count      : 1
----------------- AICORE-802                    -----------
ref count      : 1
.Value          : send event count: 2
.SensorName     : send event count: 1
----------------- Fru0Elabel-4                  -----------
ref count      : 1
.MfgDateTime    : listened by port : 753686, 
.ProductAssetTag : listened by port : 294920, 
.BoardSerialNumber : listened by port : 294920, 65537, 
.ChassisSerialNumber : listened by port : 294920, 
----------------- ComMemory071                  -----------
ref count      : 1
.Health         : listened by port : 294920, 
----------------- SmBios                        -----------
ref count      : 1
.SmBiosStatus   : recv event count: 203 : listened by port : 131075, 458765, 262151, 393227, 491534, 
.FileChange     : listened by port : 557072, 
----------------- VirRearBpConnect              -----------
ref count      : 1
----------------- Hdd7-2                        -----------
ref count      : 1
.RebuildState   : listened by port : 294920, 
.Presence       : listened by port : 294920, 
.Id             : listened by port : 229382, 491534, 
.ReplaceFlag    : listened by port : 294920, 
----------------- ComMemory001                  -----------
ref count      : 1
.Health         : listened by port : 294920, 
----------------- ComHddInner2-2                -----------
ref count      : 1
.Health         : listened by port : 294920, 
----------------- Bios                          -----------
ref count      : 1
.PcieCardBDF    : recv event count: 101 : listened by port : 458765, 
.MenuChangeFlag : listened by port : 458765, 
.StartOption    : listened by port : 131075, 
.PcieDiskBDF    : recv event count: 101 : listened by port : 458765, 
.OCPCardBDF     : listened by port : 458765, 
.SystemStartupState : listened by port : 917531, 491534, 
.BiosBootStage  : recv event count: 101 : listened by port : 458765, 
.BiosPwdMasterKeyId : listened by port : 851993, 
----------------- Port3-3                       -----------
ref count      : 1
.LinkStatusBMA  : listened by port : 294920, 
.ActualMac      : listened by port : 917531, 
----------------- reset_pca9545_Exp-9           -----------
ref count      : 1
.Value          : listened by port : 294920, 
----------------- FruNameConnector-802          -----------
ref count      : 1
----------------- ComHdd3-2                     -----------
ref count      : 1
.Health         : listened by port : 294920, 
----------------- Payload:C                     -----------
ref count      : 1
----------------- PartNumVariantExp-801         -----------
ref count      : 1
----------------- CardDescVariantExp-802        -----------
ref count      : 1
----------------- GPUElabel-802                 -----------
ref count      : 1
.MfgDateTime    : listened by port : 753686, 
.ProductAssetTag : listened by port : 294920, 
.BoardSerialNumber : listened by port : 294920, 65537, 
.ChassisSerialNumber : listened by port : 294920, 
----------------- Port3-4                       -----------
ref count      : 1
.LinkStatusBMA  : listened by port : 294920, 
.ActualMac      : listened by port : 917531, 
----------------- FruPayload                    -----------
ref count      : 1
----------------- ComM2Disk1                    -----------
ref count      : 1
.Health         : listened by port : 294920, 
----------------- GPUElabel-801                 -----------
ref count      : 1
.MfgDateTime    : listened by port : 753686, 
.ProductAssetTag : listened by port : 294920, 
.BoardSerialNumber : listened by port : 294920, 65537, 
.ChassisSerialNumber : listened by port : 294920, 
----------------- ComMemory                     -----------
ref count      : 1
.Health         : listened by port : 294920, 
----------------- PSUCustomizeSensorAnchor-5    -----------
ref count      : 1
----------------- Bios:C                        -----------
ref count      : 1
----------------- Memory120                     -----------
ref count      : 1
.FDMFault       : listened by port : 294920, 
.ReplaceFlag    : listened by port : 294920, 
----------------- ProductComponent              -----------
ref count      : 1
----------------- ComM2Disk2                    -----------
ref count      : 1
.Health         : listened by port : 294920, 
----------------- Anchor:C                      -----------
ref count      : 1
----------------- hotswap0                      -----------
ref count      : 1
.CurrentHotswapState : recv event count: 4 : listened by port : 917531, 458765, 
.MixHotswapState : listened by port : 294920, 786455, 
----------------- Hdd9-2                        -----------
ref count      : 1
.RebuildState   : listened by port : 294920, 
.Presence       : listened by port : 294920, 
.Id             : listened by port : 229382, 491534, 
.ReplaceFlag    : listened by port : 294920, 
----------------- InnerHddCard2_exp-2           -----------
ref count      : 1
.Value          : send event count: 1 : listened by port : 294920, 
----------------- PSUCustomizeSensorAnchor-6    -----------
ref count      : 1
----------------- Hi1710IBus                    -----------
ref count      : 1
----------------- InnerBackplaneConnect         -----------
ref count      : 1
----------------- Memory121                     -----------
ref count      : 1
.FDMFault       : listened by port : 294920, 
.ReplaceFlag    : listened by port : 294920, 
----------------- MainBoard:C                   -----------
ref count      : 1
----------------- ComHdd5-2                     -----------
ref count      : 1
.Health         : listened by port : 294920, 
----------------- RiserCardFru-e                -----------
ref count      : 1
----------------- ComMemory150                  -----------
ref count      : 1
.Health         : listened by port : 294920, 
----------------- cpld1                         -----------
ref count      : 1
----------------- Memory070                     -----------
ref count      : 1
.FDMFault       : listened by port : 294920, 
.ReplaceFlag    : listened by port : 294920, 
----------------- Hdd10-2                       -----------
ref count      : 1
.RebuildState   : listened by port : 294920, 
.Presence       : listened by port : 294920, 
.Id             : listened by port : 229382, 491534, 
.ReplaceFlag    : listened by port : 294920, 
----------------- RaidControllerConnector       -----------
ref count      : 1
----------------- Memory000                     -----------
ref count      : 1
.FDMFault       : listened by port : 294920, 
.ReplaceFlag    : listened by port : 294920, 
----------------- LogicalDriveDynamicConnector  -----------
ref count      : 1
----------------- i2c_4                         -----------
ref count      : 1
----------------- ComMemory151                  -----------
ref count      : 1
.Health         : listened by port : 294920, 
----------------- PcieCard-901                  -----------
ref count      : 1
.Firmware       : send event count: 1
.RefChip        : send event count: 1
.MaxFrameLen    : send event count: 1
.DeviceId       : send event count: 1
.SubVenderId    : send event count: 1
.PcieCardSlot   : send event count: 1
.PFAEvent       : send event count: 1
.FaultByBIOS    : send event count: 1
.ChipTemp       : send event count: 2
.DeviceNum      : send event count: 2
.FatalError     : send event count: 1 : listened by port : 294920, 
.FDMFault       : send event count: 1 : listened by port : 294920, 
.PcbIdReg       : send event count: 2
.EventDevice    : send event count: 1
.LinkWidthAbility : send event count: 2
.FunctionClass  : send event count: 1
.BomId          : send event count: 2
.FaultState     : send event count: 1
.PartNum        : send event count: 1
.SubDeviceId    : send event count: 1
.FunctionNum    : send event count: 2
.PcbVer         : send event count: 2
.SlaveCard      : send event count: 1
.IndentifyInIDS : send event count: 1
.DeviceStatus1  : send event count: 1
.BoardName      : send event count: 1
.BoardId        : send event count: 2
.FaultCode      : send event count: 2
.EventDirection : send event count: 1
.LinkWidth      : send event count: 2
.Type           : send event count: 1
.ReloadXml      : send event count: 1
.DecreasedBandWidth : send event count: 1
.SlaveCardArr   : send event count: 1
.Protocol       : send event count: 1
.Manufacturer   : send event count: 1
.Health         : send event count: 1 : listened by port : 294920, 
.LinkSpeed      : send event count: 1
.VenderId       : send event count: 1
.ResId          : send event count: 2
.BusNum         : send event count: 2
.PreviousSN     : send event count: 1
.SerialNumber   : send event count: 1
.Name           : send event count: 1
.RefComponent   : send event count: 1
.Presence       : send event count: 1
.LinkSpeedAbility : send event count: 1
.CardDesc       : send event count: 1
.ChipNumber     : send event count: 1
.ReplaceFlag    : send event count: 1 : listened by port : 294920, 
----------------- DminiChip-901                 -----------
ref count      : 1
----------------- i2c_5                         -----------
ref count      : 1
----------------- Memory071                     -----------
ref count      : 1
.FDMFault       : listened by port : 294920, 
.ReplaceFlag    : listened by port : 294920, 
----------------- RiserCardFru-8                -----------
ref count      : 1
----------------- LM75B_TE-901                  -----------
ref count      : 1
.Value          : send event count: 94521
.SensorName     : send event count: 1
----------------- PcieCardAnchor-801            -----------
ref count      : 1
----------------- Memory001                     -----------
ref count      : 1
.FDMFault       : listened by port : 294920, 
.ReplaceFlag    : listened by port : 294920, 
----------------- ComMemory030                  -----------
ref count      : 1
.Health         : listened by port : 294920, 
----------------- PCIeFPGACard-901              -----------
ref count      : 1
.LogicUnit      : send event count: 1
.RefChip        : send event count: 1
.PcbVer         : send event count: 1
.LogicVer       : send event count: 1
.McuVersion     : send event count: 2
.Power          : send event count: 899228
.SerialNumber   : send event count: 1
.Health         : send event count: 1
.Desc           : send event count: 1
.Manufacturer   : send event count: 1
.BoardId        : send event count: 1
.ShellID        : send event count: 1
.MaxDIMMTemp    : send event count: 1
.Name           : send event count: 1
.PcbId          : send event count: 1
.FirmwareVersion : send event count: 1
.FaultState     : send event count: 1
.LogicVerId     : send event count: 1
.McuSupported   : send event count: 1
.BoardName      : send event count: 1
.ScaleRatio     : send event count: 1
.DIMMNum        : send event count: 1
.PowerDouble    : send event count: 1
.ECCCountPerChip : send event count: 1
.FaultCode      : send event count: 1
.Slot           : send event count: 1
----------------- PcieCard-902                  -----------
ref count      : 1
.Firmware       : send event count: 1
.RefChip        : send event count: 1
.MaxFrameLen    : send event count: 1
.DeviceId       : send event count: 1
.SubVenderId    : send event count: 1
.PcieCardSlot   : send event count: 1
.PFAEvent       : send event count: 1
.FaultByBIOS    : send event count: 1
.ChipTemp       : send event count: 2
.DeviceNum      : send event count: 2
.FatalError     : send event count: 1 : listened by port : 294920, 
.FDMFault       : send event count: 1 : listened by port : 294920, 
.PcbIdReg       : send event count: 2
.EventDevice    : send event count: 1
.LinkWidthAbility : send event count: 2
.FunctionClass  : send event count: 1
.BomId          : send event count: 2
.FaultState     : send event count: 1
.PartNum        : send event count: 1
.SubDeviceId    : send event count: 1
.FunctionNum    : send event count: 2
.PcbVer         : send event count: 2
.SlaveCard      : send event count: 1
.IndentifyInIDS : send event count: 1
.DeviceStatus1  : send event count: 1
.BoardName      : send event count: 1
.BoardId        : send event count: 2
.FaultCode      : send event count: 2
.EventDirection : send event count: 1
.LinkWidth      : send event count: 2
.Type           : send event count: 1
.ReloadXml      : send event count: 1
.DecreasedBandWidth : send event count: 1
.SlaveCardArr   : send event count: 1
.Protocol       : send event count: 1
.Manufacturer   : send event count: 1
.Health         : send event count: 1 : listened by port : 294920, 
.LinkSpeed      : send event count: 1
.VenderId       : send event count: 1
.ResId          : send event count: 2
.BusNum         : send event count: 2
.PreviousSN     : send event count: 1
.SerialNumber   : send event count: 1
.Name           : send event count: 1
.RefComponent   : send event count: 1
.Presence       : send event count: 1
.LinkSpeedAbility : send event count: 1
.CardDesc       : send event count: 1
.ChipNumber     : send event count: 1
.ReplaceFlag    : send event count: 1 : listened by port : 294920, 
----------------- i2c_6                         -----------
ref count      : 1
----------------- DminiChip-902                 -----------
ref count      : 1
----------------- Warning                       -----------
ref count      : 1
.HealthStatus   : listened by port : 294920, 
----------------- RiserCardFru-9                -----------
ref count      : 1
----------------- PcieCardAnchor-802            -----------
ref count      : 1
----------------- LM75B_TE-902                  -----------
ref count      : 1
.Value          : send event count: 96340
.SensorName     : send event count: 1
----------------- PcieSlot4_94                  -----------
ref count      : 1
----------------- ComMemory031                  -----------
ref count      : 1
.Health         : listened by port : 294920, 
----------------- PCIeFPGACard-902              -----------
ref count      : 1
.LogicUnit      : send event count: 1
.RefChip        : send event count: 1
.PcbVer         : send event count: 1
.LogicVer       : send event count: 1
.McuVersion     : send event count: 2
.Power          : send event count: 793441
.SerialNumber   : send event count: 1
.Health         : send event count: 1
.Desc           : send event count: 1
.Manufacturer   : send event count: 1
.BoardId        : send event count: 1
.ShellID        : send event count: 1
.MaxDIMMTemp    : send event count: 1
.Name           : send event count: 1
.PcbId          : send event count: 1
.FirmwareVersion : send event count: 1
.FaultState     : send event count: 1
.LogicVerId     : send event count: 1
.McuSupported   : send event count: 1
.BoardName      : send event count: 1
.ScaleRatio     : send event count: 1
.DIMMNum        : send event count: 1
.PowerDouble    : send event count: 1
.ECCCountPerChip : send event count: 1
.FaultCode      : send event count: 1
.Slot           : send event count: 1
----------------- pca9545_chip-8                -----------
ref count      : 1
----------------- MotherBoard                   -----------
ref count      : 1
----------------- ComSystem                     -----------
ref count      : 1
.Health         : listened by port : 294920, 
----------------- Hi1710                        -----------
ref count      : 1
----------------- ComHdd7-2                     -----------
ref count      : 1
.Health         : listened by port : 294920, 
----------------- PcieSlot3Connect-8            -----------
ref count      : 1
----------------- NPU:C                         -----------
ref count      : 1
----------------- PcieSlotExp1-8                -----------
ref count      : 1
.Value          : listened by port : 294920, 
----------------- RaidElabel-1                  -----------
ref count      : 1
.MfgDateTime    : listened by port : 753686, 
.ProductAssetTag : listened by port : 294920, 
.BoardSerialNumber : listened by port : 294920, 65537, 
.ChassisSerialNumber : listened by port : 294920, 
----------------- VLANConnector                 -----------
ref count      : 1
----------------- Connector:C                   -----------
ref count      : 1
----------------- HddInner1-2                   -----------
ref count      : 1
.RebuildState   : listened by port : 294920, 
.Presence       : listened by port : 294920, 
.Id             : listened by port : 229382, 491534, 
.ReplaceFlag    : listened by port : 294920, 
----------------- pca9545_chip-9                -----------
ref count      : 1
----------------- PcieNicCard1                  -----------
ref count      : 1
----------------- OSEthConnector                -----------
ref count      : 1
----------------- ComFan                        -----------
ref count      : 1
.Health         : listened by port : 294920, 
----------------- PcieSlot3Connect-9            -----------
ref count      : 1
----------------- PcieSlotExp1-9                -----------
ref count      : 1
.Value          : listened by port : 294920, 
----------------- OnePower:C                    -----------
ref count      : 1
----------------- LomCard-3                     -----------
ref count      : 1
.RootBDF        : send event count: 1
.FDMFault       : listened by port : 294920, 
.BWUWaveFileName : send event count: 1
.Eid            : listened by port : 917531, 
.Health         : listened by port : 294920, 
.HotplugCtrlStatus : listened by port : 458765, 
.ResId          : send event count: 1
.BWUWaveTitle   : send event count: 1
.PrePlug        : listened by port : 917531, 
.ReplaceFlag    : listened by port : 294920, 
----------------- Memory150                     -----------
ref count      : 1
.FDMFault       : listened by port : 294920, 
.ReplaceFlag    : listened by port : 294920, 
----------------- PowerDoubleExpr-901           -----------
ref count      : 1
.Value          : listened by port : 294920, 
----------------- i2c4_pca9545_chip             -----------
ref count      : 1
----------------- PcieNicCard2                  -----------
ref count      : 1
----------------- ComHDDBackplane-2             -----------
ref count      : 1
.Health         : listened by port : 294920, 
----------------- FCPortConnector               -----------
ref count      : 1
----------------- Hotswap:C                     -----------
ref count      : 1
----------------- PowerDoubleExpr-902           -----------
ref count      : 1
.Value          : listened by port : 294920, 
----------------- BusinessPort:C                -----------
ref count      : 1
----------------- LomCard-4                     -----------
ref count      : 1
.RootBDF        : send event count: 1
.FDMFault       : listened by port : 294920, 
.BWUWaveFileName : send event count: 1
.Eid            : listened by port : 917531, 
.Health         : listened by port : 294920, 
.HotplugCtrlStatus : listened by port : 458765, 
.ResId          : send event count: 1
.BWUWaveTitle   : send event count: 1
.PrePlug        : listened by port : 917531, 
.ReplaceFlag    : listened by port : 294920, 
----------------- Memory151                     -----------
ref count      : 1
.FDMFault       : listened by port : 294920, 
.ReplaceFlag    : listened by port : 294920, 
----------------- ComHdd9-2                     -----------
ref count      : 1
.Health         : listened by port : 294920, 
----------------- Cpu:C                         -----------
ref count      : 1
----------------- ComPS1                        -----------
ref count      : 1
.Health         : listened by port : 294920, 
----------------- Raid-1                        -----------
ref count      : 1
.PcbVer         : send event count: 1
.Health         : listened by port : 294920, 
.ReplaceFlag    : listened by port : 294920, 
.PcbId          : send event count: 1
.Fault          : send event count: 2
.ResId          : send event count: 1
.Status         : send event count: 1
----------------- ComMemory110                  -----------
ref count      : 1
.Health         : listened by port : 294920, 
----------------- Hdd:C                         -----------
ref count      : 1
----------------- Cpu1                          -----------
ref count      : 1
.Error2         : listened by port : 491534, 
.Version        : listened by port : 688148, 
.IErr           : listened by port : 131075, 491534, 
.FDMFault       : listened by port : 294920, 
.McErr          : listened by port : 131075, 491534, 
.MirrorFailChMask : listened by port : 491534, 
----------------- PcieSlot1_94                  -----------
ref count      : 1
----------------- Memory030                     -----------
ref count      : 1
.FDMFault       : listened by port : 294920, 
.ReplaceFlag    : listened by port : 294920, 
----------------- HddBackplaneFru-2             -----------
ref count      : 1
----------------- PcieSlotExp3-8                -----------
ref count      : 1
.Value          : listened by port : 294920, 
----------------- HddInner3-2                   -----------
ref count      : 1
.RebuildState   : listened by port : 294920, 
.Presence       : listened by port : 294920, 
.Id             : listened by port : 229382, 491534, 
.ReplaceFlag    : listened by port : 294920, 
----------------- VirtualConnector1-2           -----------
ref count      : 1
----------------- ComPS2                        -----------
ref count      : 1
.Health         : listened by port : 294920, 
----------------- ComMemory111                  -----------
ref count      : 1
.Health         : listened by port : 294920, 
----------------- HddBackCardConnect            -----------
ref count      : 1
----------------- PSUSensorConnect-5            -----------
ref count      : 1
----------------- ComCPU2Memory                 -----------
ref count      : 1
.Health         : listened by port : 294920, 
----------------- Memory031                     -----------
ref count      : 1
.FDMFault       : listened by port : 294920, 
.ReplaceFlag    : listened by port : 294920, 
----------------- Hdd0-2                        -----------
ref count      : 1
.RebuildState   : listened by port : 294920, 
.Presence       : listened by port : 294920, 
.Id             : listened by port : 229382, 491534, 
.ReplaceFlag    : listened by port : 294920, 
----------------- Cpu2                          -----------
ref count      : 1
.Error2         : listened by port : 491534, 
.Version        : listened by port : 688148, 
.IErr           : listened by port : 131075, 491534, 
.FDMFault       : listened by port : 294920, 
.McErr          : listened by port : 131075, 491534, 
.MirrorFailChMask : listened by port : 491534, 
----------------- pca9545_chan3-8               -----------
ref count      : 1
----------------- ComMemory060                  -----------
ref count      : 1
.Health         : listened by port : 294920, 
----------------- PcieNicCard5                  -----------
ref count      : 1
----------------- PcieSAS2_1                    -----------
ref count      : 1
----------------- M2TrnsCardSlot3Connect-9      -----------
ref count      : 1
----------------- LomCard2Connect               -----------
ref count      : 1
----------------- M2TrnsCardSlot3Connect-8      -----------
ref count      : 1
----------------- LM75A_TE-902                  -----------
ref count      : 1
.Value          : send event count: 88104
.SensorName     : send event count: 1
----------------- ComMemory061                  -----------
ref count      : 1
.Health         : listened by port : 294920, 
----------------- NPU1-802                      -----------
ref count      : 1
.IErr           : listened by port : 491534, 
.IMUState       : listened by port : 491534, 
----------------- PSUSensorConnect-6            -----------
ref count      : 1
----------------- PcieSAS2_2                    -----------
ref count      : 1
----------------- PcieCard:C                    -----------
ref count      : 1
----------------- RaidCardConnect               -----------
ref count      : 1
----------------- LogicalDriveConnector-1       -----------
ref count      : 1
----------------- mctpcontrol                   -----------
ref count      : 1
----------------- CardNameVariantExp-801        -----------
ref count      : 1
----------------- Fru0Elabel                    -----------
ref count      : 1
.MfgDateTime    : listened by port : 753686, 
.ProductAssetTag : listened by port : 294920, 
.BoardSerialNumber : listened by port : 294920, 65537, 
.ChassisSerialNumber : listened by port : 294920, 
----------------- pca9545_chan3-9               -----------
ref count      : 1
----------------- GPUFru-901                    -----------
ref count      : 1
----------------- NPU1-801                      -----------
ref count      : 1
.IErr           : listened by port : 491534, 
.IMUState       : listened by port : 491534, 
----------------- PeripheralDeviceSensor:C      -----------
ref count      : 1
----------------- Fru:C                         -----------
ref count      : 1
----------------- ComPcieCard-901               -----------
ref count      : 1
.Health         : listened by port : 294920, 
----------------- LM75A_TE-901                  -----------
ref count      : 1
.Value          : send event count: 87727
.SensorName     : send event count: 1
----------------- CardNameVariantExp-802        -----------
ref count      : 1
----------------- ComChassis                    -----------
ref count      : 1
.Health         : listened by port : 294920, 
----------------- InnerHddCard2-2               -----------
ref count      : 1
----------------- Hdd2-2                        -----------
ref count      : 1
.RebuildState   : listened by port : 294920, 
.Presence       : listened by port : 294920, 
.Id             : listened by port : 229382, 491534, 
.ReplaceFlag    : listened by port : 294920, 
----------------- GPUFru-902                    -----------
ref count      : 1
----------------- LomCard1Connect               -----------
ref count      : 1
----------------- ComPcieCard-902               -----------
ref count      : 1
.Health         : listened by port : 294920, 
----------------- Memory110                     -----------
ref count      : 1
.FDMFault       : listened by port : 294920, 
.ReplaceFlag    : listened by port : 294920, 
----------------- InnerHddCard1_exp-2           -----------
ref count      : 1
.Value          : send event count: 1 : listened by port : 294920, 
----------------- ComPort2-3                    -----------
ref count      : 1
.Health         : listened by port : 294920, 
----------------- ComPS                         -----------
ref count      : 1
.Health         : listened by port : 294920, 
----------------- RaidSlot1                     -----------
ref count      : 1
----------------- RaidPcbIdAccessor-1           -----------
ref count      : 1
----------------- Memory111                     -----------
ref count      : 1
.FDMFault       : listened by port : 294920, 
.ReplaceFlag    : listened by port : 294920, 
----------------- ComMemory140                  -----------
ref count      : 1
.Health         : listened by port : 294920, 
----------------- ComPort2-4                    -----------
ref count      : 1
.Health         : listened by port : 294920, 
----------------- Memory060                     -----------
ref count      : 1
.FDMFault       : listened by port : 294920, 
.ReplaceFlag    : listened by port : 294920, 
----------------- LomCardFru-3                  -----------
ref count      : 1
----------------- PRODUCT:C                     -----------
ref count      : 1
----------------- ComMotherBoard                -----------
ref count      : 1
.Health         : listened by port : 294920, 
----------------- ComMemory141                  -----------
ref count      : 1
.Health         : listened by port : 294920, 
----------------- UpgradeCpldConnector          -----------
ref count      : 1
----------------- SensorConnect                 -----------
ref count      : 1
----------------- Hdd4-2                        -----------
ref count      : 1
.RebuildState   : listened by port : 294920, 
.Presence       : listened by port : 294920, 
.Id             : listened by port : 229382, 491534, 
.ReplaceFlag    : listened by port : 294920, 
----------------- Memory061                     -----------
ref count      : 1
.FDMFault       : listened by port : 294920, 
.ReplaceFlag    : listened by port : 294920, 
----------------- ComFan1                       -----------
ref count      : 1
.Health         : listened by port : 294920, 
----------------- Port0-3                       -----------
ref count      : 1
.LinkStatusBMA  : listened by port : 294920, 
.ActualMac      : listened by port : 917531, 
----------------- NetCard:C                     -----------
ref count      : 1
----------------- PcieSlot6_94                  -----------
ref count      : 1
----------------- ComHdd0-2                     -----------
ref count      : 1
.Health         : listened by port : 294920, 
----------------- ComMemory020                  -----------
ref count      : 1
.Health         : listened by port : 294920, 
----------------- ComPort4-3                    -----------
ref count      : 1
.Health         : listened by port : 294920, 
----------------- ComFan2                       -----------
ref count      : 1
.Health         : listened by port : 294920, 
----------------- onepower-5                    -----------
ref count      : 1
.Health         : listened by port : 294920, 
.VinStatus      : listened by port : 294920, 
.PsType         : listened by port : 786455, 
.ReplaceFlag    : listened by port : 294920, 
----------------- RearBpVirtualConnector        -----------
ref count      : 1
----------------- Port0-4                       -----------
ref count      : 1
.LinkStatusBMA  : listened by port : 294920, 
.ActualMac      : listened by port : 917531, 
----------------- ComMemory021                  -----------
ref count      : 1
.Health         : listened by port : 294920, 
----------------- M2SataSSDSlotConnect          -----------
ref count      : 1
----------------- ComRaidCard-1                 -----------
ref count      : 1
.Health         : listened by port : 294920, 
----------------- ComPort4-4                    -----------
ref count      : 1
.Health         : listened by port : 294920, 
----------------- ComFan3                       -----------
ref count      : 1
.Health         : listened by port : 294920, 
----------------- PcieSlot8_36                  -----------
ref count      : 1
----------------- onepower-6                    -----------
ref count      : 1
.Health         : listened by port : 294920, 
.VinStatus      : listened by port : 294920, 
.PsType         : listened by port : 786455, 
.ReplaceFlag    : listened by port : 294920, 
----------------- ChassisPayload                -----------
ref count      : 1
.RestartValue   : listened by port : 294920, 425996, 
.AcpiValue      : listened by port : 294920, 
.BoardStableStatus : listened by port : 819224, 
.AcpiStatus     : listened by port : 720917, 
.PwrButtonFlag  : listened by port : 294920, 
.PwrOkSigDrop   : listened by port : 294920, 
.ChassisPowerState : recv event count: 1 : listened by port : 131075, 524303, 327689, 294920, 720917, 786455, 458765, 557072, 425996, 262151, 491534, 
.PowerGd        : listened by port : 688148, 
.ResetFlag      : listened by port : 294920, 524303, 327689, 786455, 458765, 557072, 425996, 491534, 
.SysResetFlag   : recv event count: 102 : listened by port : 131075, 524303, 327689, 294920, 786455, 458765, 557072, 425996, 262151, 491534, 32768, 
----------------- fan1                          -----------
ref count      : 1
----------------- BoardNameVariantExp-901       -----------
ref count      : 1
----------------- LomCardFru-4                  -----------
ref count      : 1
----------------- Riser1VirtualConnector        -----------
ref count      : 1
----------------- fan2                          -----------
ref count      : 1
----------------- PcieSlot2Connect-e            -----------
ref count      : 1
----------------- ComFan4                       -----------
ref count      : 1
.Health         : listened by port : 294920, 
----------------- PCIeAddrInfoVirtual           -----------
ref count      : 1
----------------- Hdd6-2                        -----------
ref count      : 1
.RebuildState   : listened by port : 294920, 
.Presence       : listened by port : 294920, 
.Id             : listened by port : 229382, 491534, 
.ReplaceFlag    : listened by port : 294920, 
----------------- ComPcieRiser1                 -----------
ref count      : 1
.Health         : listened by port : 294920, 
----------------- M2Disk1                       -----------
ref count      : 1
.RebuildState   : listened by port : 294920, 
.Presence       : listened by port : 294920, 
.Id             : listened by port : 229382, 491534, 
.ReplaceFlag    : listened by port : 294920, 
----------------- ComHddInner1-2                -----------
ref count      : 1
.Health         : listened by port : 294920, 
----------------- Port2-3                       -----------
ref count      : 1
.LinkStatusBMA  : listened by port : 294920, 
.ActualMac      : listened by port : 917531, 
----------------- ComPowerSupply-5              -----------
ref count      : 1
.Health         : listened by port : 294920, 
----------------- Warning:C                     -----------
ref count      : 1
----------------- ComRiserCard-e                -----------
ref count      : 1
.Health         : listened by port : 294920, 
----------------- Memory140                     -----------
ref count      : 1
.FDMFault       : listened by port : 294920, 
.ReplaceFlag    : listened by port : 294920, 
----------------- RaidCardAnchor-1              -----------
ref count      : 1
----------------- LomCardAnchor-3               -----------
ref count      : 1
----------------- LomCardAnchor-4               -----------
ref count      : 1
----------------- M2Disk2                       -----------
ref count      : 1
.RebuildState   : listened by port : 294920, 
.Presence       : listened by port : 294920, 
.Id             : listened by port : 229382, 491534, 
.ReplaceFlag    : listened by port : 294920, 
----------------- Riser3VirtualConnector        -----------
ref count      : 1
----------------- ComPcieRiser2                 -----------
ref count      : 1
.Health         : listened by port : 294920, 
----------------- Port2-4                       -----------
ref count      : 1
.LinkStatusBMA  : listened by port : 294920, 
.ActualMac      : listened by port : 917531, 
----------------- risercard-e                   -----------
ref count      : 1
.PcbVer         : send event count: 1
.Health         : listened by port : 294920, 
.ReplaceFlag    : listened by port : 294920, 
.TypeSet        : send event count: 1
----------------- ComHdd11-2                    -----------
ref count      : 1
.Health         : listened by port : 294920, 
----------------- pcbid_accessor                -----------
ref count      : 1
----------------- Memory141                     -----------
ref count      : 1
.FDMFault       : listened by port : 294920, 
.ReplaceFlag    : listened by port : 294920, 
----------------- ComCpu1                       -----------
ref count      : 1
.Health         : listened by port : 294920, 
----------------- ComRiserCard-8                -----------
ref count      : 1
.Health         : listened by port : 294920, 
----------------- ComPowerSupply-6              -----------
ref count      : 1
.Health         : listened by port : 294920, 
----------------- ComPcieRiser3                 -----------
ref count      : 1
.Health         : listened by port : 294920, 
----------------- ComMemory100                  -----------
ref count      : 1
.Health         : listened by port : 294920, 
----------------- PcieSlot3_94                  -----------
ref count      : 1
----------------- ComMemory170                  -----------
ref count      : 1
.Health         : listened by port : 294920, 
----------------- ComHdd2-2                     -----------
ref count      : 1
.Health         : listened by port : 294920, 
----------------- ComCpu2                       -----------
ref count      : 1
.Health         : listened by port : 294920, 
----------------- Memory020                     -----------
ref count      : 1
.FDMFault       : listened by port : 294920, 
.ReplaceFlag    : listened by port : 294920, 
----------------- risercard-8                   -----------
ref count      : 1
.PcbVer         : send event count: 1
.Health         : listened by port : 294920, 
.ReplaceFlag    : listened by port : 294920, 
.TypeSet        : send event count: 1
----------------- ComMemory171                  -----------
ref count      : 1
.Health         : listened by port : 294920, 
----------------- ComRiserCard-9                -----------
ref count      : 1
.Health         : listened by port : 294920, 
----------------- ComCPU1Memory                 -----------
ref count      : 1
.Health         : listened by port : 294920, 
----------------- Hdd8-2                        -----------
ref count      : 1
.RebuildState   : listened by port : 294920, 
.Presence       : listened by port : 294920, 
.Id             : listened by port : 229382, 491534, 
.ReplaceFlag    : listened by port : 294920, 
----------------- ComMemory101                  -----------
ref count      : 1
.Health         : listened by port : 294920, 
----------------- ComHddInner3-2                -----------
ref count      : 1
.Health         : listened by port : 294920, 
----------------- ComSASExpander0-2             -----------
ref count      : 1
.Health         : listened by port : 294920, 
----------------- fan4                          -----------
ref count      : 1
----------------- Memory021                     -----------
ref count      : 1
.FDMFault       : listened by port : 294920, 
.ReplaceFlag    : listened by port : 294920, 
----------------- ComMemory050                  -----------
ref count      : 1
.Health         : listened by port : 294920, 
----------------- risercard-9                   -----------
ref count      : 1
.PcbVer         : send event count: 1
.Health         : listened by port : 294920, 
.ReplaceFlag    : listened by port : 294920, 
.TypeSet        : send event count: 1
----------------- ComHdd4-2                     -----------
ref count      : 1
.Health         : listened by port : 294920, 
----------------- ComRaidCard                   -----------
ref count      : 1
.Health         : listened by port : 294920, 
----------------- ComCable                      -----------
ref count      : 1
.Health         : listened by port : 294920, 
----------------- RaidFaultAccessor-1           -----------
ref count      : 1
----------------- M2TrnsCardSlot2Connect-8      -----------
ref count      : 1
----------------- ExternConnector               -----------
ref count      : 1
----------------- MctpCtrl:C                    -----------
ref count      : 1
----------------- HDDBackplane:C                -----------
ref count      : 1
----------------- PMEServiceConfig:C            -----------
ref count      : 1
----------------- ComMemory051                  -----------
ref count      : 1
.Health         : listened by port : 294920, 
----------------- RaidFru-1                     -----------
ref count      : 1
----------------- hddbp_48_PcieAddr_Connector   -----------
ref count      : 1
----------------- PsElabel-5                    -----------
ref count      : 1
.MfgDateTime    : listened by port : 753686, 
.ProductAssetTag : listened by port : 294920, 
.BoardSerialNumber : listened by port : 294920, 65537, 
.ChassisSerialNumber : listened by port : 294920, 
----------------- DiskArrayDynamicConnector     -----------
ref count      : 1
----------------- RiserCard1Connect             -----------
ref count      : 1
----------------- PSeventConnector              -----------
ref count      : 1
----------------- ExcludeHddConnector           -----------
ref count      : 1
----------------- M2TrnsCardSlot2Connect-9      -----------
ref count      : 1
----------------- reset_pca9545-8               -----------
ref count      : 1
----------------- fan3                          -----------
ref count      : 1
----------------- PsElabel-6                    -----------
ref count      : 1
.MfgDateTime    : listened by port : 753686, 
.ProductAssetTag : listened by port : 294920, 
.BoardSerialNumber : listened by port : 294920, 65537, 
.ChassisSerialNumber : listened by port : 294920, 
----------------- pcbid_cpld_accessor           -----------
ref count      : 1
----------------- PCIeFPGACard-801              -----------
ref count      : 1
.LogicUnit      : send event count: 1
.RefChip        : send event count: 1
.PcbVer         : send event count: 1
.LogicVer       : send event count: 1
.McuVersion     : send event count: 2
.Power          : send event count: 802548
.SerialNumber   : send event count: 1
.Health         : send event count: 1
.Desc           : send event count: 1
.Manufacturer   : send event count: 1
.BoardId        : send event count: 1
.ShellID        : send event count: 1
.MaxDIMMTemp    : send event count: 1
.Name           : send event count: 1
.PcbId          : send event count: 1
.FirmwareVersion : send event count: 1
.FaultState     : send event count: 1
.LogicVerId     : send event count: 1
.McuSupported   : send event count: 1
.BoardName      : send event count: 1
.ScaleRatio     : send event count: 1
.DIMMNum        : send event count: 1
.PowerDouble    : send event count: 1
.ECCCountPerChip : send event count: 1
.FaultCode      : send event count: 1
.Slot           : send event count: 1
----------------- PowerSupplyAnchor-5           -----------
ref count      : 1
----------------- HDDBackplaneLogicVerAccessor  -----------
ref count      : 1
----------------- M2TrnsCardSlot2Connect-e      -----------
ref count      : 1
----------------- ComLcd                        -----------
ref count      : 1
.Health         : listened by port : 294920, 
----------------- pca9545_chan2                 -----------
ref count      : 1
----------------- PowerSupply2Connect           -----------
ref count      : 1
----------------- PcieCard-801                  -----------
ref count      : 1
.Firmware       : send event count: 1
.RefChip        : send event count: 1
.MaxFrameLen    : send event count: 1
.DeviceId       : send event count: 1
.SubVenderId    : send event count: 1
.PcieCardSlot   : send event count: 1
.PFAEvent       : send event count: 1
.FaultByBIOS    : send event count: 1
.ChipTemp       : send event count: 2
.DeviceNum      : send event count: 2
.FatalError     : send event count: 1 : listened by port : 294920, 
.FDMFault       : send event count: 1 : listened by port : 294920, 
.PcbIdReg       : send event count: 2
.EventDevice    : send event count: 1
.LinkWidthAbility : send event count: 2
.FunctionClass  : send event count: 1
.BomId          : send event count: 2
.FaultState     : send event count: 1
.PartNum        : send event count: 1
.SubDeviceId    : send event count: 1
.FunctionNum    : send event count: 2
.PcbVer         : send event count: 2
.SlaveCard      : send event count: 1
.IndentifyInIDS : send event count: 1
.DeviceStatus1  : send event count: 1
.BoardName      : send event count: 1
.BoardId        : send event count: 2
.FaultCode      : send event count: 2
.EventDirection : send event count: 1
.LinkWidth      : send event count: 2
.Type           : send event count: 1
.ReloadXml      : send event count: 1
.DecreasedBandWidth : send event count: 1
.SlaveCardArr   : send event count: 1
.Protocol       : send event count: 1
.Manufacturer   : send event count: 1
.Health         : send event count: 1 : listened by port : 294920, 
.LinkSpeed      : send event count: 1
.VenderId       : send event count: 1
.ResId          : send event count: 2
.BusNum         : send event count: 2
.PreviousSN     : send event count: 1
.SerialNumber   : send event count: 1
.Name           : send event count: 1
.RefComponent   : send event count: 1
.Presence       : send event count: 1
.LinkSpeedAbility : send event count: 1
.CardDesc       : send event count: 1
.ChipNumber     : send event count: 1
.ReplaceFlag    : send event count: 1 : listened by port : 294920, 
----------------- LM75B_TE-802                  -----------
ref count      : 1
.Value          : send event count: 87181
.SensorName     : send event count: 1
----------------- SmBios:C                      -----------
ref count      : 1
----------------- V_RaidCardConnect             -----------
ref count      : 1
----------------- ComHdd6-2                     -----------
ref count      : 1
.Health         : listened by port : 294920, 
----------------- RiserCard3Connect             -----------
ref count      : 1
----------------- PowerSupply1Connect           -----------
ref count      : 1
----------------- Memory170                     -----------
ref count      : 1
.FDMFault       : listened by port : 294920, 
.ReplaceFlag    : listened by port : 294920, 
----------------- reset_pca9545-9               -----------
ref count      : 1
----------------- Hdd11-2                       -----------
ref count      : 1
.RebuildState   : listened by port : 294920, 
.Presence       : listened by port : 294920, 
.Id             : listened by port : 229382, 491534, 
.ReplaceFlag    : listened by port : 294920, 
----------------- PCIeFPGACard-802              -----------
ref count      : 1
.LogicUnit      : send event count: 1
.RefChip        : send event count: 1
.PcbVer         : send event count: 1
.LogicVer       : send event count: 1
.McuVersion     : send event count: 2
.Power          : send event count: 813228
.SerialNumber   : send event count: 1
.Health         : send event count: 1
.Desc           : send event count: 1
.Manufacturer   : send event count: 1
.BoardId        : send event count: 1
.ShellID        : send event count: 1
.MaxDIMMTemp    : send event count: 1
.Name           : send event count: 1
.PcbId          : send event count: 1
.FirmwareVersion : send event count: 1
.FaultState     : send event count: 1
.LogicVerId     : send event count: 1
.McuSupported   : send event count: 1
.BoardName      : send event count: 1
.ScaleRatio     : send event count: 1
.DIMMNum        : send event count: 1
.PowerDouble    : send event count: 1
.ECCCountPerChip : send event count: 1
.FaultCode      : send event count: 1
.Slot           : send event count: 1
----------------- Memory100                     -----------
ref count      : 1
.FDMFault       : listened by port : 294920, 
.ReplaceFlag    : listened by port : 294920, 
----------------- LicenseConnector              -----------
ref count      : 1
----------------- FruNameConnector-902          -----------
ref count      : 1
----------------- CustomizeSensorAnchor         -----------
ref count      : 1
----------------- PcieAddrInfo:C                -----------
ref count      : 1
----------------- HddInner0-2                   -----------
ref count      : 1
.RebuildState   : listened by port : 294920, 
.Presence       : listened by port : 294920, 
.Id             : listened by port : 229382, 491534, 
.ReplaceFlag    : listened by port : 294920, 
----------------- PcieZIP1                      -----------
ref count      : 1
----------------- Memory171                     -----------
ref count      : 1
.FDMFault       : listened by port : 294920, 
.ReplaceFlag    : listened by port : 294920, 
----------------- PcieSlot2Connect-8            -----------
ref count      : 1
----------------- LM75B_TE-801                  -----------
ref count      : 1
.Value          : send event count: 90683
.SensorName     : send event count: 1
----------------- PcieCardAnchor-901            -----------
ref count      : 1
----------------- Memory101                     -----------
ref count      : 1
.FDMFault       : listened by port : 294920, 
.ReplaceFlag    : listened by port : 294920, 
----------------- ComMemory130                  -----------
ref count      : 1
.Health         : listened by port : 294920, 
----------------- HddBackCardAnchor-2           -----------
ref count      : 1
----------------- reset_i2c4_pca9545            -----------
ref count      : 1
----------------- PcieCard-802                  -----------
ref count      : 1
.Firmware       : send event count: 1
.RefChip        : send event count: 1
.MaxFrameLen    : send event count: 1
.DeviceId       : send event count: 1
.SubVenderId    : send event count: 1
.PcieCardSlot   : send event count: 1
.PFAEvent       : send event count: 1
.FaultByBIOS    : send event count: 1
.ChipTemp       : send event count: 2
.DeviceNum      : send event count: 2
.FatalError     : send event count: 1 : listened by port : 294920, 
.FDMFault       : send event count: 1 : listened by port : 294920, 
.PcbIdReg       : send event count: 2
.EventDevice    : send event count: 1
.LinkWidthAbility : send event count: 2
.FunctionClass  : send event count: 1
.BomId          : send event count: 2
.FaultState     : send event count: 1
.PartNum        : send event count: 1
.SubDeviceId    : send event count: 1
.FunctionNum    : send event count: 2
.PcbVer         : send event count: 2
.SlaveCard      : send event count: 1
.IndentifyInIDS : send event count: 1
.DeviceStatus1  : send event count: 1
.BoardName      : send event count: 1
.BoardId        : send event count: 2
.FaultCode      : send event count: 2
.EventDirection : send event count: 1
.LinkWidth      : send event count: 2
.Type           : send event count: 1
.ReloadXml      : send event count: 1
.DecreasedBandWidth : send event count: 1
.SlaveCardArr   : send event count: 1
.Protocol       : send event count: 1
.Manufacturer   : send event count: 1
.Health         : send event count: 1 : listened by port : 294920, 
.LinkSpeed      : send event count: 1
.VenderId       : send event count: 1
.ResId          : send event count: 2
.BusNum         : send event count: 2
.PreviousSN     : send event count: 1
.SerialNumber   : send event count: 1
.Name           : send event count: 1
.RefComponent   : send event count: 1
.Presence       : send event count: 1
.LinkSpeedAbility : send event count: 1
.CardDesc       : send event count: 1
.ChipNumber     : send event count: 1
.ReplaceFlag    : send event count: 1 : listened by port : 294920, 
----------------- Memory050                     -----------
ref count      : 1
.FDMFault       : listened by port : 294920, 
.ReplaceFlag    : listened by port : 294920, 
----------------- PcieZIP2                      -----------
ref count      : 1
----------------- log_0                         -----------
ref count      : 1
----------------- DrivePartitionConnector       -----------
ref count      : 1
----------------- ClockConnector                -----------
ref count      : 1
----------------- PowerDoubleExpr-801           -----------
ref count      : 1
.Value          : listened by port : 294920, 
----------------- PowerDoubleExpr-802           -----------
ref count      : 1
.Value          : listened by port : 294920, 
----------------- HddVirtualAnchor-2            -----------
ref count      : 1
----------------- ComMemory131                  -----------
ref count      : 1
.Health         : listened by port : 294920, 
----------------- DminiChip-801                 -----------
ref count      : 1
----------------- CardDescVariantExp-902        -----------
ref count      : 1
===========================has object===========================
Hi1710, pcbid_accessor, HddBackCardPcbidAccessor, RaidFaultAccessor-1, pca9545_chan3-9, RaidPcbIdAccessor-1, pcbid_cpld_accessor, reset_pca9545-9, pca9545_chan2-9, i2c_4, pca9545_chan3-8, Hi1710IBus, DminiChip-902, pca9545_chip-8, localbus1, cpld1, reset_i2c4_pca9545, DminiChip-801, i2c_5, i2c_6, i2c4_pca9545_chip, pca9545_chan2, pca9545_chip-9, HDDBackplaneLogicVerAccessor, RaidCpldChip-1, reset_pca9545-8, pca9545_chan2-8, DminiChip-901, DminiChip-802, 
=====================method info=============================
key=NetCard.SetFVerFromMCTP
input para list:
s output para list:

key=IsMemBoard.MembrdSyncSetDevStatus
input para list:
* output para list:

key=NPU.SetBDF
input para list:
s output para list:

key=NetCard.SetCardPropFromBMA
input para list:
s y output para list:

key=OCPCard.SetPcieLinkInfo
input para list:
s s output para list:

key=OCPCard.SetPFAEvent
input para list:
y output para list:

key=SecurityModule.SetManufacturerVersion
input para list:
s output para list:

key=Warning.SetPcieSlotAlarmState
input para list:
y output para list:

key=Retimer.SetNpuCdrVer
input para list:
s output para list:

key=MainBoard.CheckThirdPCIeRaidCard
input para list:
output para list:
y 
key=NetCard.RollbackNetworkBWURecord
input para list:
output para list:

key=LeakageDetectionCard.SetMagneticValveSwitch
input para list:
y output para list:

key=MctpCtrl.ChangeRouteTable
input para list:
output para list:

key=PcieCard.SetPcieErrorInfo
input para list:
y s output para list:

key=PRODUCT.SetSysResourceState
input para list:
u output para list:

key=SecurityModule.SetSpecificationType
input para list:
s output para list:

key=GPUBoard.SetPFAEvent
input para list:
y output para list:

key=RegAction.StartRegAction
input para list:
output para list:

key=PCIeSDICard.SetPcieTestReg
input para list:
y output para list:

key=PcieCard.SetPcieLinkInfo
input para list:
s s output para list:

key=IOBoard.SetIOBoardFW
input para list:
s output para list:

key=NetCard.SetLldpOverNcsiEnable
input para list:
y output para list:

key=MainBoard.RestoreFpgaCard
input para list:
y u output para list:
i 
key=NetCard.SetMCTPIdentity
input para list:
y q output para list:

key=NetCard.SetFDMFault
input para list:
y output para list:

key=OCPCard.SetPcieErrorInfo
input para list:
y s output para list:

key=Modbus.ModbusPwrOutSwitch
input para list:
y output para list:

key=Retimer.ChannelSwitch
input para list:
y output para list:

key=MainBoard.GetRestoreFpgaCardStaus
input para list:
y output para list:
y y 
key=LeakageDetectionCard.LeakageDetectionMockTest
input para list:
y output para list:
y 
key=ExtendPcieCard.GetPfInfo
input para list:
output para list:
ay 
key=SecurityModule.SetManufacturerName
input para list:
s output para list:

key=PcieCard.SetPcieCardDesc
input para list:
s output para list:

key=NetCard.SetPFAEvent
input para list:
y output para list:

key=IsMemBoard.MembrdMigrationRefresh
input para list:
y output para list:

key=Retimer.SetNpuCdrTemp
input para list:
q output para list:

key=MezzCard.SetPcieLinkInfo
input para list:
s s output para list:

key=CpuBoard.RasEvent
input para list:
y y output para list:

key=Raid.SetFDMFault
input para list:
y output para list:

key=NetCard.SetChipTemp
input para list:
q output para list:

key=OCPCard.SetPcieLinkAbility
input para list:
s s output para list:

key=MezzCard.SetPcieTemp
input para list:
q output para list:

key=SecurityModule.SetSpecificationVersion
input para list:
s output para list:

key=PCIeSDICard.GetOsSetIpStatus
input para list:
output para list:
y u q 
key=MainBoard.SetPchModel
input para list:
s output para list:

key=NetCard.SetNetCardLLDPEnable
input para list:
y output para list:

key=NPU.SetMemoryCapacity
input para list:
u output para list:

key=Raid.SetPFAEvent
input para list:
y output para list:

key=PcieCard.SetPcieLinkAbility
input para list:
s s output para list:

key=PcieCard.MCUWriteData
input para list:
q y y ay output para list:

key=Fru.InitFruInfoFromMcu
input para list:
output para list:

key=FANBoard.ReloadFanInfo
input para list:
output para list:

key=MainBoard.InitBoard
input para list:
output para list:

key=RegAction.CheckRegAction
input para list:
output para list:
y 
key=NetCard.SetNcsiPackageId
input para list:
y output para list:

key=GPUCard.SetGPUStatisticsObjFromBMA
input para list:
s s output para list:

key=NetCard.SetAgentProperty
input para list:
s * u output para list:

key=ProductComponent.update_product_component_info
input para list:
output para list:

key=PcieCard.MCUReadData
input para list:
q y y ay output para list:
ay 
key=MezzCard.SetFDMFault
input para list:
y output para list:

key=PcieCard.SetPcieTemp
input para list:
q output para list:

key=Cpu.CpuGetInfo
input para list:
i u ay ay i output para list:

key=SecurityModule.SetSelfTestResult
input para list:
y output para list:

key=Retimer.NotifyUpging
input para list:
y output para list:

key=OCPCard.SetPcieTemp
input para list:
q output para list:

key=Modbus.ModbusReadInputReg
input para list:
u q y output para list:
aq 
key=MezzCard.SetPFAEvent
input para list:
y output para list:

key=HDDBackplane.SetHddBPTemp
input para list:
y y output para list:

key=Modbus.ModbusSendCmd
input para list:
u y ay u output para list:
ay 
key=PCIeSDICard.GetFSAIpStatus
input para list:
output para list:
y u q 
key=IsMemBoard.MembrdMigrationStatus
input para list:
output para list:
s 
key=NetCard.SetPrePlug
input para list:
y output para list:

key=VirtualHDDBackplane.SetHddBPTemp
input para list:
y y output para list:

key=Retimer.SetUpgStatus
input para list:
y output para list:

key=MezzCard.SetPcieLinkAbility
input para list:
s s output para list:

key=BusinessPort.SetBDF
input para list:
s output para list:

key=MezzCard.SetPcieErrorInfo
input para list:
y s output para list:

key=MezzCard.SetMezzMacAddr
input para list:
y s output para list:

key=NetCard.ClearNetworkBWUWaveRecord
input para list:
output para list:

key=PcieCard.SetFDMFault
input para list:
y output para list:

key=OCPCard.SetFDMFault
input para list:
y output para list:

key=IsMemBoard.MembrdMigrationEnable
input para list:
y y output para list:

key=Retimer.SetUpgResult
input para list:
y output para list:

key=NetCard.UpdateNetworkBWUWave
input para list:
output para list:

key=PcieCard.SetPFAEvent
input para list:
y output para list:

key=card_manage.dlog_outype
input para list:
s output para list:

key=card_manage.connect_to_cli
input para list:
s s output para list:

key=card_manage.deconnect_to_cli
input para list:
s output para list:

key=card_manage.dlog_outlvl
input para list:
s output para list:

key=card_manage.save_dlog_cfg
input para list:
output para list:

key=card_manage.set_trace_cfg
input para list:
s output para list:

=====================listen info=============================
my ipc id=458765
key=<Bios.MenuChangeFlag, handler=0xaaaab2750408, state=0
key=<Payload.ResetFlag, handler=0xaaaab2749090, state=0
key=<Bios.BiosBootStage, handler=0xaaaab2772130, state=1
key=<SmBios.SmBiosStatus, handler=0xaaaab2772180, state=1
key=<RegAction.Condition, handler=0xaaaab2759fb8, state=0
key=<Bios.PcieCardBDF, handler=0xaaaab2776288, state=1
key=<Bios.PcieDiskBDF, handler=0xaaaab2776288, state=1
key=<Payload.SysResetFlag, handler=0xaaaab2749090, state=1
key=<DataNotifyBios.PcieDiskBDF, handler=0xaaaab2776288, state=0
key=<Hotswap.CurrentHotswapState, handler=0xaaaab2749020, state=1
key=<Bios.OCPCardBDF, handler=0xaaaab2776288, state=0
key=<Payload.ChassisPowerState, handler=0xaaaab2749090, state=1
key=<DataNotifyBios.PcieCardBDF, handler=0xaaaab2776288, state=0
key=<NetCard.HotplugCtrlStatus, handler=0xaaaab276da48, state=0
key=<NodePCIeInfoSummary.PCIeInfoArray, handler=0xaaaab2775838, state=0
=====================route info=============================
.key=VariantExpression, rpc_port=50023, msg_que_id=753686
.key=CafeDev, rpc_port=50007, msg_que_id=229382
.key=IPMIMessageFilter, rpc_port=50025, msg_que_id=819224
.key=PRODUCT, rpc_port=50023, msg_que_id=753686
.key=BOARD, rpc_port=50023, msg_que_id=753686
.key=GPUBoard, rpc_port=50014, msg_que_id=458765
.key=VirOpticalModule, rpc_port=50028, msg_que_id=917531
.key=IpmbAddr, rpc_port=50025, msg_que_id=819224
.key=CoolingCondition, rpc_port=50021, msg_que_id=688148
.key=SysPower, rpc_port=50024, msg_que_id=786455
.key=CpuBoard, rpc_port=50014, msg_que_id=458765
.key=PcieHddRemoveMonitor, rpc_port=50016, msg_que_id=524303
.key=VRDAction, rpc_port=50008, msg_que_id=262151
.key=EnergySaving, rpc_port=50017, msg_que_id=557072
.key=PIPE, rpc_port=50015, msg_que_id=491534
.key=PasswdSetting, rpc_port=50026, msg_que_id=851993
.key=FdmWebConfig, rpc_port=50015, msg_que_id=491534
.key=SpecialPcieCard, rpc_port=50028, msg_que_id=917531
.key=RedfishEventService, rpc_port=50020, msg_que_id=655379
.key=LicenseManage, rpc_port=50002, msg_que_id=65537
.key=AccelerateCard, rpc_port=50014, msg_que_id=458765
.key=PCIeSDICard, rpc_port=50014, msg_que_id=458765
.key=PcieRetimer, rpc_port=50001, msg_que_id=32768
.key=PTASPolicy, rpc_port=50021, msg_que_id=688148
.key=EventMonitor, rpc_port=50009, msg_que_id=294920
.key=VirtualWire, rpc_port=50023, msg_que_id=753686
.key=SmtpConfig, rpc_port=50009, msg_que_id=294920
.key=PowerMgnt, rpc_port=50024, msg_que_id=786455
.key=HwMBAddrAllocMgmt, rpc_port=50014, msg_que_id=458765
.key=MeInfo, rpc_port=50017, msg_que_id=557072
.key=MutualAuthenticationCliCert, rpc_port=50023, msg_que_id=753686
.key=FANBoard, rpc_port=50014, msg_que_id=458765
.key=SystemManagerInfo, rpc_port=50023, msg_que_id=753686
.key=SensorShortTermSpecMonitor, rpc_port=50009, msg_que_id=294920
.key=SASCable, rpc_port=50016, msg_que_id=524303
.key=DevTest, rpc_port=50009, msg_que_id=294920
.key=NandInfo, rpc_port=50023, msg_que_id=753686
.key=EventDescpCfgToHmm, rpc_port=50009, msg_que_id=294920
.key=UserRole, rpc_port=50026, msg_que_id=851993
.key=SilkTemplate, rpc_port=50017, msg_que_id=557072
.key=Retimer, rpc_port=50014, msg_que_id=458765
.key=SyslogConfig, rpc_port=50009, msg_que_id=294920
.key=ProxyVideo, rpc_port=50018, msg_que_id=589841
.key=SmmFanFirmware, rpc_port=50008, msg_que_id=262151
.key=SSDPCtrlPtConfig, rpc_port=50019, msg_que_id=622610
.key=ResidentNetConfig, rpc_port=50028, msg_que_id=917531
.key=KvmLink, rpc_port=50004, msg_que_id=131075
.key=MasterSMM, rpc_port=50023, msg_que_id=753686
.key=ComputerSystem, rpc_port=50010, msg_que_id=327689
.key=LocalPcieCard, rpc_port=50014, msg_que_id=458765
.key=VPD, rpc_port=50016, msg_que_id=524303
.key=ComponentInfo, rpc_port=50017, msg_que_id=557072
.key=LSWConfig, rpc_port=50028, msg_que_id=917531
.key=AlertFilter, rpc_port=50009, msg_que_id=294920
.key=ModbusAddrAllocMgmt, rpc_port=50014, msg_que_id=458765
.key=Cooling, rpc_port=50021, msg_que_id=688148
.key=FANClass, rpc_port=50021, msg_que_id=688148
.key=HDDBackplane, rpc_port=50014, msg_que_id=458765
.key=ChipFirmwareMgnt, rpc_port=50008, msg_que_id=262151
.key=DftItem, rpc_port=50011, msg_que_id=360458
.key=Stateless, rpc_port=50028, msg_que_id=917531
.key=PcieAddrInfo, rpc_port=50015, msg_que_id=491534
.key=DftAction, rpc_port=50011, msg_que_id=360458
.key=ConditionTask, rpc_port=50009, msg_que_id=294920
.key=ExpBoard, rpc_port=50014, msg_que_id=458765
.key=OpaMezzInfo, rpc_port=50014, msg_que_id=458765
.key=SyslogItemCfg, rpc_port=50009, msg_que_id=294920
.key=ThresholdAssert, rpc_port=50009, msg_que_id=294920
.key=SolLink, rpc_port=50025, msg_que_id=819224
.key=MainBoard, rpc_port=50014, msg_que_id=458765
.key=IOBoard, rpc_port=50014, msg_que_id=458765
.key=_Snmp, rpc_port=50018, msg_que_id=589841
.key=SecurityModule, rpc_port=50014, msg_que_id=458765
.key=LLDPConfig, rpc_port=50028, msg_que_id=917531
.key=BBUModule, rpc_port=50024, msg_que_id=786455
.key=LeakageDetectionCard, rpc_port=50014, msg_que_id=458765
.key=SmtpItemCfg, rpc_port=50009, msg_que_id=294920
.key=DataAcquisitionMetric, rpc_port=50015, msg_que_id=491534
.key=RaidController, rpc_port=50016, msg_que_id=524303
.key=PMEServiceConfig, rpc_port=50023, msg_que_id=753686
.key=Memory, rpc_port=50017, msg_que_id=557072
.key=LicenseFeatureKey, rpc_port=50002, msg_que_id=65537
.key=VoltMonitor, rpc_port=50009, msg_que_id=294920
.key=PSUGroup, rpc_port=50024, msg_que_id=786455
.key=OemSdr, rpc_port=50009, msg_que_id=294920
.key=NPU, rpc_port=50017, msg_que_id=557072
.key=DiskSubArray, rpc_port=50016, msg_que_id=524303
.key=CollectPropertyDefinition, rpc_port=50023, msg_que_id=753686
.key=_card_manage, rpc_port=50014, msg_que_id=458765
.key=Action, rpc_port=50008, msg_que_id=262151
.key=OnePower, rpc_port=50024, msg_que_id=786455
.key=Kvm, rpc_port=50004, msg_que_id=131075
.key=DiscreteSensor, rpc_port=50009, msg_que_id=294920
.key=ThresholdSensorMonitor, rpc_port=50009, msg_que_id=294920
.key=CertMonitor, rpc_port=50023, msg_que_id=753686
.key=Pex8796, rpc_port=50001, msg_que_id=32768
.key=LicenseSaleInfo, rpc_port=50002, msg_que_id=65537
.key=PortMapping, rpc_port=50028, msg_que_id=917531
.key=RawEepromFruDev, rpc_port=50007, msg_que_id=229382
.key=_kvm_vmm, rpc_port=50004, msg_que_id=131075
.key=EnergySavingCfgItem, rpc_port=50017, msg_que_id=557072
.key=CpuStatistic, rpc_port=50017, msg_que_id=557072
.key=CompositionSetting, rpc_port=50001, msg_que_id=32768
.key=PsSleep, rpc_port=50024, msg_que_id=786455
.key=SysBattery, rpc_port=50024, msg_que_id=786455
.key=Pex9765, rpc_port=50001, msg_que_id=32768
.key=PermitRule, rpc_port=50026, msg_que_id=851993
.key=BMC, rpc_port=50023, msg_que_id=753686
.key=Snmp, rpc_port=50018, msg_que_id=589841
.key=VoltTest, rpc_port=50009, msg_que_id=294920
.key=LedPanel, rpc_port=50009, msg_que_id=294920
.key=EthFunction, rpc_port=50028, msg_que_id=917531
.key=_PowerMgnt, rpc_port=50024, msg_que_id=786455
.key=PowerCapping, rpc_port=50024, msg_que_id=786455
.key=RegAction, rpc_port=50014, msg_que_id=458765
.key=_ddns, rpc_port=50005, msg_que_id=163844
.key=M2TransformCard, rpc_port=50014, msg_que_id=458765
.key=SmBios, rpc_port=50013, msg_que_id=425996
.key=SensorOemConfig, rpc_port=50009, msg_que_id=294920
.key=Bios, rpc_port=50013, msg_que_id=425996
.key=McdlSdr, rpc_port=50009, msg_que_id=294920
.key=PMBusTempMonitor, rpc_port=50009, msg_que_id=294920
.key=DiskSlotInfo, rpc_port=50014, msg_que_id=458765
.key=LDAP, rpc_port=50023, msg_que_id=753686
.key=PassThroughCard, rpc_port=50014, msg_que_id=458765
.key=ReserveChanTest, rpc_port=50011, msg_que_id=360458
.key=RedfishEvtSubscription, rpc_port=50020, msg_que_id=655379
.key=Watchdog2, rpc_port=50022, msg_que_id=720917
.key=LedDispElmt_S, rpc_port=50009, msg_que_id=294920
.key=TransferFileInfo, rpc_port=50023, msg_que_id=753686
.key=PsuSlot, rpc_port=50024, msg_que_id=786455
.key=FruPayload, rpc_port=50022, msg_que_id=720917
.key=VMDCondition, rpc_port=50023, msg_que_id=753686
.key=_User, rpc_port=50026, msg_que_id=851993
.key=BoardInfoCollectCfg, rpc_port=50023, msg_que_id=753686
.key=Policy1Class, rpc_port=50021, msg_que_id=688148
.key=NetCard, rpc_port=50014, msg_que_id=458765
.key=Sel, rpc_port=50009, msg_que_id=294920
.key=ProductComponent, rpc_port=50023, msg_que_id=753686
.key=SLIMCableConfig, rpc_port=50016, msg_que_id=524303
.key=CfgMgnt, rpc_port=50003, msg_que_id=98306
.key=RiserPcieCard, rpc_port=50014, msg_que_id=458765
.key=OpticalModule, rpc_port=50028, msg_que_id=917531
.key=NPUHistoryECCInfo, rpc_port=50017, msg_que_id=557072
.key=RepeaterMgnt, rpc_port=50014, msg_que_id=458765
.key=ChipValueChecker, rpc_port=50009, msg_que_id=294920
.key=_net_nat, rpc_port=50029, msg_que_id=950300
.key=IPMIChannel, rpc_port=50025, msg_que_id=819224
.key=OscaPcieCard, rpc_port=50014, msg_que_id=458765
.key=LedDispElmt_RP, rpc_port=50009, msg_que_id=294920
.key=EventPolicy, rpc_port=50009, msg_que_id=294920
.key=iBMAUSBMassStorage, rpc_port=50004, msg_que_id=131075
.key=NvGPUAction, rpc_port=50014, msg_que_id=458765
.key=DiskArray, rpc_port=50016, msg_que_id=524303
.key=OscaPort, rpc_port=50013, msg_que_id=425996
.key=RmcpConfig, rpc_port=50025, msg_que_id=819224
.key=SASPHYStatus, rpc_port=50016, msg_que_id=524303
.key=SMMPCIeInfo, rpc_port=50014, msg_que_id=458765
.key=OCPCard, rpc_port=50014, msg_que_id=458765
.key=VirtualHDDBackplane, rpc_port=50014, msg_que_id=458765
.key=ProxyVmm, rpc_port=50018, msg_que_id=589841
.key=VmseChannel, rpc_port=50017, msg_que_id=557072
.key=HinicFirmware, rpc_port=50008, msg_que_id=262151
.key=MatchRegValue, rpc_port=50001, msg_que_id=32768
.key=Warning, rpc_port=50009, msg_que_id=294920
.key=Contact, rpc_port=50023, msg_que_id=753686
.key=Session, rpc_port=50026, msg_que_id=851993
.key=ExtendPcieCard, rpc_port=50014, msg_que_id=458765
.key=MaxValueMonitor, rpc_port=50009, msg_que_id=294920
.key=BusinessPort, rpc_port=50028, msg_que_id=917531
.key=CLASSFANTYPE, rpc_port=50021, msg_que_id=688148
.key=ButtonTest, rpc_port=50011, msg_que_id=360458
.key=SdrDev, rpc_port=50009, msg_que_id=294920
.key=SSDPConfig, rpc_port=50019, msg_que_id=622610
.key=BoardPower, rpc_port=50024, msg_que_id=786455
.key=PCIeSSDCard, rpc_port=50014, msg_que_id=458765
.key=USBMassStorage, rpc_port=50004, msg_que_id=131075
.key=MassStorage, rpc_port=50016, msg_que_id=524303
.key=TrapConfig, rpc_port=50009, msg_que_id=294920
.key=BIOSEvent, rpc_port=50009, msg_que_id=294920
.key=Led, rpc_port=50009, msg_que_id=294920
.key=PortConfig, rpc_port=50028, msg_que_id=917531
.key=PCIeDisk, rpc_port=50016, msg_que_id=524303
.key=PTAS, rpc_port=50021, msg_que_id=688148
.key=CompositionZone, rpc_port=50001, msg_que_id=32768
.key=MctpCtrl, rpc_port=50012, msg_que_id=393227
.key=SignalMonitor, rpc_port=50009, msg_que_id=294920
.key=MutualAuthentication, rpc_port=50023, msg_que_id=753686
.key=Card, rpc_port=50014, msg_que_id=458765
.key=RaidChip, rpc_port=50016, msg_que_id=524303
.key=Eth, rpc_port=50028, msg_que_id=917531
.key=LogicalDriveAlertInfo, rpc_port=50016, msg_que_id=524303
.key=Video, rpc_port=50004, msg_que_id=131075
.key=LedDispControl, rpc_port=50009, msg_que_id=294920
.key=Dump, rpc_port=50027, msg_que_id=884762
.key=FruStatics, rpc_port=50007, msg_que_id=229382
.key=_BIOS, rpc_port=50013, msg_que_id=425996
.key=ScriptEngine, rpc_port=50027, msg_que_id=884762
.key=PcieRootPortMap, rpc_port=50007, msg_que_id=229382
.key=FruDev, rpc_port=50007, msg_que_id=229382
.key=FPGAMemory, rpc_port=50017, msg_que_id=557072
.key=EventSeverityChange, rpc_port=50009, msg_que_id=294920
.key=_dfm, rpc_port=50000, msg_que_id=0
.key=TrapItemCfg, rpc_port=50009, msg_que_id=294920
.key=LedTest, rpc_port=50009, msg_que_id=294920
.key=DataCondition, rpc_port=50017, msg_que_id=557072
.key=StorageDiagnose, rpc_port=50016, msg_que_id=524303
.key=PcieCard, rpc_port=50014, msg_que_id=458765
.key=PowerAlert, rpc_port=50024, msg_que_id=786455
.key=PowerSignalMonitor, rpc_port=50009, msg_que_id=294920
.key=ComponentFirmware, rpc_port=50008, msg_que_id=262151
.key=NpuAbility, rpc_port=50017, msg_que_id=557072
.key=_Dft, rpc_port=50011, msg_que_id=360458
.key=MgmtChipEnvConfig, rpc_port=50023, msg_que_id=753686
.key=BMCCoreManagement, rpc_port=50023, msg_que_id=753686
.key=SeriaManagement, rpc_port=50025, msg_que_id=819224
.key=OcpCardControl, rpc_port=50014, msg_que_id=458765
.key=FirmwareLimit, rpc_port=50011, msg_que_id=360458
.key=User, rpc_port=50026, msg_que_id=851993
.key=Upgrade, rpc_port=50008, msg_que_id=262151
.key=_sensor_alarm, rpc_port=50009, msg_que_id=294920
.key=PrivilegeAgent, rpc_port=50018, msg_que_id=589841
.key=Eeprom, rpc_port=50008, msg_que_id=262151
.key=Condition, rpc_port=50021, msg_que_id=688148
.key=TempMonitor, rpc_port=50009, msg_que_id=294920
.key=_CpuMem, rpc_port=50017, msg_que_id=557072
.key=SMM, rpc_port=50023, msg_que_id=753686
.key=LDAPCommon, rpc_port=50023, msg_que_id=753686
.key=SensorCategory, rpc_port=50009, msg_que_id=294920
.key=NandFlash, rpc_port=50023, msg_que_id=753686
.key=Raid, rpc_port=50014, msg_que_id=458765
.key=TransferFile, rpc_port=50023, msg_que_id=753686
.key=DftCtrl, rpc_port=50011, msg_que_id=360458
.key=Entity, rpc_port=50009, msg_que_id=294920
.key=UidButton, rpc_port=50009, msg_que_id=294920
.key=Hdd, rpc_port=50016, msg_que_id=524303
.key=InterfaceTest, rpc_port=50011, msg_que_id=360458
.key=CardAction, rpc_port=50014, msg_que_id=458765
.key=EncryptKey, rpc_port=50026, msg_que_id=851993
.key=_diagnose, rpc_port=50015, msg_que_id=491534
.key=Language, rpc_port=50009, msg_que_id=294920
.key=Hotswap, rpc_port=50022, msg_que_id=720917
.key=ManualControlLed, rpc_port=50009, msg_que_id=294920
.key=_agentless, rpc_port=50010, msg_que_id=327689
.key=AlertString, rpc_port=50009, msg_que_id=294920
.key=LocalHostAgentPort, rpc_port=50029, msg_que_id=950300
.key=DftLSWConfig, rpc_port=50028, msg_que_id=917531
.key=DataAcquisitionTagDefinition, rpc_port=50015, msg_que_id=491534
.key=MezzCard, rpc_port=50014, msg_que_id=458765
.key=MemoryChannel, rpc_port=50017, msg_que_id=557072
.key=_Payload, rpc_port=50022, msg_que_id=720917
.key=AssetLocateBoard, rpc_port=50014, msg_que_id=458765
.key=RegMonitor, rpc_port=50009, msg_que_id=294920
.key=_MaintDebug, rpc_port=50027, msg_que_id=884762
.key=SysFWProgressStatus, rpc_port=50017, msg_que_id=557072
.key=_StorageMgnt, rpc_port=50016, msg_que_id=524303
.key=ConditionGroup, rpc_port=50021, msg_que_id=688148
.key=OSDrivePartition, rpc_port=50010, msg_que_id=327689
.key=_BMC, rpc_port=50023, msg_que_id=753686
.key=Log, rpc_port=50027, msg_que_id=884762
.key=_portal, rpc_port=50006, msg_que_id=196613
.key=Payload, rpc_port=50022, msg_que_id=720917
.key=_FileManage, rpc_port=50003, msg_que_id=98306
.key=PCIeFPGACard, rpc_port=50014, msg_que_id=458765
.key=LicenseKeyInfo, rpc_port=50002, msg_que_id=65537
.key=EthRename, rpc_port=50028, msg_que_id=917531
.key=StorageCfgCustomize, rpc_port=50016, msg_que_id=524303
.key=PcieSwitch, rpc_port=50001, msg_que_id=32768
.key=FdmConfig, rpc_port=50015, msg_que_id=491534
.key=MSPP, rpc_port=50024, msg_que_id=786455
.key=Firmware, rpc_port=50008, msg_que_id=262151
.key=DataAcquisitionService, rpc_port=50015, msg_que_id=491534
.key=VNC, rpc_port=50004, msg_que_id=131075
.key=ExtendSASCable, rpc_port=50016, msg_que_id=524303
.key=I2CTest, rpc_port=50011, msg_que_id=360458
.key=DiscreteEvent, rpc_port=50009, msg_que_id=294920
.key=FanGroup, rpc_port=50021, msg_que_id=688148
.key=LicenseSaleItem, rpc_port=50002, msg_que_id=65537
.key=DeaSdr, rpc_port=50009, msg_que_id=294920
.key=Vmm, rpc_port=50004, msg_que_id=131075
.key=SSLEncryptKey, rpc_port=50026, msg_que_id=851993
.key=ChipConfigMgnt, rpc_port=50008, msg_que_id=262151
.key=Ipmb, rpc_port=50025, msg_que_id=819224
.key=TreeNode, rpc_port=50015, msg_que_id=491534
.key=ProcessorFamily, rpc_port=50015, msg_que_id=491534
.key=SMS, rpc_port=50010, msg_que_id=327689
.key=PcieSwitchAction, rpc_port=50001, msg_que_id=32768
.key=EventInformation, rpc_port=50009, msg_que_id=294920
.key=FibreChannel, rpc_port=50028, msg_que_id=917531
.key=LDAPGroup, rpc_port=50023, msg_que_id=753686
.key=AgeTest, rpc_port=50011, msg_que_id=360458
.key=ThresholdSensor, rpc_port=50009, msg_que_id=294920
.key=EthGroup, rpc_port=50028, msg_que_id=917531
.key=BladeCpuThermal, rpc_port=50021, msg_que_id=688148
.key=PCIeTransformCard, rpc_port=50014, msg_que_id=458765
.key=CompositionEndpoint, rpc_port=50001, msg_que_id=32768
.key=PswCpld, rpc_port=50001, msg_que_id=32768
.key=ConditionAction, rpc_port=50009, msg_que_id=294920
.key=EnvRecord, rpc_port=50009, msg_que_id=294920
.key=_PcieSwitch, rpc_port=50001, msg_que_id=32768
.key=BoardRTC, rpc_port=50023, msg_que_id=753686
.key=BladeCoolingPolicy, rpc_port=50021, msg_que_id=688148
.key=LedDispElmt, rpc_port=50009, msg_que_id=294920
.key=_cooling_app, rpc_port=50021, msg_que_id=688148
.key=GPUCard, rpc_port=50014, msg_que_id=458765
.key=StringFormator, rpc_port=50009, msg_que_id=294920
.key=EventConfiguration, rpc_port=50009, msg_que_id=294920
.key=Chassis, rpc_port=50023, msg_que_id=753686
.key=ComponentPowerCtrl, rpc_port=50014, msg_que_id=458765
.key=_MCTP, rpc_port=50012, msg_que_id=393227
.key=Redfish, rpc_port=50020, msg_que_id=655379
.key=EndpointIdentifier, rpc_port=50001, msg_que_id=32768
.key=Pex8725, rpc_port=50001, msg_que_id=32768
.key=_LicenseMgnt, rpc_port=50002, msg_que_id=65537
.key=BoardTypeDefinition, rpc_port=50023, msg_que_id=753686
.key=KRBCommon, rpc_port=50023, msg_que_id=753686
.key=_UPGRADE, rpc_port=50008, msg_que_id=262151
.key=SOLManagement, rpc_port=50025, msg_que_id=819224
.key=ChipVrdParameterConfig, rpc_port=50008, msg_que_id=262151
.key=LSWChipMgnt, rpc_port=50028, msg_que_id=917531
.key=ExPortConfig, rpc_port=50028, msg_que_id=917531
.key=BBU, rpc_port=50016, msg_que_id=524303
.key=VncLink, rpc_port=50004, msg_que_id=131075
.key=HDDLocationStatus, rpc_port=50016, msg_que_id=524303
.key=EthFunctionDefine, rpc_port=50028, msg_que_id=917531
.key=DNSSetting, rpc_port=50005, msg_que_id=163844
.key=SSL, rpc_port=50023, msg_que_id=753686
.key=RemoteHttpsServerRootCert, rpc_port=50023, msg_que_id=753686
.key=DftVersion, rpc_port=50011, msg_que_id=360458
.key=PeripheralDeviceSensor, rpc_port=50014, msg_que_id=458765
.key=SASExpander, rpc_port=50016, msg_que_id=524303
.key=MemoryBoard, rpc_port=50014, msg_que_id=458765
.key=Cpu, rpc_port=50017, msg_que_id=557072
.key=RegConfig, rpc_port=50014, msg_que_id=458765
.key=_FruData, rpc_port=50007, msg_que_id=229382
.key=Gpio, rpc_port=50009, msg_que_id=294920
.key=LicenseAlarmInfo, rpc_port=50002, msg_que_id=65537
.key=LDAPCert, rpc_port=50023, msg_que_id=753686
.key=ChipValueReader, rpc_port=50009, msg_que_id=294920
.key=VRDUpgradeMgnt, rpc_port=50008, msg_que_id=262151
.key=LedCtrl, rpc_port=50009, msg_que_id=294920
.key=PefFilter, rpc_port=50009, msg_que_id=294920
.key=_redfish, rpc_port=50020, msg_que_id=655379
.key=AdditionalFan, rpc_port=50021, msg_que_id=688148
.key=SelFilter, rpc_port=50009, msg_que_id=294920
.key=CPLDSelftest, rpc_port=50011, msg_que_id=360458
.key=SMMportswitch, rpc_port=50028, msg_que_id=917531
.key=PcieRetimerAction, rpc_port=50001, msg_que_id=32768
.key=OAM, rpc_port=50028, msg_que_id=917531
.key=ModbusSlave, rpc_port=50014, msg_que_id=458765
.key=PowerOnCriteria, rpc_port=50022, msg_que_id=720917
.key=CpuPowTempMap, rpc_port=50021, msg_que_id=688148
.key=Diagnose, rpc_port=50015, msg_que_id=491534
.key=Fru, rpc_port=50007, msg_que_id=229382
.key=MMPortOtmInfo, rpc_port=50028, msg_que_id=917531
.key=LogicalDrive, rpc_port=50016, msg_que_id=524303
.key=I2cLed, rpc_port=50009, msg_que_id=294920
.key=_discovery, rpc_port=50019, msg_que_id=622610
.key=EventDescp, rpc_port=50009, msg_que_id=294920
.key=_ipmi_app, rpc_port=50025, msg_que_id=819224
.key=Composition, rpc_port=50001, msg_que_id=32768
.key=Component, rpc_port=50007, msg_que_id=229382
.key=BusinessPortVLAN, rpc_port=50028, msg_que_id=917531
.key=MutualAuthenticationRootCert, rpc_port=50023, msg_que_id=753686
.key=Elabel, rpc_port=50007, msg_que_id=229382
.key=SecurityEnhance, rpc_port=50026, msg_que_id=851993
.key=VRDUpgradeMgntAssist, rpc_port=50008, msg_que_id=262151
.key=InsertStatusLedCtrl, rpc_port=50009, msg_que_id=294920
.key=ResidentStorageMgnt, rpc_port=50016, msg_que_id=524303
.key=_NetConfig, rpc_port=50028, msg_que_id=917531
.key=LicenseGeneralInfo, rpc_port=50002, msg_que_id=65537
.key=DftStatus, rpc_port=50011, msg_que_id=360458
.key=NTP, rpc_port=50023, msg_que_id=753686
.key=Com, rpc_port=50025, msg_que_id=819224
.key=NoDevTest, rpc_port=50009, msg_que_id=294920
.key=MngtPortCap, rpc_port=50028, msg_que_id=917531
.key=USBPortSwitch, rpc_port=50023, msg_que_id=753686
.key=IpmbEth, rpc_port=50025, msg_que_id=819224
.key=SLIMCable, rpc_port=50016, msg_que_id=524303
.key=Modbus, rpc_port=50014, msg_que_id=458765
.key=IsMemBoard, rpc_port=50014, msg_que_id=458765
.key=ExternalRefInfo, rpc_port=50015, msg_que_id=491534
.key=AccessorUpdateAction, rpc_port=50008, msg_que_id=262151
.key=ProxyKvm, rpc_port=50018, msg_que_id=589841
.key=ChipUpgradeByI2C, rpc_port=50008, msg_que_id=262151
=====================other info=============================
ipmi app rpc port=50025
dft app rpc port=50011
my rpc port=50014
my ipc id=458765
sync sem4 id=32768
module id=15
=============================client end==========================
=====================class info============================
--------------------- ExtendPcieCard      -----------------
--------------------- PCIeSSDCard         -----------------
--------------------- Firmware            -----------------
--------------------- AssetLocateBoard    -----------------
--------------------- Bios                -----------------
listened       : SystemStartupState: 491534, 917531, 
               : PcieCardBDF: 458765, 
               : PcieDiskBDF: 458765, 
               : OCPCardBDF: 458765, 
               : MenuChangeFlag: 458765, 
               : BiosBootStage: 458765, 
               : BiosPwdMasterKeyId: 851993, 
               : StartOption: 131075, 
--------------------- MeInfo              -----------------
listened       : CpuTjmax: 688148, 
--------------------- BMC                 -----------------
listened       : HostName: 589841, 163844, 917531, 294920, 
               : CustomManufacturer: 655379, 
--------------------- Memory              -----------------
listened       : ReplaceFlag: 294920, 
               : FDMFault: 294920, 
--------------------- RepeaterMgnt        -----------------
--------------------- InnerBus            -----------------
--------------------- BusinessPort        -----------------
listened       : ActualMac: 917531, 
               : LinkStatusBMA: 294920, 
--------------------- OnePower            -----------------
listened       : PsType: 786455, 
               : Health: 294920, 
               : VinStatus: 294920, 
               : ReplaceFlag: 294920, 
--------------------- Pca9555             -----------------
--------------------- Retimer             -----------------
--------------------- Expression          -----------------
listened       : Value: 294920, 
--------------------- RiserPcieCard       -----------------
listened       : Health: 294920, 
               : ReplaceFlag: 294920, 
--------------------- Elabel              -----------------
listened       : BoardSerialNumber: 65537, 294920, 
               : MfgDateTime: 753686, 
               : ProductAssetTag: 294920, 
               : ChassisSerialNumber: 294920, 
--------------------- DiskSlotInfo        -----------------
--------------------- PeripheralDeviceSensor-----------------
--------------------- CardAction          -----------------
--------------------- VariantExpression   -----------------
--------------------- FruPayload          -----------------
--------------------- PRODUCT             -----------------
listened       : SessionTokenLength: 327689, 
--------------------- Card                -----------------
listened       : Health: 294920, 
--------------------- PcieCard            -----------------
listened       : Health: 294920, 
               : FatalError: 294920, 
               : FDMFault: 294920, 
               : ReplaceFlag: 294920, 
--------------------- Payload             -----------------
listened       : SysResetFlag: 32768, 491534, 262151, 425996, 557072, 458765, 786455, 294920, 327689, 524303, 131075, 
               : ChassisPowerState: 491534, 262151, 425996, 557072, 458765, 786455, 720917, 294920, 327689, 524303, 131075, 
               : ResetFlag: 491534, 425996, 557072, 458765, 786455, 327689, 524303, 294920, 
               : RestartValue: 425996, 294920, 
               : AcpiStatus: 720917, 
               : BoardStableStatus: 819224, 
               : AcpiValue: 294920, 
               : PwrOkSigDrop: 294920, 
               : PwrButtonFlag: 294920, 
               : PowerGd: 688148, 
--------------------- Accessor            -----------------
--------------------- Pca9545             -----------------
--------------------- Fru                 -----------------
--------------------- Raid                -----------------
listened       : Health: 294920, 
               : ReplaceFlag: 294920, 
--------------------- PMEServiceConfig    -----------------
listened       : BoardInfoCollectEnable: 753686, 
--------------------- OCPCard             -----------------
--------------------- ModbusAddrAllocMgmt -----------------
--------------------- RegAction           -----------------
listened       : Condition: 458765, 
--------------------- PCIeSDICard         -----------------
--------------------- CpuBoard            -----------------
--------------------- Bus                 -----------------
--------------------- FANClass            -----------------
--------------------- Component           -----------------
listened       : Health: 294920, 
--------------------- PcieAddrInfo        -----------------
--------------------- Log                 -----------------
--------------------- Hdd                 -----------------
listened       : Id: 491534, 229382, 
               : ReplaceFlag: 294920, 
               : Presence: 294920, 
               : RebuildState: 294920, 
--------------------- GPUCard             -----------------
--------------------- IsMemBoard          -----------------
--------------------- NetCard             -----------------
listened       : HotplugCtrlStatus: 458765, 
               : Health: 294920, 
               : Eid: 917531, 
               : PrePlug: 917531, 
               : FDMFault: 294920, 
               : ReplaceFlag: 294920, 
--------------------- OpaMezzInfo         -----------------
--------------------- ExpBoard            -----------------
--------------------- LeakageDetectionCard-----------------
--------------------- ProductComponent    -----------------
--------------------- Hotswap             -----------------
listened       : CurrentHotswapState: 458765, 917531, 
               : MixHotswapState: 786455, 294920, 
--------------------- NvGPUAction         -----------------
--------------------- ModbusSlave         -----------------
--------------------- Cpu                 -----------------
listened       : IErr: 491534, 131075, 
               : McErr: 491534, 131075, 
               : Error2: 491534, 
               : MirrorFailChMask: 491534, 
               : Version: 688148, 
               : FDMFault: 294920, 
--------------------- HDDBackplane        -----------------
listened       : ReplaceFlag: 294920, 
--------------------- HwMBAddrAllocMgmt   -----------------
--------------------- FANBoard            -----------------
--------------------- Connector           -----------------
--------------------- SMMPCIeInfo         -----------------
--------------------- Warning             -----------------
listened       : HealthStatus: 294920, 
--------------------- Modbus              -----------------
--------------------- SmBios              -----------------
listened       : SmBiosStatus: 491534, 393227, 262151, 458765, 131075, 
               : FileChange: 557072, 
--------------------- IOBoard             -----------------
--------------------- I2c                 -----------------
--------------------- PCIeTransformCard   -----------------
--------------------- PCIeFPGACard        -----------------
--------------------- Chip                -----------------
--------------------- MemoryBoard         -----------------
--------------------- Wave                -----------------
--------------------- Anchor              -----------------
--------------------- SecurityModule      -----------------
--------------------- VirtualHDDBackplane -----------------
--------------------- M2TransformCard     -----------------
--------------------- OscaPcieCard        -----------------
--------------------- LocalPcieCard       -----------------
--------------------- AccelerateCard      -----------------
--------------------- OcpCardControl      -----------------
--------------------- NPU                 -----------------
listened       : IErr: 491534, 
               : IMUState: 491534, 
--------------------- LocalBusMix         -----------------
--------------------- ComponentPowerCtrl  -----------------
--------------------- RegConfig           -----------------
--------------------- MainBoard           -----------------
listened       : Health: 294920, 
--------------------- MezzCard            -----------------
listened       : Health: 294920, 
--------------------- GPUBoard            -----------------
--------------------- MctpCtrl            -----------------
--------------------- PassThroughCard     -----------------
=====================fwrite info============================
fm sync fwrite cnt: 0
log fwrite cnt: 0
fm setcontent fwrite cnt: 0
